lead_s,aesindy_skill,persistence_skill,n_forecasts
0.0,0.39455817625520495,1.0,234
0.004,0.37104968661831506,0.9752738694311341,234
0.008,0.3318949580878215,0.9136943325744702,234
0.012,0.2780393307103728,0.8265996757286783,234
0.016,0.21150187902189346,0.7211956092130319,234
0.02,0.13908503403112144,0.6106463573259923,234
0.024,0.07043516555119007,0.511264514111598,234
0.028,0.013448038939303578,0.43439597565133764,234
0.032,-0.027900171386132,0.38462066886819196,234
0.036000000000000004,-0.05683444848830224,0.3618182924328436,234
0.04,-0.0862170149593811,0.3621815616681066,234
0.044,-0.13178103724604043,0.3787187195191947,234
0.048,-0.19925017622998636,0.4030766769418773,234
0.052000000000000005,-0.27650559814056264,0.4270476432201618,234
0.056,-0.3362147495412456,0.4433554362196964,234
0.06,-0.35323218774580234,0.4488525588835255,234
0.064,-0.3257616893444012,0.4473068304286946,234
0.068,-0.2751004626931216,0.4454060822508921,234
0.07200000000000001,-0.22657457735807912,0.44640378387373447,234
0.076,-0.1949761892245571,0.4480857376796761,234
0.08,-0.18141176568985207,0.4457570130672189,234
0.084,-0.17802133732174466,0.4385484683920809,234
0.088,-0.17564940489710162,0.43175115110580453,234
0.092,-0.16869998839389092,0.430626680559745,234
0.096,-0.15582224240702724,0.4344846650966007,234
0.1,-0.1397034295166462,0.43830829023026724,234
0.10400000000000001,-0.12516781160184237,0.43757398388891783,234
0.108,-0.11589164112141254,0.43050537272965717,234
0.112,-0.11213749596599025,0.4184894198905052,234
0.116,-0.11063148483328014,0.40514452035810294,234
0.12,-0.10670925989379243,0.39376676650327413,234
0.124,-0.09638697896698425,0.38522549686886476,234
0.128,-0.07683057320698577,0.3780521900693912,234
0.132,-0.04695852296001839,0.3709824946552829,234
0.136,-0.008804760379142842,0.36560498509664235,234
0.14,0.03281354004570887,0.3654536873682226,234
0.14400000000000002,0.0724698159634897,0.3720350761147907,234
0.148,0.10584484250501977,0.3826387074213994,234
0.152,0.13062795017113457,0.392582056094918,234
0.156,0.14702889256889948,0.3981864539970298,234
0.16,0.1562884824889649,0.3961853785259179,234
0.164,0.15847812185531454,0.38300111777384666,234
0.168,0.1530408778539423,0.35792144246875746,234
0.17200000000000001,0.14097461606410044,0.32519638403448087,234
0.176,0.12541058904237837,0.2912877316444221,234
0.18,0.11022481743808953,0.2617146496834379,234
0.184,0.09835095332933422,0.24009623148709905,234
0.188,0.09080395965023862,0.22803608769377662,234
0.192,0.0869780548582144,0.2253886184521547,234
0.196,0.08545744538385207,0.23076641379954235,234
0.2,0.08419390885920809,0.24105055239331785,234
0.20400000000000001,0.08075112600665993,0.250381738481237,234
0.20800000000000002,0.07384481412128731,0.2519118924566964,234
0.212,0.06483530564285478,0.24263348238759594,234
0.216,0.05652471349045438,0.22545892334830722,234
0.22,0.05029334501309295,0.20624600417908487,234
0.224,0.04476049304057891,0.19060072953448945,234
0.228,0.0364492332956407,0.18307493507673242,234
0.232,0.021781592686428004,0.18653017824591103,234
0.23600000000000002,0.000490472973921956,0.199605573261555,234
0.24,-0.022106639363052315,0.21537618149999413,234
0.244,-0.03946153801883213,0.22636382020011545,234
0.248,-0.05000347960848307,0.22915923028777344,234
0.252,-0.055516746662665074,0.22224277088897548,234
0.256,-0.0563730062586928,0.20495807916809375,234
0.26,-0.05071267679540962,0.1808237398350696,234
0.264,-0.038360205597551156,0.1590328595531024,234
0.268,-0.024730716452594535,0.1496244713351874,234
0.272,-0.01884625441318543,0.1565006898992881,234
0.276,-0.02647052734092591,0.17493365623921373,234
0.28,-0.044503924349623365,0.19447157498405068,234
0.28400000000000003,-0.061438999047301525,0.20417890801111419,234
0.28800000000000003,-0.06462538152198007,0.19793782701819884,234
0.292,-0.0497937653730207,0.17779754335435827,234
0.296,-0.023635796204424964,0.15171174485430478,234
0.3,0.0031552589853580254,0.12704714433553452,234
0.304,0.023665318373692703,0.10690112661126025,234
0.308,0.03762168435798312,0.09050324234495953,234
0.312,0.049561534657859854,0.07508346466203698,234
0.316,0.06411525225999373,0.05847295947095954,234
0.32,0.08207650435958252,0.04146915984659039,234
0.324,0.09980401314264527,0.027846490578479408,234
0.328,0.11159387996403854,0.021675525382553656,234
0.332,0.11358774809972877,0.024124000730791337,234
0.336,0.10610939929374869,0.032450814213472554,234
0.34,0.09159474619986369,0.04179295951709678,234
0.34400000000000003,0.07200700094535101,0.04749625577396523,234
0.34800000000000003,0.04998357200022214,0.04824866983952252,234
0.352,0.029717569976350014,0.049210247210480236,234
0.356,0.014080185588674599,0.058900359735561895,234
0.36,0.004047025125459408,0.08264572065090778,234
0.364,0.0007794392094295696,0.11757216276225887,234
0.368,0.004910980416178765,0.1510714648092826,234
0.372,0.01324456585554869,0.168427575993546,234
0.376,0.018509038956505536,0.16284946823488392,234
0.38,0.013816575363531971,0.13726404294127273,234
0.384,-0.0024118714779973035,0.10074046106428666,234
0.388,-0.025692356226348318,0.06355779897479445,234
0.392,-0.04947112502104765,0.033065938886635296,234
0.396,-0.06993790947294044,0.011734812063164693,234
0.4,-0.08791674266332831,-0.00258381638600943,234
0.404,-0.1067476901865206,-0.01389470401362312,234
0.40800000000000003,-0.1283625547559285,-0.02419064678395961,234
0.41200000000000003,-0.15087572189699014,-0.031690509982227215,234
0.41600000000000004,-0.16916121506142218,-0.03250628120150187,234
0.42,-0.177353730834216,-0.024161267773238397,234
0.424,-0.17116888180668693,-0.00831130667750262,234
0.428,-0.1498747252909216,0.008676347112566927,234
0.432,-0.1181595516611537,0.018042401624639093,234
0.436,-0.0853362267175737,0.013499212289531123,234
0.44,-0.06047621651967226,-0.004940788535868781,234
0.444,-0.0473848483793074,-0.03128513410676313,234
0.448,-0.04431928897451881,-0.05675829286948278,234
0.452,-0.047265265872702376,-0.07411791222730421,234
0.456,-0.05200921344355629,-0.08120368742453303,234
0.46,-0.05365910955589199,-0.08009450887807401,234
0.464,-0.04652183649650315,-0.07351075051531182,234
0.468,-0.02642696019397947,-0.06305766402881773,234
0.47200000000000003,0.005585408770389665,-0.050212699036368075,234
0.47600000000000003,0.0408350288647897,-0.03801506820422014,234
0.48,0.06580577261878348,-0.030803061349565456,234
0.484,0.0710026540492142,-0.031874238685494584,234
0.488,0.05922082607887621,-0.041848891296879034,234
0.492,0.04434166083164702,-0.058649639190713684,234
0.496,0.03828986887774033,-0.07808090711037272,234
0.5,0.039765941019884475,-0.09510161633892134,234
0.504,0.03846850950199519,-0.1063694827258707,234
0.508,0.02705794566205269,-0.11114926984853056,234
0.512,0.006754953595453633,-0.1102685298332959,234
0.516,-0.01373854332305264,-0.10607946619858902,234
0.52,-0.023558972888616685,-0.10202902109372987,234
0.524,-0.016427860447973907,-0.10002249299546075,234
0.528,0.0063181499558809225,-0.09850916283279869,234
0.532,0.03613775564116402,-0.09376792361247925,234
0.536,0.06011951897617895,-0.0832813850306679,234
0.54,0.06793723843186282,-0.06840940735666953,234
0.544,0.059060615919240035,-0.05368328339275376,234
0.548,0.042369835597266106,-0.04373257873512913,234
0.552,0.029059442560330134,-0.04113446962910504,234
0.556,0.025466219187038147,-0.0459508134879552,234
0.56,0.02944048822974136,-0.05624032219914997,234
0.5640000000000001,0.03267601092487033,-0.06939298313557257,234
0.5680000000000001,0.027636514092808886,-0.08316879904916875,234
0.5720000000000001,0.012392592048227668,-0.09531604049703583,234
0.5760000000000001,-0.00960862089203947,-0.10311531875273426,234
0.58,-0.032990591552030546,-0.10439930060847033,234
0.584,-0.053746646297881194,-0.09923845051285393,234
0.588,-0.0699352982863603,-0.09007909015879839,234
0.592,-0.0798090750089377,-0.08007295613718576,234
0.596,-0.08138315823912855,-0.07161631424273254,234
0.6,-0.07437131611575747,-0.06607095310690908,234
0.604,-0.06162225752926578,-0.0643244063169812,234
0.608,-0.04769949097356815,-0.06763366204550553,234
0.612,-0.03624773195753848,-0.07760722127755057,234
0.616,-0.028155512804979667,-0.09468509717342748,234
0.62,-0.021977955244851848,-0.11669816601900748,234
0.624,-0.016333249824544215,-0.13927914458474872,234
0.628,-0.011815135964648497,-0.1573232798604311,234
0.632,-0.010100266315239697,-0.1664336610172522,234
0.636,-0.010900964268597445,-0.16458590002025839,234
0.64,-0.009465680197353383,-0.1527664939660872,234
0.644,0.0019835969321293162,-0.13379912862508608,234
0.648,0.028414802870038555,-0.11206961651254604,234
0.652,0.06633586548806024,-0.09449899099613265,234
0.656,0.10449281895200296,-0.08863246867497196,234
0.66,0.12990273606004435,-0.09759612978986752,234
0.664,0.13414874838480767,-0.11682184278026642,234
0.668,0.11819293010958473,-0.13670417055223427,234
0.672,0.09144440352208745,-0.14970868783465296,234
0.676,0.06514583371134998,-0.15400625702055154,234
0.68,0.04727664854879038,-0.1514117402253226,234
0.684,0.04093583464911959,-0.14473256325732875,234
0.6880000000000001,0.04444956940741563,-0.13693641155592973,234
0.6920000000000001,0.05427756597129048,-0.1307726512576601,234
0.6960000000000001,0.06850792408126351,-0.1279144213907943,234
0.7000000000000001,0.08672325364395672,-0.1283233838862286,234
0.704,0.10669924654027353,-0.1303742921675005,234
0.708,0.12327317729730682,-0.13192921683411082,234
0.712,0.13161389995667871,-0.13235292487609157,234
0.716,0.13145653586767952,-0.13373534670818155,234
0.72,0.12607957603008046,-0.13939811672202324,234
0.724,0.1175993219477697,-0.15130030740947828,234
0.728,0.10377303440279473,-0.16876637794396326,234
0.732,0.07948861340035068,-0.1879639231092958,234
0.736,0.04313740583233174,-0.2015951548088501,234
0.74,0.0033437073101103745,-0.20241816037714733,234
0.744,-0.02582760560207555,-0.1903606427368797,234
0.748,-0.03790676444664284,-0.17150618050513394,234
0.752,-0.03698170349424137,-0.15095562637303844,234
0.756,-0.03215322871940342,-0.13146102246899388,234
0.76,-0.03152753074605141,-0.11619130366324949,234
0.764,-0.03739896311372567,-0.1095264306205935,234
0.768,-0.04625180871827704,-0.11471131650656875,234
0.772,-0.05369538860445451,-0.13166963649885716,234
0.776,-0.05938327656304038,-0.1568769326452797,234
0.78,-0.06710036551227673,-0.18440211724091574,234
0.784,-0.07967931871055633,-0.20725034342091553,234
0.788,-0.09454812496707252,-0.21936984447366045,234
0.792,-0.10590178001571048,-0.21873802752891713,234
0.796,-0.1113098222088738,-0.20910197306788508,234
0.8,-0.1136668224083536,-0.19777799292714965,234
0.804,-0.11647105143323039,-0.19206976834362513,234
0.808,-0.12001458691461418,-0.196512613023572,234
0.812,-0.12226669659542058,-0.21036911806104597,234
0.8160000000000001,-0.12187435887722953,-0.22689535340705927,234
0.8200000000000001,-0.11873496217203801,-0.23662926313877275,234
0.8240000000000001,-0.1123063974561038,-0.23272701534559484,234
0.8280000000000001,-0.1009986355919347,-0.2144142230173638,234
0.8320000000000001,-0.08353568112559198,-0.18775390499219394,234
0.836,-0.06068671629363206,-0.1623636493345282,234
0.84,-0.032534092744580335,-0.14536329596713654,234
0.844,0.001384338998803587,-0.13855329987871884,234
0.848,0.03858183038126711,-0.13998155067575682,234
0.852,0.07218810886671585,-0.14759771434761962,234
0.856,0.09772017917411517,-0.1606685144842591,234
0.86,0.11456891940005075,-0.17728091228482984,234
0.864,0.12439232293551959,-0.19206398275736983,234
0.868,0.13010763570144612,-0.19794441527538603,234
0.872,0.13353930805354852,-0.19115646147632512,234
0.876,0.13272582932575716,-0.17314628352812592,234
0.88,0.12452040893400958,-0.1494881436690394,234
0.884,0.11034656799327822,-0.1289122947911522,234
0.888,0.09895198941422137,-0.12029735924922519,234
0.892,0.10001429364555273,-0.12796748629413024,234
0.896,0.11627095154942803,-0.14893455500742245,234
0.9,0.14075614657785193,-0.17498888239830418,234
0.904,0.163802130473123,-0.19854884070056805,234
0.908,0.1786705324794831,-0.2160772536949926,234
0.912,0.18273633782665405,-0.2276066784615162,234
0.916,0.1775716186066064,-0.23546052294687866,234
0.92,0.16648822470008814,-0.242263398413536,234
0.924,0.15088100494635892,-0.24855496590590465,234
0.928,0.13028850494279756,-0.25235280147812683,234
0.932,0.10581990696269485,-0.25141129233210935,234
0.936,0.08218849895102817,-0.24591131126419588,234
0.9400000000000001,0.0649388973023742,-0.2383421590115781,234
0.9440000000000001,0.055144768989618134,-0.23031898303905668,234
0.9480000000000001,0.04966907178389217,-0.22063474531091257,234
0.9520000000000001,0.04253099299735642,-0.20772651317173946,234
0.9560000000000001,0.028580965934884146,-0.19274938497938754,234
0.96,0.005994224354959871,-0.1784463359334118,234
0.964,-0.025051888245534067,-0.16623715818696466,234
0.968,-0.0634351585753321,-0.15517617503472722,234
0.972,-0.10633750615202435,-0.1434388760072218,234
0.976,-0.14839520024001498,-0.13163854500926564,234
0.98,-0.18514804041980648,-0.12451019567958761,234
0.984,-0.21648653612489277,-0.12780921834974013,234
0.988,-0.24358709908401613,-0.14351084855531898,234
0.992,-0.2645775204902648,-0.1677842071579362,234
0.996,-0.27494535499613354,-0.19266570977488803,234
1.0,-0.2722144317415185,-0.21101473759334388,234
