configuration_index,lowpass_hz,global_zscore_mean,global_zscore_std,optimizer,stlsq_threshold,alpha,nu,degree,n_delays,delay_samples,delay_ms,embedding_span_ms,smooth_window_samples,smooth_window_ms,derivative_method,fit_status,fit_failure_reason,nonzero_terms,possible_terms,term_utilization_percent,fit_runtime_s,feature_names_json,coefficients_json,equations
1,80.0,,,stlsq,20000.0,0.05,1.0,2,2,1,4.0,4.0,0,0.0,finite_difference,success,,9,12,75.0,1.6253369934856892,"[""1"", ""x0"", ""x1"", ""x0^2"", ""x0 x1"", ""x1^2""]","[[0.0, 197.15405137365246, -206.31704466398313, -0.1254298227674599, 0.3289775674627351, -0.17249907467125764], [0.0, 206.04575744925373, -197.0073510216766, -0.01794664830772252, 0.0, -0.009928103567908606]]",(x0)' =  197.154 x0 + -206.317 x1 + -0.125 x0^2 +  0.329 x0 x1 + -0.172 x1^2 | (x1)' =  206.046 x0 + -197.007 x1 + -0.018 x0^2 + -0.010 x1^2
2,80.0,,,stlsq,20000.0,0.05,1.0,2,2,1,4.0,4.0,5,20.0,smoothed_finite_difference_savgol_order_3,success,,8,12,66.66666666666667,0.18294103257358074,"[""1"", ""x0"", ""x1"", ""x0^2"", ""x0 x1"", ""x1^2""]","[[0.0, 212.46085799525184, -220.57782082923288, 0.04395341399671806, 0.0, -0.019795085478569757], [0.0, 220.26481285869482, -212.15167681645212, -0.0038145217057816198, 0.0, -0.021255277069167466]]",(x0)' =  212.461 x0 + -220.578 x1 +  0.044 x0^2 + -0.020 x1^2 | (x1)' =  220.265 x0 + -212.152 x1 + -0.004 x0^2 + -0.021 x1^2
3,80.0,,,stlsq,20000.0,0.05,1.0,2,2,1,4.0,4.0,9,36.0,smoothed_finite_difference_savgol_order_3,success,,8,12,66.66666666666667,0.17956975661218166,"[""1"", ""x0"", ""x1"", ""x0^2"", ""x0 x1"", ""x1^2""]","[[0.0, 231.24171138313892, -237.15624529475073, 0.021635982343782962, 0.0, -0.005406920051067514], [0.0, 237.29026404420964, -231.3823367833831, 0.02027384940698831, 0.0, -0.03585019458909932]]",(x0)' =  231.242 x0 + -237.156 x1 +  0.022 x0^2 + -0.005 x1^2 | (x1)' =  237.290 x0 + -231.382 x1 +  0.020 x0^2 + -0.036 x1^2
4,80.0,,,stlsq,20000.0,0.05,1.0,2,2,2,8.0,8.0,0,0.0,finite_difference,success,,12,12,100.0,0.15910322219133377,"[""1"", ""x0"", ""x1"", ""x0^2"", ""x0 x1"", ""x1^2""]","[[-65.7913398464665, 82.13038453631854, -95.76623141323611, 0.0139989923393027, 0.07440585832394574, -0.031357460999691396], [39.04303710268161, 95.87372278887284, -82.04992236145975, 0.09301949571173039, -0.22877942857684297, 0.07569522826895297]]",(x0)' = -65.791 1 +  82.130 x0 + -95.766 x1 +  0.014 x0^2 +  0.074 x0 x1 + -0.031 x1^2 | (x1)' =  39.043 1 +  95.874 x0 + -82.050 x1 +  0.093 x0^2 + -0.229 x0 x1 +  0.076 x1^2
5,80.0,,,stlsq,20000.0,0.05,1.0,2,2,2,8.0,8.0,5,20.0,smoothed_finite_difference_savgol_order_3,success,,10,12,83.33333333333333,0.17113098688423634,"[""1"", ""x0"", ""x1"", ""x0^2"", ""x0 x1"", ""x1^2""]","[[0.0, 90.68393323928174, -104.09036113834941, -0.025612707193292596, 0.15366412838316743, -0.08221365652033498], [0.0, 104.2612022597134, -90.68709280067617, 0.14014236185791312, -0.30100999910888787, 0.10821158060769268]]",(x0)' =  90.684 x0 + -104.090 x1 + -0.026 x0^2 +  0.154 x0 x1 + -0.082 x1^2 | (x1)' =  104.261 x0 + -90.687 x1 +  0.140 x0^2 + -0.301 x0 x1 +  0.108 x1^2
6,80.0,,,stlsq,20000.0,0.05,1.0,2,2,2,8.0,8.0,9,36.0,smoothed_finite_difference_savgol_order_3,success,,9,12,75.0,0.2724991235882044,"[""1"", ""x0"", ""x1"", ""x0^2"", ""x0 x1"", ""x1^2""]","[[0.0, 105.39313900410292, -116.23362910428959, 0.025267693957059325, 0.0, 0.00330821815423942], [0.0, 116.3861712698051, -105.36899697772635, 0.1400750822656222, -0.26145309669878336, 0.08569915616332206]]",(x0)' =  105.393 x0 + -116.234 x1 +  0.025 x0^2 +  0.003 x1^2 | (x1)' =  116.386 x0 + -105.369 x1 +  0.140 x0^2 + -0.261 x0 x1 +  0.086 x1^2
7,80.0,,,stlsq,20000.0,0.05,1.0,2,2,5,20.0,20.0,0,0.0,finite_difference,success,,7,12,58.333333333333336,0.14227009192109108,"[""1"", ""x0"", ""x1"", ""x0^2"", ""x0 x1"", ""x1^2""]","[[0.0, 18.385491809659595, -32.68463189197299, 0.02938451316511824, 0.0, 0.0], [0.0, 33.25985262256698, -18.44834972022663, 0.09640467045963494, -0.13705756504233726, 0.0]]",(x0)' =  18.385 x0 + -32.685 x1 +  0.029 x0^2 | (x1)' =  33.260 x0 + -18.448 x1 +  0.096 x0^2 + -0.137 x0 x1
8,80.0,,,stlsq,20000.0,0.05,1.0,2,2,5,20.0,20.0,5,20.0,smoothed_finite_difference_savgol_order_3,success,,7,12,58.333333333333336,0.16439413093030453,"[""1"", ""x0"", ""x1"", ""x0^2"", ""x0 x1"", ""x1^2""]","[[0.0, 18.710780277733797, -32.925233674873134, 0.029461749551984866, 0.0, 0.0], [0.0, 33.46302450041527, -18.76506921405825, 0.09487339943359216, -0.13494945317223844, 0.0]]",(x0)' =  18.711 x0 + -32.925 x1 +  0.029 x0^2 | (x1)' =  33.463 x0 + -18.765 x1 +  0.095 x0^2 + -0.135 x0 x1
9,80.0,,,stlsq,20000.0,0.05,1.0,2,2,5,20.0,20.0,9,36.0,smoothed_finite_difference_savgol_order_3,success,,6,12,50.0,0.15026036277413368,"[""1"", ""x0"", ""x1"", ""x0^2"", ""x0 x1"", ""x1^2""]","[[0.0, 22.620378155282733, -37.72804884230708, 0.0, 0.0, 0.0], [0.0, 38.19591030875116, -22.65197216178021, 0.07211749921515644, -0.11226760116945125, 0.0]]",(x0)' =  22.620 x0 + -37.728 x1 | (x1)' =  38.196 x0 + -22.652 x1 +  0.072 x0^2 + -0.112 x0 x1
10,80.0,,,stlsq,20000.0,0.05,1.0,2,4,1,4.0,12.0,0,0.0,finite_difference,success,,32,60,53.333333333333336,0.8670790437608957,"[""1"", ""x0"", ""x1"", ""x2"", ""x3"", ""x0^2"", ""x0 x1"", ""x0 x2"", ""x0 x3"", ""x1^2"", ""x1 x2"", ""x1 x3"", ""x2^2"", ""x2 x3"", ""x3^2""]","[[-45.61022098414185, 259.829319560735, -374.76669622921014, 167.84596694947638, -60.197267245571986, -0.04351247386402315, 0.21373594274191046, 0.0, -0.11736766348179019, -0.1947253026626636, 0.15165666048486134, 0.011246923877362189, 0.0, 0.0, 0.0], [0.0, 125.0366654230143, 0.0, -125.09199440859224, 0.05195116459112991, -0.00023261679825347514, 0.0, 0.0, 0.0, 0.0, 0.00022281696993180027, 0.0, 0.00016811909084978784, 0.0, 0.0], [0.0, -0.047493703919311236, 125.07103826023739, 0.0, -125.03032878843575, 0.0, 0.0, 0.0, 0.0, -0.0009204558321963811, 0.001497653466924664, 0.0, 0.0, 0.0, -0.00040874941427267045], [0.0, 60.21322498927647, -167.48864907655175, 374.3236586235708, -259.75207978999657, 0.04154766580569329, 0.0, 0.0, 0.0, -0.12130645825701444, 0.20982021652080815, 0.0, -0.15242253267080827, 0.0, 0.009345286754006431]]",(x0)' = -45.610 1 +  259.829 x0 + -374.767 x1 +  167.846 x2 + -60.197 x3 + -0.044 x0^2 +  0.214 x0 x1 + -0.117 x0 x3 + -0.195 x1^2 +  0.152 x1 x2 +  0.011 x1 x3 | (x1)' =  125.037 x0 + -125.092 x2 +  0.052 x3 | (x2)' = -0.047 x0 +  125.071 x1 + -125.030 x3 + -0.001 x1^2 +  0.001 x1 x2 | (x3)' =  60.213 x0 + -167.489 x1 +  374.324 x2 + -259.752 x3 +  0.042 x0^2 + -0.121 x1^2 +  0.210 x1 x2 + -0.152 x2^2 +  0.009 x3^2
11,80.0,,,stlsq,20000.0,0.05,1.0,2,4,1,4.0,12.0,5,20.0,smoothed_finite_difference_savgol_order_3,success,,36,60,60.0,0.9305872395634651,"[""1"", ""x0"", ""x1"", ""x2"", ""x3"", ""x0^2"", ""x0 x1"", ""x0 x2"", ""x0 x3"", ""x1^2"", ""x1 x2"", ""x1 x3"", ""x2^2"", ""x2 x3"", ""x3^2""]","[[-54.780257859435025, 310.68788502389253, -471.7988752172914, 227.7147931695476, -71.55366276989028, 0.02401331154296673, -0.19298870229188378, 0.0, 0.22679748130073224, 0.5943580554296405, -0.8847534942931955, -0.29298770354698717, 0.5407746862818433, 0.0, 0.0], [0.0, 124.9072022892719, 0.3560686199508309, -125.45312156494923, 0.18726651742530667, -0.00043392420653033334, 0.0, 0.0, 0.0, 0.002189661670847185, -0.0035319581320813432, 0.0, 0.0018947696310556948, 0.0, 0.0], [0.0, -0.17841737081239278, 125.38667091986423, -0.2823180044813434, -124.93449764594867, 0.0, 0.0, 0.0, 0.0, -0.0022052549423621, 0.0034886203175016573, 0.0, 0.0, 0.0, -0.001075340797408739], [0.0, 71.28396624367478, -227.06962616404329, 471.7141877649426, -310.87264005405285, 0.016559033663714803, 0.0, 0.0, 0.0, -0.11237226058211289, 0.26115056728486763, 0.0, -0.18241603575272525, 0.0, 0.00948178333654166]]",(x0)' = -54.780 1 +  310.688 x0 + -471.799 x1 +  227.715 x2 + -71.554 x3 +  0.024 x0^2 + -0.193 x0 x1 +  0.227 x0 x3 +  0.594 x1^2 + -0.885 x1 x2 + -0.293 x1 x3 +  0.541 x2^2 | (x1)' =  124.907 x0 +  0.356 x1 + -125.453 x2 +  0.187 x3 +  0.002 x1^2 + -0.004 x1 x2 +  0.002 x2^2 | (x2)' = -0.178 x0 +  125.387 x1 + -0.282 x2 + -124.934 x3 + -0.002 x1^2 +  0.003 x1 x2 + -0.001 x3^2 | (x3)' =  71.284 x0 + -227.070 x1 +  471.714 x2 + -310.873 x3 +  0.017 x0^2 + -0.112 x1^2 +  0.261 x1 x2 + -0.182 x2^2 +  0.009 x3^2
12,80.0,,,stlsq,20000.0,0.05,1.0,2,4,1,4.0,12.0,9,36.0,smoothed_finite_difference_savgol_order_3,success,,31,60,51.666666666666664,0.6235200893133879,"[""1"", ""x0"", ""x1"", ""x2"", ""x3"", ""x0^2"", ""x0 x1"", ""x0 x2"", ""x0 x3"", ""x1^2"", ""x1 x2"", ""x1 x3"", ""x2^2"", ""x2 x3"", ""x3^2""]","[[0.0, 357.30943763818567, -536.3426449077036, 230.71694300536473, -53.636930821788354, -0.12262584057651496, 0.0, 0.0, 0.1460808782006452, 0.8189152301875701, -1.344404283187579, 0.0, 0.5299278002190354, 0.0, -0.02580543146986447], [0.0, 125.93809701864669, -2.930390280280318, -121.62658186898581, -1.3964880212539845, 0.0007361126343634522, 0.0, 0.0, 0.0, 0.0, 0.0, 0.0, -0.000775606668650923, 0.0, 0.0], [0.0, 0.8864285409904566, 122.65591306418689, 2.1892830802531202, -125.72481931881933, 0.0, 0.0, 0.0, 0.0, -0.0005303159159515199, 0.0, 0.0, 0.0, 0.0, 0.0005200048164875755], [0.0, 53.730745113486286, -230.7401835597936, 536.129839628568, -357.1276858235201, 0.008442412712216825, 0.0, 0.0, 0.0, -0.06021584888820037, 0.12935389550317578, 0.0, -0.07205978509515798, 0.0, -0.007650254912645296]]",(x0)' =  357.309 x0 + -536.343 x1 +  230.717 x2 + -53.637 x3 + -0.123 x0^2 +  0.146 x0 x3 +  0.819 x1^2 + -1.344 x1 x2 +  0.530 x2^2 + -0.026 x3^2 | (x1)' =  125.938 x0 + -2.930 x1 + -121.627 x2 + -1.396 x3 +  0.001 x0^2 + -0.001 x2^2 | (x2)' =  0.886 x0 +  122.656 x1 +  2.189 x2 + -125.725 x3 + -0.001 x1^2 +  0.001 x3^2 | (x3)' =  53.731 x0 + -230.740 x1 +  536.130 x2 + -357.128 x3 +  0.008 x0^2 + -0.060 x1^2 +  0.129 x1 x2 + -0.072 x2^2 + -0.008 x3^2
13,80.0,,,stlsq,20000.0,0.05,1.0,2,4,2,8.0,24.0,0,0.0,finite_difference,success,,38,60,63.333333333333336,0.7553441058844328,"[""1"", ""x0"", ""x1"", ""x2"", ""x3"", ""x0^2"", ""x0 x1"", ""x0 x2"", ""x0 x3"", ""x1^2"", ""x1 x2"", ""x1 x3"", ""x2^2"", ""x2 x3"", ""x3^2""]","[[-118.8697316612141, 86.3576020591888, -111.47328015629779, 12.548651508126945, 2.912908764233137, -0.044448205186114406, 0.25135606108678465, -0.09771229271647504, 0.0, 0.050541328467932786, -0.2726768961144591, -0.06034710503304924, 0.18117795480147142, 0.0, 0.019287439000430093], [0.0, 73.02092777479261, 0.0, -72.92350086199684, 0.0, 0.06201284917902597, -0.17693178691183348, 0.0, 0.0, 0.0, 0.22020203929152982, 0.0, -0.05793141245819465, -0.054852938161541846, 0.0], [0.0, 0.0, 72.6042549918417, 0.0, -72.7132954108434, 0.04844600900907857, 0.0, 0.0, 0.0, -0.048205901798079084, -0.044637976825694495, 0.0, 0.0, 0.05343731931631398, 0.0], [0.0, -3.8094720151072257, -11.019982153419935, 111.40296698233351, -86.69342338729736, -0.03790728702109856, -0.14664696976753777, 0.25715939853758935, 0.0, 0.13682449806661542, 0.0, -0.10502530104094372, -0.03533887934692223, -0.20671289181431657, 0.11984987401768558]]",(x0)' = -118.870 1 +  86.358 x0 + -111.473 x1 +  12.549 x2 +  2.913 x3 + -0.044 x0^2 +  0.251 x0 x1 + -0.098 x0 x2 +  0.051 x1^2 + -0.273 x1 x2 + -0.060 x1 x3 +  0.181 x2^2 +  0.019 x3^2 | (x1)' =  73.021 x0 + -72.924 x2 +  0.062 x0^2 + -0.177 x0 x1 +  0.220 x1 x2 + -0.058 x2^2 + -0.055 x2 x3 | (x2)' =  72.604 x1 + -72.713 x3 +  0.048 x0^2 + -0.048 x1^2 + -0.045 x1 x2 +  0.053 x2 x3 | (x3)' = -3.809 x0 + -11.020 x1 +  111.403 x2 + -86.693 x3 + -0.038 x0^2 + -0.147 x0 x1 +  0.257 x0 x2 +  0.137 x1^2 + -0.105 x1 x3 + -0.035 x2^2 + -0.207 x2 x3 +  0.120 x3^2
14,80.0,,,stlsq,20000.0,0.05,1.0,2,4,2,8.0,24.0,5,20.0,smoothed_finite_difference_savgol_order_3,success,,35,60,58.333333333333336,1.0321972947567701,"[""1"", ""x0"", ""x1"", ""x2"", ""x3"", ""x0^2"", ""x0 x1"", ""x0 x2"", ""x0 x3"", ""x1^2"", ""x1 x2"", ""x1 x3"", ""x2^2"", ""x2 x3"", ""x3^2""]","[[-84.17591178006859, 103.6224185547203, -143.20490415785974, 37.171162690267096, -6.356818664951904, -0.02049136584826114, 0.22565522536119037, -0.14954692013283338, 0.0, -0.04083046629105025, 0.0, -0.037317629540377546, 0.0, 0.0, 0.04830123985145849], [0.0, 73.1297305239103, 0.0, -73.02854796608247, 0.0, 0.07019987016684771, -0.18465356895948812, 0.0, 0.0, 0.0, 0.21775653676665568, 0.0, -0.05644393408606985, -0.05414951339510825, 0.0], [0.0, 0.0, 72.70558455179426, 0.0, -72.83519424184354, 0.053542546399913765, 0.0, 0.0, 0.0, -0.07000177009576446, -0.015442940294540968, 0.0, 0.0, 0.041489662202759056, 0.0], [0.0, 6.271822935167798, -37.15408178220755, 143.66317941508268, -103.94518219782103, 0.014611761569632075, -0.22539902467349318, 0.22804811482554102, 0.0, 0.12108517216444488, 0.0, 0.0, 0.04550027636998927, -0.3461495051111208, 0.1482181948299641]]",(x0)' = -84.176 1 +  103.622 x0 + -143.205 x1 +  37.171 x2 + -6.357 x3 + -0.020 x0^2 +  0.226 x0 x1 + -0.150 x0 x2 + -0.041 x1^2 + -0.037 x1 x3 +  0.048 x3^2 | (x1)' =  73.130 x0 + -73.029 x2 +  0.070 x0^2 + -0.185 x0 x1 +  0.218 x1 x2 + -0.056 x2^2 + -0.054 x2 x3 | (x2)' =  72.706 x1 + -72.835 x3 +  0.054 x0^2 + -0.070 x1^2 + -0.015 x1 x2 +  0.041 x2 x3 | (x3)' =  6.272 x0 + -37.154 x1 +  143.663 x2 + -103.945 x3 +  0.015 x0^2 + -0.225 x0 x1 +  0.228 x0 x2 +  0.121 x1^2 +  0.046 x2^2 + -0.346 x2 x3 +  0.148 x3^2
15,80.0,,,stlsq,20000.0,0.05,1.0,2,4,2,8.0,24.0,9,36.0,smoothed_finite_difference_savgol_order_3,success,,28,60,46.666666666666664,0.5864937659353018,"[""1"", ""x0"", ""x1"", ""x2"", ""x3"", ""x0^2"", ""x0 x1"", ""x0 x2"", ""x0 x3"", ""x1^2"", ""x1 x2"", ""x1 x3"", ""x2^2"", ""x2 x3"", ""x3^2""]","[[0.0, 149.30574245446468, -219.25946605532894, 83.45136464311182, -17.702286367033835, 0.03607626377819995, -0.004009995704057996, 0.0, 0.0, -0.011111013313338965, 0.0, -0.014892295640342848, 0.0, 0.0, 0.0], [0.0, 59.89473287496488, 25.407636936384765, -100.68682497935356, 16.511196108026812, 0.0, 0.0, 0.0, 0.0, 0.0, 0.0, 0.0, 0.0, 0.0, 0.0], [0.0, -16.10109068687133, 99.80401240408487, -24.520800400600926, -60.31695750454439, 0.008675632744107317, 0.0, 0.0, 0.0, -0.007396521576468772, 0.0, 0.0, 0.0, 0.0, 0.0], [0.0, 17.067854747787568, -82.29229028518353, 218.11429858508382, -148.75378010504124, 0.0, -0.09213588373321605, 0.13020948318029435, 0.0, 0.0, 0.0, 0.006561342161897576, 0.11035488081824729, -0.2271100996018225, 0.06852001361925543]]",(x0)' =  149.306 x0 + -219.259 x1 +  83.451 x2 + -17.702 x3 +  0.036 x0^2 + -0.004 x0 x1 + -0.011 x1^2 + -0.015 x1 x3 | (x1)' =  59.895 x0 +  25.408 x1 + -100.687 x2 +  16.511 x3 | (x2)' = -16.101 x0 +  99.804 x1 + -24.521 x2 + -60.317 x3 +  0.009 x0^2 + -0.007 x1^2 | (x3)' =  17.068 x0 + -82.292 x1 +  218.114 x2 + -148.754 x3 + -0.092 x0 x1 +  0.130 x0 x2 +  0.007 x1 x3 +  0.110 x2^2 + -0.227 x2 x3 +  0.069 x3^2
16,80.0,,,stlsq,20000.0,0.05,1.0,2,4,5,20.0,60.0,0,0.0,finite_difference,success,,30,60,50.0,0.8661414999514818,"[""1"", ""x0"", ""x1"", ""x2"", ""x3"", ""x0^2"", ""x0 x1"", ""x0 x2"", ""x0 x3"", ""x1^2"", ""x1 x2"", ""x1 x3"", ""x2^2"", ""x2 x3"", ""x3^2""]","[[0.0, 17.139092607546907, -39.00218866727614, 9.899667625074464, 5.132164689544967, 0.0, 0.0, 0.0, 0.0, 0.0, 0.0, 0.0, 0.0, 0.0, 0.0], [0.0, 32.54222626528044, 0.0, -36.06509979755573, 5.4676745844039285, 0.12546624472519535, -0.22404481110990832, 0.0, 0.0, 0.0, 0.1771790567252446, 0.0, -0.0865398622550885, 0.0, 0.0], [0.0, -6.606051426798566, 36.96992531864669, 0.0, -31.98132122427764, -0.04265600106532877, 0.0, 0.10257972681242655, -0.0344572688470742, 0.15866416606832842, -0.2820810211982725, 0.0, 0.0, 0.15749503614677354, -0.06158903820820217], [0.0, -4.688819190423772, -11.894358403430488, 41.63412088085374, -18.169308564539016, 0.0, 0.0, 0.0, 0.0, -0.07204201301866148, -0.0019341918174292391, 0.1487314895875289, 0.16573116417126468, -0.2534667282144392, 0.0]]",(x0)' =  17.139 x0 + -39.002 x1 +  9.900 x2 +  5.132 x3 | (x1)' =  32.542 x0 + -36.065 x2 +  5.468 x3 +  0.125 x0^2 + -0.224 x0 x1 +  0.177 x1 x2 + -0.087 x2^2 | (x2)' = -6.606 x0 +  36.970 x1 + -31.981 x3 + -0.043 x0^2 +  0.103 x0 x2 + -0.034 x0 x3 +  0.159 x1^2 + -0.282 x1 x2 +  0.157 x2 x3 + -0.062 x3^2 | (x3)' = -4.689 x0 + -11.894 x1 +  41.634 x2 + -18.169 x3 + -0.072 x1^2 + -0.002 x1 x2 +  0.149 x1 x3 +  0.166 x2^2 + -0.253 x2 x3
17,80.0,,,stlsq,20000.0,0.05,1.0,2,4,5,20.0,60.0,5,20.0,smoothed_finite_difference_savgol_order_3,success,,31,60,51.666666666666664,0.5972472783178091,"[""1"", ""x0"", ""x1"", ""x2"", ""x3"", ""x0^2"", ""x0 x1"", ""x0 x2"", ""x0 x3"", ""x1^2"", ""x1 x2"", ""x1 x3"", ""x2^2"", ""x2 x3"", ""x3^2""]","[[0.0, 17.54330744248156, -39.491751448174, 10.186049258294144, 5.04423019592078, 0.0, 0.0, 0.0, 0.0, 0.0, 0.0, 0.0, 0.0, 0.0, 0.0], [0.0, 32.54961526939136, 0.0, -36.20992818461211, 5.588398650811115, 0.12420852020874938, -0.22400662787345915, 0.0, 0.0, 0.0, 0.18117375037572048, 0.0, -0.08866668177932116, 0.0, 0.0], [0.0, -6.68780945606879, 37.05895500829216, 0.0, -32.007204137055766, -0.04392783673556474, 0.0040699843412253375, 0.10126352325038279, -0.035261109024506535, 0.156653011258397, -0.282359872016473, 0.0, 0.0, 0.1611405772934237, -0.06299559442034583], [0.0, -4.574951928991099, -12.18041105580039, 42.07107459684571, -18.558412106913774, 0.0, 0.0, 0.0, 0.0, -0.07427206442869584, 0.002331791755948738, 0.14833744045449523, 0.16461437523238323, -0.2532594618202964, 0.0]]",(x0)' =  17.543 x0 + -39.492 x1 +  10.186 x2 +  5.044 x3 | (x1)' =  32.550 x0 + -36.210 x2 +  5.588 x3 +  0.124 x0^2 + -0.224 x0 x1 +  0.181 x1 x2 + -0.089 x2^2 | (x2)' = -6.688 x0 +  37.059 x1 + -32.007 x3 + -0.044 x0^2 +  0.004 x0 x1 +  0.101 x0 x2 + -0.035 x0 x3 +  0.157 x1^2 + -0.282 x1 x2 +  0.161 x2 x3 + -0.063 x3^2 | (x3)' = -4.575 x0 + -12.180 x1 +  42.071 x2 + -18.558 x3 + -0.074 x1^2 +  0.002 x1 x2 +  0.148 x1 x3 +  0.165 x2^2 + -0.253 x2 x3
18,80.0,,,stlsq,20000.0,0.05,1.0,2,4,5,20.0,60.0,9,36.0,smoothed_finite_difference_savgol_order_3,success,,33,60,55.0,0.5583891533315182,"[""1"", ""x0"", ""x1"", ""x2"", ""x3"", ""x0^2"", ""x0 x1"", ""x0 x2"", ""x0 x3"", ""x1^2"", ""x1 x2"", ""x1 x3"", ""x2^2"", ""x2 x3"", ""x3^2""]","[[0.0, 22.616724735977517, -48.105258358496684, 15.391313343470754, 3.1224883730331747, 0.0, 0.08139828836731741, 0.0, 0.0, 0.0, -0.06684834874688579, 0.0, 0.0, 0.0, 0.0], [0.0, 35.40945392242354, 0.0, -40.91178656426194, 7.746828226223197, 0.09957677720108603, -0.20669732718862388, 0.0, 0.0, 0.0, 0.19754323183550423, 0.0, -0.09397036057987845, 0.0, 0.0], [0.0, -8.402858174485996, 41.23533481491651, 0.0, -35.03816010270682, -0.04693069986566423, 0.03848475143735718, 0.0745612964056489, -0.03384566240438756, 0.12091760928701928, -0.2593083406376193, 0.0, 0.0, 0.1757355556127485, -0.06527986133175886], [0.0, -2.626570356787559, -16.81223804035361, 49.690763088305744, -23.373059581328093, 0.0, 0.0, 0.0, 0.0, -0.08485941519138702, 0.04375261810003207, 0.1291247826516305, 0.1333437859457575, -0.2301205271950831, 0.0]]",(x0)' =  22.617 x0 + -48.105 x1 +  15.391 x2 +  3.122 x3 +  0.081 x0 x1 + -0.067 x1 x2 | (x1)' =  35.409 x0 + -40.912 x2 +  7.747 x3 +  0.100 x0^2 + -0.207 x0 x1 +  0.198 x1 x2 + -0.094 x2^2 | (x2)' = -8.403 x0 +  41.235 x1 + -35.038 x3 + -0.047 x0^2 +  0.038 x0 x1 +  0.075 x0 x2 + -0.034 x0 x3 +  0.121 x1^2 + -0.259 x1 x2 +  0.176 x2 x3 + -0.065 x3^2 | (x3)' = -2.627 x0 + -16.812 x1 +  49.691 x2 + -23.373 x3 + -0.085 x1^2 +  0.044 x1 x2 +  0.129 x1 x3 +  0.133 x2^2 + -0.230 x2 x3
19,80.0,,,stlsq,20000.0,0.05,1.0,2,6,1,4.0,20.0,0,0.0,finite_difference,success,,56,168,33.333333333333336,3.123638240620494,"[""1"", ""x0"", ""x1"", ""x2"", ""x3"", ""x4"", ""x5"", ""x0^2"", ""x0 x1"", ""x0 x2"", ""x0 x3"", ""x0 x4"", ""x0 x5"", ""x1^2"", ""x1 x2"", ""x1 x3"", ""x1 x4"", ""x1 x5"", ""x2^2"", ""x2 x3"", ""x2 x4"", ""x2 x5"", ""x3^2"", ""x3 x4"", ""x3 x5"", ""x4^2"", ""x4 x5"", ""x5^2""]","[[-87.37002458134103, 239.6326613267292, -316.93431318160134, 86.68867260241196, 0.0, -16.27702008332002, 0.0, -0.15025823491332105, 0.20544440703337616, 0.0, 0.0912562105046513, 0.0, 0.0, 0.47816209055789416, -1.1628345262622972, 0.0, 0.0, 0.0911248152699145, 0.6335476517357773, 0.0, 0.0, -0.22613477506437352, 0.0, 0.0, -0.028259006262024117, 0.05854625085417191, 0.0, 0.02401367420387105], [0.0, 125.02566868632138, 0.0, -125.03221576031021, -0.028199323990601214, 0.03392814020665291, 0.0, -0.00012878920453914577, 0.0, 0.0, 0.0, 0.0, 0.0, 0.0, 0.0006758215762576554, 0.0, 0.0, 0.0, -0.0005019459798447316, 0.0, 0.0, 0.0, 0.0, 0.0, 0.0, 0.0, 0.0, 0.0], [0.0, -0.052658633748817366, 125.10654875135484, 0.0, -125.08999437688693, 0.037622858812882215, 0.0, 0.0, 0.0, 0.0, 0.0, 0.0, 0.0, -8.097016367391553e-06, 0.0, 0.0, 0.0, 0.0, 0.0, 0.0009929229044014015, 0.0, 0.0, -0.0010144662191380392, 0.0, 0.0, 0.0, 0.0, 0.0], [0.0, 0.0, -0.052665904746170056, 125.11379402023347, 0.0, -125.12052001253315, 0.06181794301119296, -0.00021587987431661294, 0.0, 0.0, 0.0, 0.0, 0.0, 0.0, 0.0012313155494353303, 0.0, 0.0, 0.0, -0.0016412948420095046, 0.0, 0.0, 0.0, 0.0, 0.000598084451340723, 0.0, 0.00010174145899022464, 0.0, 0.0], [0.0, 0.0, -0.01832178709954775, -0.020229710510537728, 125.0615192353132, 0.0, -125.03058710733376, 0.0, 0.0, 0.0, 0.0, 0.0, 0.0, 0.0, 0.0, 0.0, 0.0, 0.0, 0.0, 0.0, 0.0, 0.0, -0.0019556578249301355, 0.0026286322100467024, 0.0, 0.0, 0.0, -0.0005803426450566756], [0.0, 0.0, 16.034897274933414, 0.0, -85.12562353743476, 316.06646853944943, -239.83163382478702, 0.0, 0.0, -0.042386929024634666, 0.12867814509735037, 0.0, 0.0, 0.0, 0.0, 0.0, 0.0, 0.0, 0.0, 0.0, -0.1978590090339728, 0.0, 0.0, 0.29230221144070095, 0.0, -0.24103049120447342, 0.0, 0.05234345708250067]]",(x0)' = -87.370 1 +  239.633 x0 + -316.934 x1 +  86.689 x2 + -16.277 x4 + -0.150 x0^2 +  0.205 x0 x1 +  0.091 x0 x3 +  0.478 x1^2 + -1.163 x1 x2 +  0.091 x1 x5 +  0.634 x2^2 + -0.226 x2 x5 + -0.028 x3 x5 +  0.059 x4^2 +  0.024 x5^2 | (x1)' =  125.026 x0 + -125.032 x2 + -0.028 x3 +  0.034 x4 +  0.001 x1 x2 + -0.001 x2^2 | (x2)' = -0.053 x0 +  125.107 x1 + -125.090 x3 +  0.038 x4 +  0.001 x2 x3 + -0.001 x3^2 | (x3)' = -0.053 x1 +  125.114 x2 + -125.121 x4 +  0.062 x5 +  0.001 x1 x2 + -0.002 x2^2 +  0.001 x3 x4 | (x4)' = -0.018 x1 + -0.020 x2 +  125.062 x3 + -125.031 x5 + -0.002 x3^2 +  0.003 x3 x4 + -0.001 x5^2 | (x5)' =  16.035 x1 + -85.126 x3 +  316.066 x4 + -239.832 x5 + -0.042 x0 x2 +  0.129 x0 x3 + -0.198 x2 x4 +  0.292 x3 x4 + -0.241 x4^2 +  0.052 x5^2
20,80.0,,,stlsq,20000.0,0.05,1.0,2,6,1,4.0,20.0,5,20.0,smoothed_finite_difference_savgol_order_3,success,,66,168,39.285714285714285,2.17570561170578,"[""1"", ""x0"", ""x1"", ""x2"", ""x3"", ""x4"", ""x5"", ""x0^2"", ""x0 x1"", ""x0 x2"", ""x0 x3"", ""x0 x4"", ""x0 x5"", ""x1^2"", ""x1 x2"", ""x1 x3"", ""x1 x4"", ""x1 x5"", ""x2^2"", ""x2 x3"", ""x2 x4"", ""x2 x5"", ""x3^2"", ""x3 x4"", ""x3 x5"", ""x4^2"", ""x4 x5"", ""x5^2""]","[[-47.13890460128077, 385.29157459631836, -719.9348223078158, 628.1543179505413, -476.25967478451736, 239.46835334641344, -59.78999647879312, 0.06276560487862394, -0.09783182913094121, 0.0, 0.0, 0.07518754112829863, 0.0, 0.11794806057534288, -0.1518467054856503, 0.0, -0.19967703718056196, -0.04192469670717903, 0.12409043079054759, 0.0, 0.0, 0.26891338313467444, 0.0, 0.0, -0.3429690478175288, 0.15807931307247997, 0.0, 0.035854876097700474], [0.0, 124.9906705984082, 0.01744728833744965, -124.83976798870886, -0.45147581856462177, 0.4135596350097471, -0.13568309186328692, -5.797516557687924e-05, 0.0, 0.0, 0.0, 0.0, 0.0, 0.0, 0.0002007887890108785, 0.0, 0.0, 0.0, 0.00013051489464455525, 0.0, 0.0, -0.00021200422048619155, 0.0, 0.0, 0.0, 0.0, 0.0, 0.0], [0.0, -0.10787366573814813, 125.20703980187417, 0.0, -125.18342487865706, 0.08248809870280668, 0.003942278126602308, 0.0, 0.0, 0.0, 0.0, 0.0, 0.0, 0.00034815191639502914, 0.0, 0.0, 0.0, 0.0, 0.0, 0.0, 0.0, 0.0, -0.00041455702492451576, 0.0, 0.0, 0.0, 0.0, 0.0], [0.0, 0.11357472383765169, -0.3530728905900349, 125.38872428717004, 0.0, -125.28921165866133, 0.14824802092657954, -0.0006294431921372953, 0.0, 0.0, 0.0, 0.0, 0.0, 0.0, 0.003322778364479518, 0.0, 0.0, 0.0, -0.0034914669623074, 0.0, 0.0, 0.0, 0.0, 0.0, 0.0, 0.0008483863952190935, 0.0, 0.0], [0.0, 0.0563042467004636, -0.04995340836237006, -0.2642294698179198, 125.58519927077153, -0.46970441621152104, -124.86177331938951, 0.0, 0.0, 0.0, 0.0, 0.0, 0.0, 0.0, 0.0, 0.0, 0.0, 0.0, 0.0, 0.0, 0.0, 0.0, -0.004085475431550712, 0.005720777714651476, 0.0, 0.0, 0.0, -0.0015131381190297472], [0.0, 59.47891064164467, -238.8891243869542, 476.20036401866264, -628.5311786115102, 720.7561840999975, -385.8632634181389, 0.0, 0.0, -0.03198648686713326, 0.04859430135509264, 0.0, 0.0, 0.0, 0.0, 0.0, 0.0, 0.0, 0.0, 0.0, 0.0, 0.0, -0.0014692649560700368, 0.026144505025065712, 0.0, -0.037531390114346586, 0.0, -0.006635438851981963]]",(x0)' = -47.139 1 +  385.292 x0 + -719.935 x1 +  628.154 x2 + -476.260 x3 +  239.468 x4 + -59.790 x5 +  0.063 x0^2 + -0.098 x0 x1 +  0.075 x0 x4 +  0.118 x1^2 + -0.152 x1 x2 + -0.200 x1 x4 + -0.042 x1 x5 +  0.124 x2^2 +  0.269 x2 x5 + -0.343 x3 x5 +  0.158 x4^2 +  0.036 x5^2 | (x1)' =  124.991 x0 +  0.017 x1 + -124.840 x2 + -0.451 x3 +  0.414 x4 + -0.136 x5 | (x2)' = -0.108 x0 +  125.207 x1 + -125.183 x3 +  0.082 x4 +  0.004 x5 | (x3)' =  0.114 x0 + -0.353 x1 +  125.389 x2 + -125.289 x4 +  0.148 x5 + -0.001 x0^2 +  0.003 x1 x2 + -0.003 x2^2 +  0.001 x4^2 | (x4)' =  0.056 x0 + -0.050 x1 + -0.264 x2 +  125.585 x3 + -0.470 x4 + -124.862 x5 + -0.004 x3^2 +  0.006 x3 x4 + -0.002 x5^2 | (x5)' =  59.479 x0 + -238.889 x1 +  476.200 x2 + -628.531 x3 +  720.756 x4 + -385.863 x5 + -0.032 x0 x2 +  0.049 x0 x3 + -0.001 x3^2 +  0.026 x3 x4 + -0.038 x4^2 + -0.007 x5^2
21,80.0,,,stlsq,20000.0,0.05,1.0,2,6,1,4.0,20.0,9,36.0,smoothed_finite_difference_savgol_order_3,success,,53,168,31.547619047619047,1.9429739154875278,"[""1"", ""x0"", ""x1"", ""x2"", ""x3"", ""x4"", ""x5"", ""x0^2"", ""x0 x1"", ""x0 x2"", ""x0 x3"", ""x0 x4"", ""x0 x5"", ""x1^2"", ""x1 x2"", ""x1 x3"", ""x1 x4"", ""x1 x5"", ""x2^2"", ""x2 x3"", ""x2 x4"", ""x2 x5"", ""x3^2"", ""x3 x4"", ""x3 x5"", ""x4^2"", ""x4 x5"", ""x5^2""]","[[0.0, 416.30217056232453, -771.6272079888848, 663.078218085225, -508.3501637734272, 265.6672595367054, -66.59253919924754, -0.02873274368715611, 0.0, 0.0, 0.0, 0.0, 0.0, 0.26423687223085124, -0.30391952879969913, 0.0, 0.0, -0.012695379761173336, -0.031941617253947084, 0.10851066463560784, 0.0, 0.004777724598892794, 0.0, 0.0, 0.0, 0.0, 0.0, 0.0], [0.0, 125.75218515049959, -3.656095078893463, -119.92782156608287, -0.7845542772853769, -3.2065809556813836, 1.8472996838606937, 0.0007164586840059206, 0.0, 0.0, 0.0, 0.0, 0.0, 0.0, 0.0, 0.0, 0.0, 0.0, -0.0006670490342217894, 0.0, 0.0, 0.0, 0.0, 0.0, 0.0, 0.0, 0.0, 0.0], [0.0, -0.05355136785861824, 124.73379646605441, 0.0, -123.10453294509406, -2.6269264761792237, 1.0650356875059206, 0.0, 0.0, 0.0, 0.0, 0.0, 0.0, 0.0, 0.0, 0.0, 0.0, 0.0, 0.0, 0.0, 0.0, 0.0, 0.0, 0.0, 0.0, 0.0, 0.0, 0.0], [0.0, -0.9781086940984451, 3.3308985295750686, 121.46533712272384, 0.0, -122.57477015455333, -1.2604669483773507, 0.0, 0.0, 0.0, 0.0, 0.0, 0.0, 0.0, 0.0, 0.0, 0.0, 0.0, 0.0, 0.0, 0.0, 0.0, 0.0, 0.0, 0.0, 0.0, 0.0, 0.0], [0.0, -0.5781669347712709, 1.860581523072671, -0.914026163335686, 122.19734750740231, 4.045920752644003, -126.63787831169827, 0.0, 0.0, 0.0, 0.0, 0.0, 0.0, 0.0, 0.0, 0.0, 0.0, 0.0, 0.0, 0.0, 0.0, 0.0, 0.00010768183378847789, 0.0, 0.0, 0.0, 0.0, 6.50710612249313e-05], [0.0, 67.5198028908587, -268.43520355988426, 511.752408234004, -665.3146888598449, 772.6120519095393, -416.5934807720951, 0.0, 0.0, -0.07189619228177772, 0.06140930883380812, 0.0, 0.0, 0.0, 0.0, 0.0, 0.0, 0.0, 0.0, 0.033979921335563004, 0.0926727525612714, 0.0, 0.08632560996928346, -0.37886244049146445, 0.0, 0.21045882229713386, 0.0, -0.03551599578558977]]",(x0)' =  416.302 x0 + -771.627 x1 +  663.078 x2 + -508.350 x3 +  265.667 x4 + -66.593 x5 + -0.029 x0^2 +  0.264 x1^2 + -0.304 x1 x2 + -0.013 x1 x5 + -0.032 x2^2 +  0.109 x2 x3 +  0.005 x2 x5 | (x1)' =  125.752 x0 + -3.656 x1 + -119.928 x2 + -0.785 x3 + -3.207 x4 +  1.847 x5 +  0.001 x0^2 + -0.001 x2^2 | (x2)' = -0.054 x0 +  124.734 x1 + -123.105 x3 + -2.627 x4 +  1.065 x5 | (x3)' = -0.978 x0 +  3.331 x1 +  121.465 x2 + -122.575 x4 + -1.260 x5 | (x4)' = -0.578 x0 +  1.861 x1 + -0.914 x2 +  122.197 x3 +  4.046 x4 + -126.638 x5 | (x5)' =  67.520 x0 + -268.435 x1 +  511.752 x2 + -665.315 x3 +  772.612 x4 + -416.593 x5 + -0.072 x0 x2 +  0.061 x0 x3 +  0.034 x2 x3 +  0.093 x2 x4 +  0.086 x3^2 + -0.379 x3 x4 +  0.210 x4^2 + -0.036 x5^2
22,80.0,,,stlsq,20000.0,0.05,1.0,2,6,2,8.0,40.0,0,0.0,finite_difference,success,,66,168,39.285714285714285,1.7672726176679134,"[""1"", ""x0"", ""x1"", ""x2"", ""x3"", ""x4"", ""x5"", ""x0^2"", ""x0 x1"", ""x0 x2"", ""x0 x3"", ""x0 x4"", ""x0 x5"", ""x1^2"", ""x1 x2"", ""x1 x3"", ""x1 x4"", ""x1 x5"", ""x2^2"", ""x2 x3"", ""x2 x4"", ""x2 x5"", ""x3^2"", ""x3 x4"", ""x3 x5"", ""x4^2"", ""x4 x5"", ""x5^2""]","[[-109.39136025707411, 85.45187738378023, -110.74416489419926, 13.312349328852823, 0.0, 0.0, 3.6644386819803434, -0.06108437512480503, 0.2992787119249556, -0.14770658179975332, 0.0, 0.06971769767781262, 0.0, 0.012595537452422735, -0.20706428899885806, -0.03992614174195723, -0.05646931609401549, -0.029790243549514258, 0.1598128655499811, 0.0, 0.0, 0.0, 0.02277662206698764, 0.0, 0.0, 0.0, 0.0, 0.0], [0.0, 73.01713938589376, 0.0, -72.9233853180686, 0.0, 0.0, 0.0, 0.062151141980600164, -0.17688607058448028, 0.0, 0.0, 0.0, 0.0, 0.0, 0.21935266562296935, 0.0, 0.0, 0.0, -0.056788378040014055, -0.05529543811523368, 0.0, 0.0, 0.0, 0.0, 0.0, 0.0, 0.0, 0.0], [0.0, 0.0, 72.83219570199397, 0.0, -72.84671903687654, 0.0, 0.0, 0.05255536933154118, 0.0, 0.0, 0.0, 0.0, 0.0, -0.005691349633907532, -0.1415202256738884, 0.0, 0.0, 0.0, 0.0, 0.2072233012621375, 0.0, 0.0, -0.048007532415909465, -0.06428463564180692, 0.0, 0.0, 0.0, 0.0], [0.0, 0.0, 0.0, 72.7777630282239, 0.0, -72.8505083658298, 0.0, 0.0, 0.0, -0.007172939512210649, 0.0, -0.027956621598139803, 0.0, 0.0633750609550921, 0.0, 0.0, 0.0, 0.0, -0.011444254192601437, -0.1584230604087525, 0.07849029802025484, 0.0, 0.0, 0.17192234707481763, 0.0, -0.04932890953034873, -0.06074875234479006, 0.0], [0.0, 0.0, 0.0, 0.0, 72.55777529325982, 0.0, -72.69108113253964, 0.0, 0.0, 0.0, -0.003459218300491759, 0.0, -0.027121776917827, 0.0, 0.0, 0.0, 0.0, 0.0, 0.05714025467632482, 0.0, 0.0, 0.0, -0.05308959790021441, -0.06330054302877856, 0.06599567226761933, 0.0, 0.02772717390238101, 0.0], [45.522762144031304, -4.314929290497047, 0.0, 0.0, -12.033931829428814, 110.377620290546, -85.60817207515674, 0.0, 0.0, 0.0, 0.0, 0.01838125949865681, 0.0, -0.05415577143143395, 0.0, 0.0, 0.05718891611987971, 0.0, 0.0, 0.0, 0.08481880219011882, -0.01814528733570148, 0.031778637616213405, 0.0, -0.02023216159267077, 0.044686817519354424, -0.2929497550524642, 0.12857832223680143]]",(x0)' = -109.391 1 +  85.452 x0 + -110.744 x1 +  13.312 x2 +  3.664 x5 + -0.061 x0^2 +  0.299 x0 x1 + -0.148 x0 x2 +  0.070 x0 x4 +  0.013 x1^2 + -0.207 x1 x2 + -0.040 x1 x3 + -0.056 x1 x4 + -0.030 x1 x5 +  0.160 x2^2 +  0.023 x3^2 | (x1)' =  73.017 x0 + -72.923 x2 +  0.062 x0^2 + -0.177 x0 x1 +  0.219 x1 x2 + -0.057 x2^2 + -0.055 x2 x3 | (x2)' =  72.832 x1 + -72.847 x3 +  0.053 x0^2 + -0.006 x1^2 + -0.142 x1 x2 +  0.207 x2 x3 + -0.048 x3^2 + -0.064 x3 x4 | (x3)' =  72.778 x2 + -72.851 x4 + -0.007 x0 x2 + -0.028 x0 x4 +  0.063 x1^2 + -0.011 x2^2 + -0.158 x2 x3 +  0.078 x2 x4 +  0.172 x3 x4 + -0.049 x4^2 + -0.061 x4 x5 | (x4)' =  72.558 x3 + -72.691 x5 + -0.003 x0 x3 + -0.027 x0 x5 +  0.057 x2^2 + -0.053 x3^2 + -0.063 x3 x4 +  0.066 x3 x5 +  0.028 x4 x5 | (x5)' =  45.523 1 + -4.315 x0 + -12.034 x3 +  110.378 x4 + -85.608 x5 +  0.018 x0 x4 + -0.054 x1^2 +  0.057 x1 x4 +  0.085 x2 x4 + -0.018 x2 x5 +  0.032 x3^2 + -0.020 x3 x5 +  0.045 x4^2 + -0.293 x4 x5 +  0.129 x5^2
23,80.0,,,stlsq,20000.0,0.05,1.0,2,6,2,8.0,40.0,5,20.0,smoothed_finite_difference_savgol_order_3,success,,59,168,35.11904761904762,1.636486504226923,"[""1"", ""x0"", ""x1"", ""x2"", ""x3"", ""x4"", ""x5"", ""x0^2"", ""x0 x1"", ""x0 x2"", ""x0 x3"", ""x0 x4"", ""x0 x5"", ""x1^2"", ""x1 x2"", ""x1 x3"", ""x1 x4"", ""x1 x5"", ""x2^2"", ""x2 x3"", ""x2 x4"", ""x2 x5"", ""x3^2"", ""x3 x4"", ""x3 x5"", ""x4^2"", ""x4 x5"", ""x5^2""]","[[-75.98189125675945, 102.80962237059697, -143.76100503931, 42.54284263624645, -17.615388132055337, 7.202930950138537, 1.6467377348967205, -0.04008521602907252, 0.25851158104340655, -0.17545429235903642, 0.0, 0.06820682154677549, 0.0, -0.04950038324934807, 0.0, 0.037263853070731066, -0.12511761845693087, 0.0, 0.0, 0.0, 0.0, 0.0, 0.04521386763248739, 0.0, 0.0, 0.0, 0.0, 0.0], [0.0, 72.90175583458297, 0.0, -72.88868613035064, 0.0, 0.0, 0.0, 0.015594582691787423, -0.07289831623019523, 0.0, 0.0, 0.0, 0.0, 0.0, 0.05782966214511547, 0.0, 0.0, 0.0, 0.0, 0.0, 0.0, 0.0, 0.0, 0.0, 0.0, 0.0, 0.0, 0.0], [0.0, 0.0, 72.71367075548669, 0.0, -72.83576602342909, 0.0, 0.0, 0.05348767683292499, 0.0, 0.0, 0.0, 0.0, 0.0, -0.0691096001773919, -0.01675384353454134, 0.0, 0.0, 0.0, 0.0, 0.04181326462353033, 0.0, 0.0, 0.0, 0.0, 0.0, 0.0, 0.0, 0.0], [0.0, 0.0, 0.0, 72.96735735734333, 0.0, -73.00497088627604, 0.0, 0.0, 0.0, -0.028849723586361047, 0.0, -0.01698830318967696, 0.0, 0.07650841963787605, 0.0, 0.0, 0.0, 0.0, -0.01999398022764286, -0.13579616283993337, 0.06727224009780428, 0.0, 0.0, 0.15378756619261255, 0.0, -0.03617123862003713, -0.06231707208667605, 0.0], [0.0, 0.0, 0.0, 0.0, 72.72917105407312, 0.0, -72.85591509314433, 0.0, 0.0, 0.0, -0.010987603602161533, 0.0, -0.02199951471149721, 0.0, 0.0, 0.0, 0.0, 0.0, 0.0644806621148668, 0.0, 0.0, 0.0, -0.0717584408050486, -0.03382070306145295, 0.05689764312233879, 0.0, 0.02040961368436893, 0.0], [0.0, -1.9819503273375207, -7.437602387561646, 18.55280119079954, -43.21438704112127, 144.53427426431026, -103.18895268960306, 0.0, 0.0, 0.0, 0.0, 0.0, 0.0, 0.0, 0.0, 0.0, 0.015700542281696407, 0.0, 0.0, 0.0, 0.07131136968634667, 0.01319052656011388, -0.013374624391573048, 0.0, 0.0, 0.12991699562970208, -0.36692576965618146, 0.1398968784587674]]",(x0)' = -75.982 1 +  102.810 x0 + -143.761 x1 +  42.543 x2 + -17.615 x3 +  7.203 x4 +  1.647 x5 + -0.040 x0^2 +  0.259 x0 x1 + -0.175 x0 x2 +  0.068 x0 x4 + -0.050 x1^2 +  0.037 x1 x3 + -0.125 x1 x4 +  0.045 x3^2 | (x1)' =  72.902 x0 + -72.889 x2 +  0.016 x0^2 + -0.073 x0 x1 +  0.058 x1 x2 | (x2)' =  72.714 x1 + -72.836 x3 +  0.053 x0^2 + -0.069 x1^2 + -0.017 x1 x2 +  0.042 x2 x3 | (x3)' =  72.967 x2 + -73.005 x4 + -0.029 x0 x2 + -0.017 x0 x4 +  0.077 x1^2 + -0.020 x2^2 + -0.136 x2 x3 +  0.067 x2 x4 +  0.154 x3 x4 + -0.036 x4^2 + -0.062 x4 x5 | (x4)' =  72.729 x3 + -72.856 x5 + -0.011 x0 x3 + -0.022 x0 x5 +  0.064 x2^2 + -0.072 x3^2 + -0.034 x3 x4 +  0.057 x3 x5 +  0.020 x4 x5 | (x5)' = -1.982 x0 + -7.438 x1 +  18.553 x2 + -43.214 x3 +  144.534 x4 + -103.189 x5 +  0.016 x1 x4 +  0.071 x2 x4 +  0.013 x2 x5 + -0.013 x3^2 +  0.130 x4^2 + -0.367 x4 x5 +  0.140 x5^2
24,80.0,,,stlsq,20000.0,0.05,1.0,2,6,2,8.0,40.0,9,36.0,smoothed_finite_difference_savgol_order_3,success,,56,168,33.333333333333336,1.6893855798989534,"[""1"", ""x0"", ""x1"", ""x2"", ""x3"", ""x4"", ""x5"", ""x0^2"", ""x0 x1"", ""x0 x2"", ""x0 x3"", ""x0 x4"", ""x0 x5"", ""x1^2"", ""x1 x2"", ""x1 x3"", ""x1 x4"", ""x1 x5"", ""x2^2"", ""x2 x3"", ""x2 x4"", ""x2 x5"", ""x3^2"", ""x3 x4"", ""x3 x5"", ""x4^2"", ""x4 x5"", ""x5^2""]","[[0.0, 147.78289851945848, -214.59568370404872, 69.84532996954592, 8.30087176173885, -31.235584159379375, 17.311622081766266, 0.035464805338318556, -0.010135244671672518, 0.0, 0.0, 0.0, 0.0, -0.010932257279836193, 0.0, -0.008605992231274832, 0.0, 0.0, 0.0, 0.0, 0.0, 0.0, 0.0, 0.0, 0.0, 0.0, 0.0, 0.0], [0.0, 70.43510785634501, 0.0, -71.86745516563701, -4.863120404537406, 13.44108562691636, -6.31897448383848, -0.007521415774861328, 0.0, 0.0, 0.0, 0.0, 0.0, 0.0, 0.0, 0.0, 0.0, 0.0, 0.004959962691742436, 0.0, 0.0, 0.0, 0.0, 0.0, 0.0, 0.0, 0.0, 0.0], [0.0, -13.668501201708018, 87.98277142411152, 0.0, -89.49650013855518, 17.167801188510722, -2.2194094308844394, 0.0028543790088985752, 0.0, 0.0, 0.0, 0.0, 0.0, -0.0024991020219263848, 0.0, 0.0, 0.0, 0.0, 0.0, 0.0, 0.0, 0.0, 0.0005694521720215735, 0.0, 0.0, 0.0, 0.0, 0.0], [0.0, 2.1815427106613523, -16.902806413454847, 89.11489009963611, 0.0, -87.61408309359881, 13.435864793304635, 0.0, 0.001251914451795519, 0.0, 0.0, 0.0, 0.0, 0.0, 0.0, 0.0, 0.0, 0.0, -0.001807209133784068, 0.0, 0.0, 0.0, 0.0, 0.0, 0.0, 0.005624295066863617, 0.0, -0.005612064292567175], [0.0, 6.377686372391512, -13.541891495392349, 4.879923113919339, 71.90403033056765, 0.0, -70.44173351144677, 0.0, 0.0, 0.0, 0.0, 0.0, 0.0, 0.0, 0.0, 0.0, 0.0, 0.0, 0.0, 0.0, 0.0, 0.0, -0.008554904304137098, 0.0, 0.0, 0.0, 0.0, 0.010199695723338406], [0.0, -17.121515899314755, 31.065594842210754, -8.299366951338966, -69.94290476931964, 214.64254467421577, -147.7720110026613, 0.0, 0.0, 0.0, 0.0, 0.04670565064655155, 0.0, 0.013543610269425242, 0.0, 0.0, -0.11054291060633187, -0.010404344324251935, 0.0, -0.10381935836585342, 0.21856639950618043, 0.0, 0.0, 0.0, 0.0, 0.07674162002867929, -0.19054413691205915, 0.057702401415013496]]",(x0)' =  147.783 x0 + -214.596 x1 +  69.845 x2 +  8.301 x3 + -31.236 x4 +  17.312 x5 +  0.035 x0^2 + -0.010 x0 x1 + -0.011 x1^2 + -0.009 x1 x3 | (x1)' =  70.435 x0 + -71.867 x2 + -4.863 x3 +  13.441 x4 + -6.319 x5 + -0.008 x0^2 +  0.005 x2^2 | (x2)' = -13.669 x0 +  87.983 x1 + -89.497 x3 +  17.168 x4 + -2.219 x5 +  0.003 x0^2 + -0.002 x1^2 +  0.001 x3^2 | (x3)' =  2.182 x0 + -16.903 x1 +  89.115 x2 + -87.614 x4 +  13.436 x5 +  0.001 x0 x1 + -0.002 x2^2 +  0.006 x4^2 + -0.006 x5^2 | (x4)' =  6.378 x0 + -13.542 x1 +  4.880 x2 +  71.904 x3 + -70.442 x5 + -0.009 x3^2 +  0.010 x5^2 | (x5)' = -17.122 x0 +  31.066 x1 + -8.299 x2 + -69.943 x3 +  214.643 x4 + -147.772 x5 +  0.047 x0 x4 +  0.014 x1^2 + -0.111 x1 x4 + -0.010 x1 x5 + -0.104 x2 x3 +  0.219 x2 x4 +  0.077 x4^2 + -0.191 x4 x5 +  0.058 x5^2
25,80.0,,,stlsq,20000.0,0.05,1.0,2,6,5,20.0,100.0,0,0.0,finite_difference,success,,57,168,33.92857142857143,2.1585246957838535,"[""1"", ""x0"", ""x1"", ""x2"", ""x3"", ""x4"", ""x5"", ""x0^2"", ""x0 x1"", ""x0 x2"", ""x0 x3"", ""x0 x4"", ""x0 x5"", ""x1^2"", ""x1 x2"", ""x1 x3"", ""x1 x4"", ""x1 x5"", ""x2^2"", ""x2 x3"", ""x2 x4"", ""x2 x5"", ""x3^2"", ""x3 x4"", ""x3 x5"", ""x4^2"", ""x4 x5"", ""x5^2""]","[[0.0, 16.375036682857225, -39.10504335207335, 10.580859829669901, 2.671459852752335, 5.3967764352906915, -2.128961795972105, 0.0, 0.0, 0.0, 0.0, 0.0, 0.0, 0.0, 0.0, 0.0, 0.0, 0.0, 0.0, 0.0, 0.0, 0.0, 0.0, 0.0, 0.0, 0.0, 0.0, 0.0], [0.0, 32.545319433050096, 0.0, -36.02300434678963, 5.428218328871523, 0.0, 0.0, 0.12572316751833718, -0.22449640658173026, 0.0, 0.0, 0.0, 0.0, 0.0, 0.1765776173570141, 0.0, 0.0, 0.0, -0.08610273378006804, 0.0, 0.0, 0.0, 0.0, 0.0, 0.0, 0.0, 0.0, 0.0], [0.0, -8.286695530854317, 36.56755463463265, 0.0, -35.437425687177054, 7.258248416101902, 0.0, -0.042495592832209106, 0.0, 0.1010821288564189, -0.033891480056057174, 0.0, 0.0, 0.15820783225877547, -0.28084094763744066, 0.0, 0.0, 0.0, 0.0, 0.16968396499091992, 0.0, 0.0, -0.07443704355798227, 0.0, 0.0, 0.0, 0.0, 0.0], [0.0, 0.0, -8.297651004461812, 36.58529433319151, 0.0, -35.44670348407223, 7.265069099339786, 0.0, 0.0, 0.0, 0.0, 0.0, 0.0, -0.042609059051080644, 0.00033975638368315917, 0.1011793827751817, -0.03415242875875098, 0.0, 0.15766437305077513, -0.28041544333776125, 0.0, 0.0, 0.0, 0.169669208914597, 0.0, -0.07430057139155545, 0.0, 0.0], [0.0, 0.0, 0.0, -6.61054619900239, 36.97065430979703, 0.0, -31.977387251375056, 0.0, 0.0, 0.0, 0.0, 0.0, 0.0, 0.0, 0.0, 0.0, 0.0, 0.0, -0.04217565975295671, -0.0005713264176668648, 0.10259109962429011, -0.03481072226884332, 0.15851344031398734, -0.28151103952783674, 0.0, 0.0, 0.15728057819566033, -0.06142187671295791], [0.0, 2.1243078959033452, -5.14071226458562, -2.2934106061728916, -12.580279338584667, 41.668500500528786, -17.45682960386248, 0.0, 0.0, 0.0, 0.0, 0.0, 0.0, 0.0, 0.0, 0.0, 0.0, 0.0, 0.0, 0.0, 0.0, 0.0, -0.07043116432565126, 0.0, 0.14519191111074672, 0.16345278317605, -0.2506159612589988, 0.0]]",(x0)' =  16.375 x0 + -39.105 x1 +  10.581 x2 +  2.671 x3 +  5.397 x4 + -2.129 x5 | (x1)' =  32.545 x0 + -36.023 x2 +  5.428 x3 +  0.126 x0^2 + -0.224 x0 x1 +  0.177 x1 x2 + -0.086 x2^2 | (x2)' = -8.287 x0 +  36.568 x1 + -35.437 x3 +  7.258 x4 + -0.042 x0^2 +  0.101 x0 x2 + -0.034 x0 x3 +  0.158 x1^2 + -0.281 x1 x2 +  0.170 x2 x3 + -0.074 x3^2 | (x3)' = -8.298 x1 +  36.585 x2 + -35.447 x4 +  7.265 x5 + -0.043 x1^2 +  0.101 x1 x3 + -0.034 x1 x4 +  0.158 x2^2 + -0.280 x2 x3 +  0.170 x3 x4 + -0.074 x4^2 | (x4)' = -6.611 x2 +  36.971 x3 + -31.977 x5 + -0.042 x2^2 + -0.001 x2 x3 +  0.103 x2 x4 + -0.035 x2 x5 +  0.159 x3^2 + -0.282 x3 x4 +  0.157 x4 x5 + -0.061 x5^2 | (x5)' =  2.124 x0 + -5.141 x1 + -2.293 x2 + -12.580 x3 +  41.669 x4 + -17.457 x5 + -0.070 x3^2 +  0.145 x3 x5 +  0.163 x4^2 + -0.251 x4 x5
26,80.0,,,stlsq,20000.0,0.05,1.0,2,6,5,20.0,100.0,5,20.0,smoothed_finite_difference_savgol_order_3,success,,59,168,35.11904761904762,1.5434409845620394,"[""1"", ""x0"", ""x1"", ""x2"", ""x3"", ""x4"", ""x5"", ""x0^2"", ""x0 x1"", ""x0 x2"", ""x0 x3"", ""x0 x4"", ""x0 x5"", ""x1^2"", ""x1 x2"", ""x1 x3"", ""x1 x4"", ""x1 x5"", ""x2^2"", ""x2 x3"", ""x2 x4"", ""x2 x5"", ""x3^2"", ""x3 x4"", ""x3 x5"", ""x4^2"", ""x4 x5"", ""x5^2""]","[[0.0, 16.776593483957868, -39.58958976093882, 10.919588635508521, 2.5089517671444828, 5.474048927842598, -2.2122297755839804, 0.0, 0.0, 0.0, 0.0, 0.0, 0.0, 0.0, 0.0, 0.0, 0.0, 0.0, 0.0, 0.0, 0.0, 0.0, 0.0, 0.0, 0.0, 0.0, 0.0, 0.0], [0.0, 32.553530931540394, 0.0, -36.16610115171558, 5.549693648340442, 0.0, 0.0, 0.12450875706904752, -0.22445608982451168, 0.0, 0.0, 0.0, 0.0, 0.0, 0.1805516556824079, 0.0, 0.0, 0.0, -0.08825401415840817, 0.0, 0.0, 0.0, 0.0, 0.0, 0.0, 0.0, 0.0, 0.0], [0.0, -8.423265574775241, 36.656532200398836, 0.0, -35.57993144217295, 7.429181618223115, 0.0, -0.044317218361154063, 0.0059505572618148836, 0.09890792805958426, -0.034646911881685026, 0.0, 0.0, 0.15555899664967066, -0.2808993124062811, 0.0, 0.0, 0.0, 0.0, 0.17379509626072018, 0.0, 0.0, -0.07622718491088598, 0.0, 0.0, 0.0, 0.0, 0.0], [0.0, 0.0, -8.43883405377295, 36.67893178952433, 0.0, -35.59123785220231, 7.437278739092949, 0.0, 0.0, 0.0, 0.0, 0.0, 0.0, -0.04400277848774665, 0.004890730601235586, 0.09968429832119466, -0.03501030633020597, 0.0, 0.15546453764063503, -0.2805761666022689, 0.0, 0.0, 0.0, 0.17381982302350169, 0.0, -0.07614170845462821, 0.0, 0.0], [0.0, 0.0, 0.0, -6.693970872991647, 37.05781277250384, 0.0, -32.003808309828635, 0.0, 0.0, 0.0, 0.0, 0.0, 0.0, 0.0, 0.0, 0.0, 0.0, 0.0, -0.04358377498266704, 0.004152126142693604, 0.1009220091273671, -0.035649748818363525, 0.1562120452122209, -0.28154026625307293, 0.0, 0.0, 0.16081051178602238, -0.06273754047722162], [0.0, 2.210194631358347, -5.224109381987808, -2.1076689886789732, -12.918089943648672, 42.12401609846978, -17.859212008749235, 0.0, 0.0, 0.0, 0.0, 0.0, 0.0, 0.0, 0.0, 0.0, 0.0, 0.0, 0.0, 0.0, 0.0, 0.0, -0.07153959419648012, 0.0004043178945812097, 0.1464647527109312, 0.16364355949178416, -0.2509219455842432, 0.0]]",(x0)' =  16.777 x0 + -39.590 x1 +  10.920 x2 +  2.509 x3 +  5.474 x4 + -2.212 x5 | (x1)' =  32.554 x0 + -36.166 x2 +  5.550 x3 +  0.125 x0^2 + -0.224 x0 x1 +  0.181 x1 x2 + -0.088 x2^2 | (x2)' = -8.423 x0 +  36.657 x1 + -35.580 x3 +  7.429 x4 + -0.044 x0^2 +  0.006 x0 x1 +  0.099 x0 x2 + -0.035 x0 x3 +  0.156 x1^2 + -0.281 x1 x2 +  0.174 x2 x3 + -0.076 x3^2 | (x3)' = -8.439 x1 +  36.679 x2 + -35.591 x4 +  7.437 x5 + -0.044 x1^2 +  0.005 x1 x2 +  0.100 x1 x3 + -0.035 x1 x4 +  0.155 x2^2 + -0.281 x2 x3 +  0.174 x3 x4 + -0.076 x4^2 | (x4)' = -6.694 x2 +  37.058 x3 + -32.004 x5 + -0.044 x2^2 +  0.004 x2 x3 +  0.101 x2 x4 + -0.036 x2 x5 +  0.156 x3^2 + -0.282 x3 x4 +  0.161 x4 x5 + -0.063 x5^2 | (x5)' =  2.210 x0 + -5.224 x1 + -2.108 x2 + -12.918 x3 +  42.124 x4 + -17.859 x5 + -0.072 x3^2 +  0.146 x3 x5 +  0.164 x4^2 + -0.251 x4 x5
27,80.0,,,stlsq,20000.0,0.05,1.0,2,6,5,20.0,100.0,9,36.0,smoothed_finite_difference_savgol_order_3,success,,56,168,33.333333333333336,2.3056711200624704,"[""1"", ""x0"", ""x1"", ""x2"", ""x3"", ""x4"", ""x5"", ""x0^2"", ""x0 x1"", ""x0 x2"", ""x0 x3"", ""x0 x4"", ""x0 x5"", ""x1^2"", ""x1 x2"", ""x1 x3"", ""x1 x4"", ""x1 x5"", ""x2^2"", ""x2 x3"", ""x2 x4"", ""x2 x5"", ""x3^2"", ""x3 x4"", ""x3 x5"", ""x4^2"", ""x4 x5"", ""x5^2""]","[[0.0, 21.543241976919237, -48.78842909926836, 16.215371601929206, 0.25925188069144284, 4.955826476693902, 0.0, 0.0, 0.08111501773299444, 0.0, 0.0, 0.0, 0.0, 0.0, -0.06646753777704385, 0.0, 0.0, 0.0, 0.0, 0.0, 0.0, 0.0, 0.0, 0.0, 0.0, 0.0, 0.0, 0.0], [0.0, 36.54601615859631, 0.0, -41.26984877339567, 9.957685912555949, -4.0145928052203095, 0.0, 0.10109744390261177, -0.20699078391917128, 0.0, 0.0, 0.0, 0.0, 0.0, 0.1966226681502796, 0.0, 0.0, 0.0, -0.09406775922488811, 0.0, 0.0, 0.0, 0.0, 0.0, 0.0, 0.0, 0.0, 0.0], [0.0, -10.84694060043888, 40.75241975421737, 0.0, -40.25597648872215, 10.257483607410995, 0.0, -0.05716735303594834, 0.07641999088657692, 0.0, 0.0, 0.0, 0.0, 0.10530924474557381, -0.22730499358760772, 0.0, 0.0, 0.0, 0.0, 0.19140998047759947, 0.0, 0.0, -0.08503670097527954, 0.0, 0.0, 0.0, 0.0, 0.0], [0.0, 0.0, -10.875370535037131, 40.8135798345192, 0.0, -40.25548802140972, 10.268536362079168, 0.0, 0.0, 0.0, 0.0, 0.0, 0.0, -0.0462181166875378, 0.03807447143258325, 0.07375844676345934, -0.03454563220425459, 0.0, 0.11801712298956273, -0.2533794411440177, 0.0, 0.0, 0.0, 0.18847898441156413, 0.0, -0.0804782393683509, 0.0, 0.0], [0.0, 0.0, 4.089251613962411, -10.734148671189715, 41.600585538139626, 0.0, -36.171622924544984, 0.0, 0.0, 0.0, 0.0, 0.0, 0.0, 0.0, 0.0, 0.0, 0.0, 0.0, -0.06477328715436463, 0.0848899354488866, 0.0, 0.0, 0.10355575274743282, -0.22852950770830374, 0.0, 0.0, 0.1761358160687247, -0.06792316505549681], [0.0, 0.0, -4.702397748568648, 0.0, -17.505976361619002, 50.267346420467454, -22.32216386498066, 0.0, 0.0, 0.0, 0.0, 0.0, 0.0, 0.0, 0.0, 0.0, 0.0, 0.0, 0.0, 0.0, 0.0, 0.0, -0.08094109194734855, 0.040204352678963155, 0.12720547505952826, 0.13275701384900543, -0.22720740760484037, 0.0]]",(x0)' =  21.543 x0 + -48.788 x1 +  16.215 x2 +  0.259 x3 +  4.956 x4 +  0.081 x0 x1 + -0.066 x1 x2 | (x1)' =  36.546 x0 + -41.270 x2 +  9.958 x3 + -4.015 x4 +  0.101 x0^2 + -0.207 x0 x1 +  0.197 x1 x2 + -0.094 x2^2 | (x2)' = -10.847 x0 +  40.752 x1 + -40.256 x3 +  10.257 x4 + -0.057 x0^2 +  0.076 x0 x1 +  0.105 x1^2 + -0.227 x1 x2 +  0.191 x2 x3 + -0.085 x3^2 | (x3)' = -10.875 x1 +  40.814 x2 + -40.255 x4 +  10.269 x5 + -0.046 x1^2 +  0.038 x1 x2 +  0.074 x1 x3 + -0.035 x1 x4 +  0.118 x2^2 + -0.253 x2 x3 +  0.188 x3 x4 + -0.080 x4^2 | (x4)' =  4.089 x1 + -10.734 x2 +  41.601 x3 + -36.172 x5 + -0.065 x2^2 +  0.085 x2 x3 +  0.104 x3^2 + -0.229 x3 x4 +  0.176 x4 x5 + -0.068 x5^2 | (x5)' = -4.702 x1 + -17.506 x3 +  50.267 x4 + -22.322 x5 + -0.081 x3^2 +  0.040 x3 x4 +  0.127 x3 x5 +  0.133 x4^2 + -0.227 x4 x5
28,80.0,,,stlsq,20000.0,0.05,1.0,2,8,1,4.0,28.0,0,0.0,finite_difference,success,,86,360,23.88888888888889,10.270814577117562,"[""1"", ""x0"", ""x1"", ""x2"", ""x3"", ""x4"", ""x5"", ""x6"", ""x7"", ""x0^2"", ""x0 x1"", ""x0 x2"", ""x0 x3"", ""x0 x4"", ""x0 x5"", ""x0 x6"", ""x0 x7"", ""x1^2"", ""x1 x2"", ""x1 x3"", ""x1 x4"", ""x1 x5"", ""x1 x6"", ""x1 x7"", ""x2^2"", ""x2 x3"", ""x2 x4"", ""x2 x5"", ""x2 x6"", ""x2 x7"", ""x3^2"", ""x3 x4"", ""x3 x5"", ""x3 x6"", ""x3 x7"", ""x4^2"", ""x4 x5"", ""x4 x6"", ""x4 x7"", ""x5^2"", ""x5 x6"", ""x5 x7"", ""x6^2"", ""x6 x7"", ""x7^2""]","[[-83.249660274569, 247.31683398621348, -333.81281175744914, 104.50137515094046, 0.0, -52.19425148808393, 32.55440370902719, 0.0, -3.8120422517744137, -0.11227862521431997, 0.12028956046812336, 0.0, 0.11211919282499153, 0.0, 0.0, 0.0, 0.028329456009804695, 0.47078655580098944, -0.9896172546872763, 0.0, 0.0, -0.027915698430687322, 0.0, 0.0, 0.5061785856026627, 0.0, 0.0, -0.1865753371741553, 0.12137064260047528, -0.08496567243294038, 0.0, 0.0, 0.0, 0.0, 0.0, 0.0, 0.0, 0.0, 0.0, 0.05645256650761303, 0.0, 0.0, 0.0, 0.0, 0.0], [0.0, 125.03903414606587, 0.0, -125.07835054835473, 0.03892461093464144, 0.0, 0.0, 0.019801432086007056, -0.019352816913099705, -0.00011751819169310847, 0.0, 0.0, 0.0, 0.0, 0.0, 0.0, 0.0, 0.0, 0.00025605327388011017, 0.0, 0.0, 0.0, 0.0, 0.0, -0.00010861843738471922, 0.0, 0.0, 0.0, 0.0, 0.0, 0.0, 0.0, 0.0, 0.0, 0.0, 0.0, 0.0, 0.0, 0.0, 0.0, 0.0, 0.0, 0.0, 0.0, 0.0], [0.0, -0.04333613796298115, 125.082858515133, 0.0, -125.07925551621582, 0.04086136547582886, 0.0, 0.0, 0.0, 0.0, 0.0, 0.0, 0.0, 0.0, 0.0, 0.0, 0.0, 0.00028757341189853064, 0.0, 0.0, 0.0, 0.0, 0.0, 0.0, 0.0, -0.0009159999213443886, 0.0, 0.0, 0.0, 0.0, 0.0007373456999447308, 0.0, 0.0, 0.0, 0.0, 0.0, 0.0, 0.0, 0.0, 0.0, 0.0, 0.0, 0.0, 0.0, 0.0], [0.0, 0.0, -0.07246929575897747, 125.13017121963442, 0.0, -125.09735598391666, 0.041369807792775916, 0.0, 0.0, -1.2977536542402284e-05, 0.0, 0.0, 0.0, 0.0, 0.0, 0.0, 0.0, 0.0, 0.0008319109479791452, 0.0, 0.0, 0.0, 0.0, 0.0, -0.0013229138055462825, 0.0, 0.0, 0.0, 0.0, 0.0, 0.0, 0.0010734096338746234, 0.0, 0.0, 0.0, -0.0005878298213915563, 0.0, 0.0, 0.0, 0.0, 0.0, 0.0, 0.0, 0.0, 0.0], [0.0, 0.0, 0.0, -0.05184215153197922, 125.11086721707275, 0.0, -125.10394957477891, 0.04806194666077703, 0.0, 0.0, 0.0, 0.0, 0.0, 0.0, 0.0, 0.0, 0.0, 0.0, 0.0, 0.0, 0.0, 0.0, 0.0, 0.0, 0.0, 0.0, 0.0, 0.0, 0.0, 0.0, 4.20099648470485e-05, 0.0, 0.0, 0.0, 0.0, 0.0, 0.0, 0.0, 0.0, -0.0001579022728277051, 0.0, 0.0, 0.0, 0.0, 0.0], [0.0, 0.0, 0.0, 0.0, -0.06937968002513602, 125.1169123115247, 0.0, -125.09178449356999, 0.033087123954022996, 0.0, 0.0, 0.0, 0.0, 0.0, 0.0, 0.0, 0.0, 0.0, 0.0, 0.0, 0.0, 0.0, 0.0, 0.0, 0.0, 0.0, 0.0, 0.0, 0.0, 0.0, 0.0, 0.0, 0.0, 0.0, 0.0, 0.00023674158235003265, 0.0, 0.0, 0.0, 0.0, -0.001929320137121371, 0.0, 0.0018412012776620936, 0.0, 0.0], [0.0, 0.023289995503846455, -0.024606390987593242, 0.0, 0.0, -0.04343878145342899, 125.07375342941633, 0.0, -125.03525757034672, 0.0, 0.0, 0.0, 0.0, 0.0, -0.0004447367539592474, 0.0, 0.00018132293924770683, 0.0, 0.0, 0.0, 0.0, 0.0, 0.0, 0.0, 0.0, 0.0, 0.0, 0.0, 0.0, 0.0, 0.0, 0.0, 0.0, 0.0, 0.0, 0.0, 0.0007312285185781407, 0.0, -0.00048814823740773, -0.00242712744559609, 0.0029337811661508486, 0.0, 0.0, 0.0, -0.00045994628031266715], [57.25439710187013, 3.735477534261416, 0.0, -32.39506162521219, 52.05290025568023, 0.0, -103.79056011735904, 333.21004513853984, -247.248225598624, -0.022157789432545295, 0.0, 0.0, 0.0, 0.0, 0.10070799121469869, -0.11414933476098449, 0.06245709639876768, 0.0, 0.0, 0.0, 0.0, -0.14214641948203116, 0.32747627951396846, -0.18422934378799685, 0.0, 0.0, 0.0, 0.0, 0.0, 0.0, 0.0, 0.0, 0.0, 0.0, 0.0, 0.0, 0.0, 0.0, 0.0, -0.04260848863077284, 0.15297141268972742, 0.0, -0.18586197238043722, 0.0, 0.033224659051253824]]",(x0)' = -83.250 1 +  247.317 x0 + -333.813 x1 +  104.501 x2 + -52.194 x4 +  32.554 x5 + -3.812 x7 + -0.112 x0^2 +  0.120 x0 x1 +  0.112 x0 x3 +  0.028 x0 x7 +  0.471 x1^2 + -0.990 x1 x2 + -0.028 x1 x5 +  0.506 x2^2 + -0.187 x2 x5 +  0.121 x2 x6 + -0.085 x2 x7 +  0.056 x5^2 | (x1)' =  125.039 x0 + -125.078 x2 +  0.039 x3 +  0.020 x6 + -0.019 x7 | (x2)' = -0.043 x0 +  125.083 x1 + -125.079 x3 +  0.041 x4 + -0.001 x2 x3 +  0.001 x3^2 | (x3)' = -0.072 x1 +  125.130 x2 + -125.097 x4 +  0.041 x5 +  0.001 x1 x2 + -0.001 x2^2 +  0.001 x3 x4 + -0.001 x4^2 | (x4)' = -0.052 x2 +  125.111 x3 + -125.104 x5 +  0.048 x6 | (x5)' = -0.069 x3 +  125.117 x4 + -125.092 x6 +  0.033 x7 + -0.002 x5 x6 +  0.002 x6^2 | (x6)' =  0.023 x0 + -0.025 x1 + -0.043 x4 +  125.074 x5 + -125.035 x7 +  0.001 x4 x5 + -0.002 x5^2 +  0.003 x5 x6 | (x7)' =  57.254 1 +  3.735 x0 + -32.395 x2 +  52.053 x3 + -103.791 x5 +  333.210 x6 + -247.248 x7 + -0.022 x0^2 +  0.101 x0 x5 + -0.114 x0 x6 +  0.062 x0 x7 + -0.142 x1 x5 +  0.327 x1 x6 + -0.184 x1 x7 + -0.043 x5^2 +  0.153 x5 x6 + -0.186 x6^2 +  0.033 x7^2
29,80.0,,,stlsq,20000.0,0.05,1.0,2,8,1,4.0,28.0,5,20.0,smoothed_finite_difference_savgol_order_3,success,,97,360,26.944444444444443,10.286072820425034,"[""1"", ""x0"", ""x1"", ""x2"", ""x3"", ""x4"", ""x5"", ""x6"", ""x7"", ""x0^2"", ""x0 x1"", ""x0 x2"", ""x0 x3"", ""x0 x4"", ""x0 x5"", ""x0 x6"", ""x0 x7"", ""x1^2"", ""x1 x2"", ""x1 x3"", ""x1 x4"", ""x1 x5"", ""x1 x6"", ""x1 x7"", ""x2^2"", ""x2 x3"", ""x2 x4"", ""x2 x5"", ""x2 x6"", ""x2 x7"", ""x3^2"", ""x3 x4"", ""x3 x5"", ""x3 x6"", ""x3 x7"", ""x4^2"", ""x4 x5"", ""x4 x6"", ""x4 x7"", ""x5^2"", ""x5 x6"", ""x5 x7"", ""x6^2"", ""x6 x7"", ""x7^2""]","[[-31.61497136942869, 439.8392891662747, -939.0351871045356, 1077.7067014759252, -1101.3738019520279, 877.4920591183771, -533.2828880557422, 225.47060355827762, -48.94266955658954, 0.03890594891958236, -0.05075682580897906, 0.0, 0.0, 0.03164108055417209, 0.0, 0.0, -0.008276677246724264, 0.07549094422164146, -0.13034783353819093, 0.0, -0.1285288319799188, 0.07646953483829783, 0.0, 0.0, 0.11950238140372314, 0.0, 0.0, 0.01442157156479283, -0.0865362489379878, 0.032316869762158036, 0.0, 0.0, 0.0, 0.0, 0.0, 0.0, 0.0, 0.0, 0.0, 0.021230305034187224, 0.0, 0.0, 0.0, 0.0, 0.0], [0.0, 125.02685232846025, -0.021577327993149483, -124.86573263415848, -0.38299177183215294, 0.36168537157099195, -0.11900963206428294, 0.0, 0.0, -0.0001232664645012601, 0.0, 0.0, 0.0, 0.0, 0.0, 0.0, 0.0, 0.0, 0.0002833413246037785, 0.0, 0.0, 0.0, 0.0, 0.0, -0.00011405734825826074, 0.0, 0.0, 0.0, 0.0, 0.0, 0.0, 0.0, 0.0, 0.0, 0.0, 0.0, 0.0, 0.0, 0.0, 0.0, 0.0, 0.0, 0.0, 0.0, 0.0], [0.0, -0.07717779456305451, 125.13545959968295, 0.0, -125.08694656630014, -0.004795721212934701, 0.042874031159470624, -0.0061684093354809, 0.0, 0.0, 0.0, 0.0, 0.0, 0.0, 0.0, 0.0, 0.0, 0.0001139734814311815, 0.0, 0.0, 0.0, 0.0, 0.0, 0.0, 0.0, 0.0, 0.0, 0.0, 0.0, 0.0, 2.2908731783388897e-06, 0.0, 0.0, 0.0, 0.0, 0.0, 0.0, 0.0, 0.0, 0.0, 0.0, 0.0, 0.0, 0.0, 0.0], [0.0, -0.002559095761047704, -0.08394749732240814, 125.12528683446394, 0.0, -124.85791391752386, -0.4843211445825126, 0.4193311542275661, -0.11061603452925083, -0.00017405785049663552, 0.0, 0.0, 0.0, 0.0, 0.0, 0.0, 0.0, 0.0, 0.0017610651695401957, 0.0, 0.0, 0.0, 0.0, 0.0, -0.0020504362279669215, 0.0, 0.0, 0.0, 0.0, 0.0, 0.0, 0.0, 0.0, 0.0, 0.0, 0.00044613613219689744, 0.0, 0.0, 0.0, 0.0, 0.0, 0.0, 0.0, 0.0, 0.0], [0.0, -0.036278857096549745, 0.13245453809116634, -0.32038595263763453, 125.38759026534125, 0.0, -125.4294156041402, 0.3982935652993293, -0.13515943119506046, 0.0, 0.0, 0.0, 0.0, 0.0, 0.0, 0.0, 0.0, 0.0, 0.0, 0.0, 0.0, 0.0, 0.0, 0.0, 0.0, 0.0, 0.0, 0.0, 0.0, 0.0, 0.00014124289299116116, 0.0, 0.0, 0.0, 0.0, 0.0, 0.0, 0.0, 0.0, -0.0002712732915152703, 0.0, 0.0, 0.0, 0.0, 0.0], [0.0, 0.0, -0.03886349114559731, 0.26383124986905787, -0.5778833011326183, 125.49731458582063, 0.0, -125.2542806016812, 0.10104187426067064, 0.0, 0.0, 0.0, 0.0, 0.0, 0.0, 0.0, 0.0, 0.0, 0.0, 0.0, 0.0, 0.0, 0.0, 0.0, 0.0, 0.0, 0.0, 0.0, 0.0, 0.0, 0.0, 0.0, 0.0, 0.0, 0.0, -0.0002157036453300634, 0.0, 0.0, 0.0, 0.0, 0.0, 0.0, 0.00035496883187314637, 0.0, 0.0], [0.0, 0.0, 0.0, 0.14354713713136183, -0.31718690280235023, 0.06576309875071501, 125.40759329858783, -0.4590652860960953, -124.84358322750963, 0.0, 0.0, 0.0, 0.0, 0.0, -0.00016447325351705953, 0.0, -0.0002187749133888122, 0.0, 0.0, 0.0, 0.0, 0.0, 0.0, 0.0, 0.0, 0.0, 0.0, 0.0, 0.0, 0.0, 0.0, 0.0, 0.0, 0.0, 0.0, 0.0, 0.0, 0.0, 0.0, -0.0033599511273455077, 0.005037804040553312, 0.0, 0.0, 0.0, -0.0012879651473878555], [15.596166168298273, -14.76834895617733, 0.0, 125.53177149333094, -368.0434276187118, 626.689309939977, -749.2976523352168, 782.7622313661823, -401.1414654311793, -0.009685128798581535, 0.0, 0.0, 0.0, 0.04312130079020854, -0.08664519361044747, 0.10356230517273278, -0.030280654726459633, 0.0, 0.0, 0.0, 0.0, -0.008129305255143037, 0.0, -0.00162184252721965, 0.0, 0.0, 0.0, 0.0, 0.0, 0.0, 0.0, 0.0, 0.0, 0.0, 0.0, 0.0, 0.0, 0.0, 0.0, 0.03855809630717005, -0.04661863268240387, 0.0, 0.00606971876848856, 0.0, -0.012221576794474123]]",(x0)' = -31.615 1 +  439.839 x0 + -939.035 x1 +  1077.707 x2 + -1101.374 x3 +  877.492 x4 + -533.283 x5 +  225.471 x6 + -48.943 x7 +  0.039 x0^2 + -0.051 x0 x1 +  0.032 x0 x4 + -0.008 x0 x7 +  0.075 x1^2 + -0.130 x1 x2 + -0.129 x1 x4 +  0.076 x1 x5 +  0.120 x2^2 +  0.014 x2 x5 + -0.087 x2 x6 +  0.032 x2 x7 +  0.021 x5^2 | (x1)' =  125.027 x0 + -0.022 x1 + -124.866 x2 + -0.383 x3 +  0.362 x4 + -0.119 x5 | (x2)' = -0.077 x0 +  125.135 x1 + -125.087 x3 + -0.005 x4 +  0.043 x5 + -0.006 x6 | (x3)' = -0.003 x0 + -0.084 x1 +  125.125 x2 + -124.858 x4 + -0.484 x5 +  0.419 x6 + -0.111 x7 +  0.002 x1 x2 + -0.002 x2^2 | (x4)' = -0.036 x0 +  0.132 x1 + -0.320 x2 +  125.388 x3 + -125.429 x5 +  0.398 x6 + -0.135 x7 | (x5)' = -0.039 x1 +  0.264 x2 + -0.578 x3 +  125.497 x4 + -125.254 x6 +  0.101 x7 | (x6)' =  0.144 x2 + -0.317 x3 +  0.066 x4 +  125.408 x5 + -0.459 x6 + -124.844 x7 + -0.003 x5^2 +  0.005 x5 x6 + -0.001 x7^2 | (x7)' =  15.596 1 + -14.768 x0 +  125.532 x2 + -368.043 x3 +  626.689 x4 + -749.298 x5 +  782.762 x6 + -401.141 x7 + -0.010 x0^2 +  0.043 x0 x4 + -0.087 x0 x5 +  0.104 x0 x6 + -0.030 x0 x7 + -0.008 x1 x5 + -0.002 x1 x7 +  0.039 x5^2 + -0.047 x5 x6 +  0.006 x6^2 + -0.012 x7^2
30,80.0,,,stlsq,20000.0,0.05,1.0,2,8,1,4.0,28.0,9,36.0,smoothed_finite_difference_savgol_order_3,success,,83,360,23.055555555555557,8.731495216488838,"[""1"", ""x0"", ""x1"", ""x2"", ""x3"", ""x4"", ""x5"", ""x6"", ""x7"", ""x0^2"", ""x0 x1"", ""x0 x2"", ""x0 x3"", ""x0 x4"", ""x0 x5"", ""x0 x6"", ""x0 x7"", ""x1^2"", ""x1 x2"", ""x1 x3"", ""x1 x4"", ""x1 x5"", ""x1 x6"", ""x1 x7"", ""x2^2"", ""x2 x3"", ""x2 x4"", ""x2 x5"", ""x2 x6"", ""x2 x7"", ""x3^2"", ""x3 x4"", ""x3 x5"", ""x3 x6"", ""x3 x7"", ""x4^2"", ""x4 x5"", ""x4 x6"", ""x4 x7"", ""x5^2"", ""x5 x6"", ""x5 x7"", ""x6^2"", ""x6 x7"", ""x7^2""]","[[-12.237497362114814, 420.19837457314014, -780.6913017180453, 664.591149104192, -492.38008244054396, 227.61704203446914, 0.0, -68.75265241871521, 28.52181754427269, -0.006013740880241575, 0.0, 0.0, 0.0, 0.0, 0.0, 0.0, 0.0, 0.1651710810462298, -0.2649605559385359, -0.0075501336148154855, 0.0, 0.0, -0.004447014064262498, 0.0, 0.10984835125334869, 0.0, 0.0, 0.0, 0.02452332854109552, -0.013957851243387564, 0.0, 0.0, 0.0, 0.0, 0.0, 0.0, 0.0, 0.0, 0.0, 0.0, 0.0, 0.0, 0.0, 0.0, -0.0007275389432071894], [0.0, 127.12108935941261, -10.145704059801183, -104.93694064752377, -22.195214238434893, 17.904186559602053, -13.68993899922767, 8.221016146990488, -2.27828098292347, 0.0006629415352672737, 0.0, 0.0, 0.0, 0.0, 0.0, 0.0, 0.0, 0.0, 0.0, 0.0, 0.0, 0.0, 0.0, 0.0, -0.0007610809588842704, 0.0, 0.0, 0.0, 0.0, 0.0, 0.0, 0.0, 0.0, 0.0, 0.0, 0.0, 0.0, 0.0, 0.0, 0.0, 0.0, 0.0, 0.0, 0.0, 0.0], [0.0, 0.161853958004173, 124.49582142370575, 0.0, -123.41500268638006, -1.9524794686612126, 0.5717936753634272, 0.24157487429971378, -0.09032015597891914, 0.0, 0.0, 0.0, 0.0, 0.0, 0.0, 0.0, 0.0, 0.0, 0.0, 0.0, 0.0, 0.0, 0.0, 0.0, 0.0, 0.0, 0.0, 0.0, 0.0, 0.0, 0.0, 0.0, 0.0, 0.0, 0.0, 0.0, 0.0, 0.0, 0.0, 0.0, 0.0, 0.0, 0.0, 0.0, 0.0], [0.0, 0.22235471255936382, 0.48841084277678176, 123.4010039882957, 0.0, -123.54216755669964, 1.158885716960743, -3.0450124171843935, 1.336002819206261, 0.0, 0.0, 0.0, 0.0, 0.0, 0.0, 0.0, 0.0, 0.0, 0.0, 0.0, 0.0, 0.0, 0.0, 0.0, 0.0, 0.0, 0.0, 0.0, 0.0, 0.0, 0.0, 0.0, 0.0, 0.0, 0.0, 0.0, 0.0, 0.0, 0.0, 0.0, 0.0, 0.0, 0.0, 0.0, 0.0], [0.0, -0.0019571630291878657, 0.8326224724596506, -1.7332429557200963, 125.45667715952376, 0.0, -121.98988567188749, -4.110040838818443, 1.5481099526232243, 0.0, 0.0, 0.0, 0.0, 0.0, 0.0, 0.0, 0.0, 0.0, 0.0, 0.0, 0.0, 0.0, 0.0, 0.0, 0.0, 0.0, 0.0, 0.0, 0.0, 0.0, 0.0, 0.0, 0.0, 0.0, 0.0, 0.0, 0.0, 0.0, 0.0, 0.0, 0.0, 0.0, 0.0, 0.0, 0.0], [0.0, -0.027550232690597802, -0.33337117063221305, 0.4341436779514093, 0.3650170543039705, 124.45850823431758, 0.0, -124.92383812385167, 0.015792597410865503, 0.0, 0.0, 0.0, 0.0, 0.0, 0.0, 0.0, 0.0, 0.0, 0.0, 0.0, 0.0, 0.0, 0.0, 0.0, 0.0, 0.0, 0.0, 0.0, 0.0, 0.0, 0.0, 0.0, 0.0, 0.0, 0.0, 0.0, 0.0, 0.0, 0.0, 0.0, 0.0, 0.0, 0.0, 0.0, 0.0], [0.0, 2.0778796515618376, -9.382488984839277, 18.588802139674854, -23.59998149725847, 24.865483318490632, 103.19573089263127, 12.325117298433586, -128.07434815420925, 0.0, 0.0, 0.0, 0.0, 0.0, 0.0, 0.0, 0.0, 0.0, 0.0, 0.0, 0.0, 0.0, 0.0, 0.0, 0.0, 0.0, 0.0, 0.0, 0.0, 0.0, 0.0, 0.0, 0.0, 0.0, 0.0, 0.0, 0.0, 0.0, 0.0, -6.968391596380464e-05, 0.0, 0.0, 0.0, 0.0, 0.00011531876511113602], [0.0, -29.17819082848736, 69.92871109928421, 0.0, -228.66288806355098, 494.1691709523436, -668.6294523671622, 785.3282740606084, -422.0555039883658, 0.008748263030676424, 0.0, 0.0, 0.0, -0.098472315483769, 0.1052285863709705, 0.0, -0.01346180737620071, 0.0, 0.0, 0.0, 0.022753247686309905, -0.03471997234680519, 0.0, 0.0, 0.0, 0.0, 0.0, 0.0, 0.0, 0.0, 0.0, 0.0, 0.0, 0.0, 0.0, 0.0, 0.08285913264923982, 0.0, 0.0, -0.09814570751077577, 0.008955695733260488, 0.0, 0.039708246881222216, 0.0, -0.02462853712122977]]",(x0)' = -12.237 1 +  420.198 x0 + -780.691 x1 +  664.591 x2 + -492.380 x3 +  227.617 x4 + -68.753 x6 +  28.522 x7 + -0.006 x0^2 +  0.165 x1^2 + -0.265 x1 x2 + -0.008 x1 x3 + -0.004 x1 x6 +  0.110 x2^2 +  0.025 x2 x6 + -0.014 x2 x7 + -0.001 x7^2 | (x1)' =  127.121 x0 + -10.146 x1 + -104.937 x2 + -22.195 x3 +  17.904 x4 + -13.690 x5 +  8.221 x6 + -2.278 x7 +  0.001 x0^2 + -0.001 x2^2 | (x2)' =  0.162 x0 +  124.496 x1 + -123.415 x3 + -1.952 x4 +  0.572 x5 +  0.242 x6 + -0.090 x7 | (x3)' =  0.222 x0 +  0.488 x1 +  123.401 x2 + -123.542 x4 +  1.159 x5 + -3.045 x6 +  1.336 x7 | (x4)' = -0.002 x0 +  0.833 x1 + -1.733 x2 +  125.457 x3 + -121.990 x5 + -4.110 x6 +  1.548 x7 | (x5)' = -0.028 x0 + -0.333 x1 +  0.434 x2 +  0.365 x3 +  124.459 x4 + -124.924 x6 +  0.016 x7 | (x6)' =  2.078 x0 + -9.382 x1 +  18.589 x2 + -23.600 x3 +  24.865 x4 +  103.196 x5 +  12.325 x6 + -128.074 x7 | (x7)' = -29.178 x0 +  69.929 x1 + -228.663 x3 +  494.169 x4 + -668.629 x5 +  785.328 x6 + -422.056 x7 +  0.009 x0^2 + -0.098 x0 x4 +  0.105 x0 x5 + -0.013 x0 x7 +  0.023 x1 x4 + -0.035 x1 x5 +  0.083 x4 x5 + -0.098 x5^2 +  0.009 x5 x6 +  0.040 x6^2 + -0.025 x7^2
31,80.0,,,stlsq,20000.0,0.05,1.0,2,8,2,8.0,56.0,0,0.0,finite_difference,success,,82,360,22.77777777777778,7.740991009399295,"[""1"", ""x0"", ""x1"", ""x2"", ""x3"", ""x4"", ""x5"", ""x6"", ""x7"", ""x0^2"", ""x0 x1"", ""x0 x2"", ""x0 x3"", ""x0 x4"", ""x0 x5"", ""x0 x6"", ""x0 x7"", ""x1^2"", ""x1 x2"", ""x1 x3"", ""x1 x4"", ""x1 x5"", ""x1 x6"", ""x1 x7"", ""x2^2"", ""x2 x3"", ""x2 x4"", ""x2 x5"", ""x2 x6"", ""x2 x7"", ""x3^2"", ""x3 x4"", ""x3 x5"", ""x3 x6"", ""x3 x7"", ""x4^2"", ""x4 x5"", ""x4 x6"", ""x4 x7"", ""x5^2"", ""x5 x6"", ""x5 x7"", ""x6^2"", ""x6 x7"", ""x7^2""]","[[-84.20908698862198, 84.49713080510524, -110.6212199871589, 13.282906903669163, 0.0, 0.6757949376791164, 0.0, 0.0, 5.195158018652625, -0.05648316611554547, 0.28795251345467804, -0.14707398413930559, 0.0, 0.06642796829265497, 0.0, 0.0, 0.0, -0.04547168973137143, 0.0, -0.049434832076099666, -0.06775040079235274, 0.0, 0.0, -0.03473153449795369, 0.0, 0.0, 0.0, 0.0, 0.0, 0.0, 0.062095654737452, 0.0, 0.0, 0.0, 0.0, 0.0, 0.0, 0.0, 0.0, 0.0, 0.0, 0.0, 0.0, 0.0, 0.0], [0.0, 73.04129061840636, 0.0, -72.94412295658475, 0.0, 0.0, 0.0, 0.0, 0.0, 0.06232901781120016, -0.17767014834307973, 0.0, 0.0, 0.0, 0.0, 0.0, 0.0, 0.0, 0.22054669332929297, 0.0, 0.0, 0.0, 0.0, 0.0, -0.057195241452689886, -0.05554795910426163, 0.0, 0.0, 0.0, 0.0, 0.0, 0.0, 0.0, 0.0, 0.0, 0.0, 0.0, 0.0, 0.0, 0.0, 0.0, 0.0, 0.0, 0.0, 0.0], [0.0, 0.0, 72.83521430075756, 0.0, -72.84595920661621, 0.0, 0.0, 0.0, 0.0, 0.05277101031104739, 0.0, 0.0, 0.0, 0.0, 0.0, 0.0, 0.0, -0.006170929028062437, -0.14136328427250108, 0.0, 0.0, 0.0, 0.0, 0.0, 0.0, 0.20736503722386723, 0.0, 0.0, 0.0, 0.0, -0.048280953294498545, -0.06398891797804222, 0.0, 0.0, 0.0, 0.0, 0.0, 0.0, 0.0, 0.0, 0.0, 0.0, 0.0, 0.0, 0.0], [0.0, 0.0, 0.0, 72.77212960011043, 0.0, -72.84757051487573, 0.0, 0.0, 0.0, 0.0, 0.0, -0.007109032245896787, 0.0, -0.02865178363463923, 0.0, 0.0, 0.0, 0.0637613015365279, 0.0, 0.0, 0.0, 0.0, 0.0, 0.0, -0.011839099487782228, -0.15779963273015793, 0.0783563868269636, 0.0, 0.0, 0.0, 0.0, 0.17129748364466094, 0.0, 0.0, 0.0, -0.04843767572957741, -0.06099272164665841, 0.0, 0.0, 0.0, 0.0, 0.0, 0.0, 0.0, 0.0], [0.0, 0.0, 0.0, 0.0, 72.82114111141344, 0.0, -72.88631622052569, 0.0, 0.0, 0.0, 0.0, 0.0, -0.007444285767089325, 0.0, -0.012480327500881003, 0.0, 0.0, 0.0, 0.0, 0.0, 0.0, 0.0, 0.0, 0.0, 0.05907332080698555, 0.0, 0.0, 0.0, 0.0, 0.0, -0.008028497685010195, -0.15983322728409038, 0.05809401519718977, 0.0, 0.0, 0.0, 0.1793740937989866, 0.0, 0.0, -0.046805556368969194, -0.06270808908881825, 0.0, 0.0, 0.0, 0.0], [0.0, 0.0, 0.0, 0.0, 0.0, 72.78692962216901, 0.0, -72.8646642434485, 0.0, 0.0, 0.0, 0.0, 0.0, 0.0, 0.0, 0.0, 0.0, 0.0, 0.0, 0.0, -0.007104913375832421, 0.0, -0.012451709795815998, 0.0, 0.0, 0.0, 0.0, 0.0, 0.0, 0.0, 0.05881837199009225, 0.0, 0.0, 0.0, 0.0, -0.008261036471522001, -0.15951070343815407, 0.05859423698704477, 0.0, 0.0, 0.17905848417414685, 0.0, -0.04716847322160498, -0.062456171951289566, 0.0], [0.0, 0.0, 0.0, 0.0, 0.0, 0.0, 72.59550607272656, 0.0, -72.70906284917021, 0.0, 0.0, 0.0, 0.0, 0.0, 0.0, 0.0, 0.0, 0.0, 0.0, 0.0, 0.0, 0.0, 0.0, 0.0, 0.0, 0.0, 0.0, 0.0, 0.0, 0.0, 0.0, 0.0, 0.0, 0.0, 0.0, 0.0483174551791951, 0.0, 0.0, 0.0, -0.04774419862888932, -0.04491869226427488, 0.0, 0.0, 0.053440389342908214, 0.0], [0.0, -5.385678922368953, 0.0, 0.0, -0.7355569906407298, 0.0, -12.9259534899937, 111.00850820258046, -84.91703144886004, 0.0, 0.0, 0.0, 0.0, 0.0, 0.0, 0.0, 0.0, 0.0, 0.0, 0.0, 0.0, 0.0, 0.0, 0.0, 0.0, 0.0, 0.0, 0.0, 0.0, 0.0, 0.0, 0.0, 0.0, 0.005484377804607914, 0.01443119496674447, 0.0, 0.0, 0.08367829376241351, 0.0, 0.022660842601394136, 0.0, -0.025137584425371614, 0.062356901524826806, -0.3015206646616652, 0.1276686333490234]]",(x0)' = -84.209 1 +  84.497 x0 + -110.621 x1 +  13.283 x2 +  0.676 x4 +  5.195 x7 + -0.056 x0^2 +  0.288 x0 x1 + -0.147 x0 x2 +  0.066 x0 x4 + -0.045 x1^2 + -0.049 x1 x3 + -0.068 x1 x4 + -0.035 x1 x7 +  0.062 x3^2 | (x1)' =  73.041 x0 + -72.944 x2 +  0.062 x0^2 + -0.178 x0 x1 +  0.221 x1 x2 + -0.057 x2^2 + -0.056 x2 x3 | (x2)' =  72.835 x1 + -72.846 x3 +  0.053 x0^2 + -0.006 x1^2 + -0.141 x1 x2 +  0.207 x2 x3 + -0.048 x3^2 + -0.064 x3 x4 | (x3)' =  72.772 x2 + -72.848 x4 + -0.007 x0 x2 + -0.029 x0 x4 +  0.064 x1^2 + -0.012 x2^2 + -0.158 x2 x3 +  0.078 x2 x4 +  0.171 x3 x4 + -0.048 x4^2 + -0.061 x4 x5 | (x4)' =  72.821 x3 + -72.886 x5 + -0.007 x0 x3 + -0.012 x0 x5 +  0.059 x2^2 + -0.008 x3^2 + -0.160 x3 x4 +  0.058 x3 x5 +  0.179 x4 x5 + -0.047 x5^2 + -0.063 x5 x6 | (x5)' =  72.787 x4 + -72.865 x6 + -0.007 x1 x4 + -0.012 x1 x6 +  0.059 x3^2 + -0.008 x4^2 + -0.160 x4 x5 +  0.059 x4 x6 +  0.179 x5 x6 + -0.047 x6^2 + -0.062 x6 x7 | (x6)' =  72.596 x5 + -72.709 x7 +  0.048 x4^2 + -0.048 x5^2 + -0.045 x5 x6 +  0.053 x6 x7 | (x7)' = -5.386 x0 + -0.736 x3 + -12.926 x5 +  111.009 x6 + -84.917 x7 +  0.005 x3 x6 +  0.014 x3 x7 +  0.084 x4 x6 +  0.023 x5^2 + -0.025 x5 x7 +  0.062 x6^2 + -0.302 x6 x7 +  0.128 x7^2
32,80.0,,,stlsq,20000.0,0.05,1.0,2,8,2,8.0,56.0,5,20.0,smoothed_finite_difference_savgol_order_3,success,,75,360,20.833333333333332,9.389218267053366,"[""1"", ""x0"", ""x1"", ""x2"", ""x3"", ""x4"", ""x5"", ""x6"", ""x7"", ""x0^2"", ""x0 x1"", ""x0 x2"", ""x0 x3"", ""x0 x4"", ""x0 x5"", ""x0 x6"", ""x0 x7"", ""x1^2"", ""x1 x2"", ""x1 x3"", ""x1 x4"", ""x1 x5"", ""x1 x6"", ""x1 x7"", ""x2^2"", ""x2 x3"", ""x2 x4"", ""x2 x5"", ""x2 x6"", ""x2 x7"", ""x3^2"", ""x3 x4"", ""x3 x5"", ""x3 x6"", ""x3 x7"", ""x4^2"", ""x4 x5"", ""x4 x6"", ""x4 x7"", ""x5^2"", ""x5 x6"", ""x5 x7"", ""x6^2"", ""x6 x7"", ""x7^2""]","[[-73.73069426225216, 100.91355383318175, -139.39486995895078, 30.429682764968465, 0.0, -2.4657326187479582, 0.0, 0.0, 4.8183320868844985, -0.11282009264642265, 0.5483683689210043, -0.35229113385603666, 0.0, 0.11113495359549555, 0.0, 0.0, 0.0, -0.2798504896387907, 0.2116861683132819, -0.01818782156375754, -0.12151524739113401, 0.0, 0.0, -0.026203689571943356, 0.0, 0.0, 0.0, 0.0, 0.0, 0.0, 0.05337182750797631, 0.0, 0.0, 0.0, 0.0, 0.0, 0.0, 0.0, 0.0, 0.0, 0.0, 0.0, 0.0, 0.0, 0.0], [0.0, 72.9306271367468, 0.0, -72.91290343701557, 0.0, 0.0, 0.0, 0.0, 0.0, 0.015510747769863109, -0.07319979557151993, 0.0, 0.0, 0.0, 0.0, 0.0, 0.0, 0.0, 0.05817610019104643, 0.0, 0.0, 0.0, 0.0, 0.0, 0.0, 0.0, 0.0, 0.0, 0.0, 0.0, 0.0, 0.0, 0.0, 0.0, 0.0, 0.0, 0.0, 0.0, 0.0, 0.0, 0.0, 0.0, 0.0, 0.0, 0.0], [0.0, 0.0, 72.71354350812112, 0.0, -72.83183792165032, 0.0, 0.0, 0.0, 0.0, 0.05381868411475468, 0.0, 0.0, 0.0, 0.0, 0.0, 0.0, 0.0, -0.06959871615780307, -0.016718808518569838, 0.0, 0.0, 0.0, 0.0, 0.0, 0.0, 0.04201149558356908, 0.0, 0.0, 0.0, 0.0, 0.0, 0.0, 0.0, 0.0, 0.0, 0.0, 0.0, 0.0, 0.0, 0.0, 0.0, 0.0, 0.0, 0.0, 0.0], [0.0, 0.0, 0.0, 72.7453294976211, 0.0, -72.86546619135068, 0.0, 0.0, 0.0, 0.0, 0.0, -0.025411329804932478, 0.0, -0.032738409635616146, 0.0, 0.0, 0.0, 0.07747414850271321, 0.0, 0.0, 0.0, 0.0, 0.0, 0.0, -0.0734664655958381, -0.03146955411178496, 0.07853209760235749, 0.0, 0.0, 0.0, 0.0, 0.009881397816213956, 0.0, 0.0, 0.0, 0.0, 0.0, 0.0, 0.0, 0.0, 0.0, 0.0, 0.0, 0.0, 0.0], [0.0, 0.0, 0.0, 0.0, 72.73938068923344, 0.0, -72.86028089558053, 0.0, 0.0, 0.0, 0.0, 0.0, -0.011116537125320129, 0.0, -0.021138263281668093, 0.0, 0.0, 0.0, 0.0, 0.0, 0.0, 0.0, 0.0, 0.0, 0.06423929096796603, 0.0, 0.0, 0.0, 0.0, 0.0, -0.07063850476852758, -0.03518392982856308, 0.05619394752848388, 0.0, 0.0, 0.0, 0.0209576084633216, 0.0, 0.0, 0.0, 0.0, 0.0, 0.0, 0.0, 0.0], [0.0, 0.0, 0.0, 0.0, 0.0, 72.92602822501293, 0.0, -72.97974073783703, 0.0, 0.0, 0.0, 0.0, 0.0, 0.0, 0.0, 0.0, 0.0, 0.0, 0.0, 0.0, -0.014283502224563212, 0.0, -0.006287176275734194, 0.0, 0.0, 0.0, 0.0, 0.0, 0.0, 0.0, 0.06350247799270571, 0.0, 0.0, 0.0, 0.0, -0.01888541903098238, -0.13809364330906154, 0.04887846716928758, 0.0, 0.0, 0.16327447356474983, 0.0, -0.0351255225268236, -0.06401725130238928, 0.0], [0.0, 0.0, 0.0, 0.0, 0.0, 0.0, 72.69872274472544, 0.0, -72.83366625563997, 0.0, 0.0, 0.0, 0.0, 0.0, 0.0, 0.0, 0.0, 0.0, 0.0, 0.0, 0.0, 0.0, 0.0, 0.0, 0.0, 0.0, 0.0, 0.0, 0.0, 0.0, 0.0, 0.0, 0.0, 0.0, 0.0, 0.05338750587905533, 0.0, 0.0, 0.0, -0.06945540280050048, -0.015750671951793638, 0.0, 0.0, 0.04146084255475269, 0.0], [0.0, -4.0926523893147975, 0.0, 0.0, -6.896590065724128, 17.72765960908867, -42.81876206398112, 144.14205181499983, -102.19389528465275, 0.0, 0.0, 0.0, 0.0, 0.0, 0.0, 0.0, 0.0, 0.0, 0.0, 0.0, 0.0, 0.0, 0.0, 0.0, 0.0, 0.0, 0.0, 0.0, 0.0, 0.0, 0.0, 0.0, 0.0, 0.013462173754898067, 0.0, 0.0, 0.0, 0.0713222556928112, 0.008838069083260876, -0.008636696357975664, 0.0, 0.0, 0.1263071067534383, -0.3612490356865923, 0.13978577143909388]]",(x0)' = -73.731 1 +  100.914 x0 + -139.395 x1 +  30.430 x2 + -2.466 x4 +  4.818 x7 + -0.113 x0^2 +  0.548 x0 x1 + -0.352 x0 x2 +  0.111 x0 x4 + -0.280 x1^2 +  0.212 x1 x2 + -0.018 x1 x3 + -0.122 x1 x4 + -0.026 x1 x7 +  0.053 x3^2 | (x1)' =  72.931 x0 + -72.913 x2 +  0.016 x0^2 + -0.073 x0 x1 +  0.058 x1 x2 | (x2)' =  72.714 x1 + -72.832 x3 +  0.054 x0^2 + -0.070 x1^2 + -0.017 x1 x2 +  0.042 x2 x3 | (x3)' =  72.745 x2 + -72.865 x4 + -0.025 x0 x2 + -0.033 x0 x4 +  0.077 x1^2 + -0.073 x2^2 + -0.031 x2 x3 +  0.079 x2 x4 +  0.010 x3 x4 | (x4)' =  72.739 x3 + -72.860 x5 + -0.011 x0 x3 + -0.021 x0 x5 +  0.064 x2^2 + -0.071 x3^2 + -0.035 x3 x4 +  0.056 x3 x5 +  0.021 x4 x5 | (x5)' =  72.926 x4 + -72.980 x6 + -0.014 x1 x4 + -0.006 x1 x6 +  0.064 x3^2 + -0.019 x4^2 + -0.138 x4 x5 +  0.049 x4 x6 +  0.163 x5 x6 + -0.035 x6^2 + -0.064 x6 x7 | (x6)' =  72.699 x5 + -72.834 x7 +  0.053 x4^2 + -0.069 x5^2 + -0.016 x5 x6 +  0.041 x6 x7 | (x7)' = -4.093 x0 + -6.897 x3 +  17.728 x4 + -42.819 x5 +  144.142 x6 + -102.194 x7 +  0.013 x3 x6 +  0.071 x4 x6 +  0.009 x4 x7 + -0.009 x5^2 +  0.126 x6^2 + -0.361 x6 x7 +  0.140 x7^2
33,80.0,,,stlsq,20000.0,0.05,1.0,2,8,2,8.0,56.0,9,36.0,smoothed_finite_difference_savgol_order_3,success,,77,360,21.38888888888889,11.610281113535166,"[""1"", ""x0"", ""x1"", ""x2"", ""x3"", ""x4"", ""x5"", ""x6"", ""x7"", ""x0^2"", ""x0 x1"", ""x0 x2"", ""x0 x3"", ""x0 x4"", ""x0 x5"", ""x0 x6"", ""x0 x7"", ""x1^2"", ""x1 x2"", ""x1 x3"", ""x1 x4"", ""x1 x5"", ""x1 x6"", ""x1 x7"", ""x2^2"", ""x2 x3"", ""x2 x4"", ""x2 x5"", ""x2 x6"", ""x2 x7"", ""x3^2"", ""x3 x4"", ""x3 x5"", ""x3 x6"", ""x3 x7"", ""x4^2"", ""x4 x5"", ""x4 x6"", ""x4 x7"", ""x5^2"", ""x5 x6"", ""x5 x7"", ""x6^2"", ""x6 x7"", ""x7^2""]","[[0.0, 148.36266564054424, -215.16845302820894, 69.3365283897674, 10.940335713246355, -35.40291803691729, 20.53137643076881, 0.0, -1.4364644307494059, 0.038408949506243184, -0.015518206289093037, 0.0, 0.0, 0.0, 0.0, 0.0, 0.0, -0.008056771688418316, 0.0, -0.00896742759933044, 0.0, 0.0, 0.0, 0.0, 0.0, 0.0, 0.0, 0.0, 0.0, 0.0, 0.0, 0.0, 0.0, 0.0, 0.0, 0.0, 0.0, 0.0, 0.0, 0.0, 0.0, 0.0, 0.0, 0.0, 0.0], [0.0, 70.44268112452576, 0.0, -71.85268868017003, -4.964223993594072, 13.535981831993277, -6.337385532602788, 0.0, 0.0, -0.008839341450076517, 0.0, 0.0, 0.0, 0.0, 0.0, 0.0, 0.0, 0.0, 0.006345340466304811, 0.0, 0.0, 0.0, 0.0, 0.0, 0.0, 0.0, 0.0, 0.0, 0.0, 0.0, 0.0, 0.0, 0.0, 0.0, 0.0, 0.0, 0.0, 0.0, 0.0, 0.0, 0.0, 0.0, 0.0, 0.0, 0.0], [0.0, -13.389193811486486, 87.27224607281839, 0.0, -87.17889434736144, 11.617296236602835, 5.476381858055884, -6.6048565789835285, 2.6843600949378237, 0.0020824557621465095, 0.0, 0.0, 0.0, 0.0, 0.0, 0.0, 0.0, -0.0018004526723188203, 0.0, 0.0, 0.0, 0.0, 0.0, 0.0, 0.0, 0.0, 0.0, 0.0, 0.0, 0.0, 0.0004254571872768238, 0.0, 0.0, 0.0, 0.0, 0.0, 0.0, 0.0, 0.0, 0.0, 0.0, 0.0, 0.0, 0.0, 0.0], [0.0, 3.3869474182299735, -19.54051055164021, 91.76987613388371, 0.0, -91.49939040194707, 18.73274494960872, -2.3152002829658054, -0.5686208900035407, 0.0, 0.0, 0.0, 0.0, 0.0, 0.0, 0.0, 0.0, 0.0, 0.0, 0.0, 0.0, 0.0, 0.0, 0.0, -0.00020818059480491377, 0.0, 0.0, 0.0, 0.0, 0.0, 0.0, 0.0, 0.0, 0.0, 0.0, 0.0003478230026198041, 0.0, 0.0, 0.0, 0.0, 0.0, 0.0, 0.0, 0.0, 0.0], [0.0, 0.0, 3.814087920666455, -20.6697930676781, 92.85548723720102, 0.0, -92.76760949699849, 20.48409343778096, -3.720185208909384, 0.0, 0.0, 0.0, 0.0, 0.0, 0.0, 0.0, 0.0, 0.0, 0.0, 0.0, 0.0, 0.0, 0.0, 0.0, 0.0, 0.0, 0.0, 0.0, 0.0, 0.0, -0.00014767620262763574, 0.0, 0.0, 0.0, 0.0, 0.0, 0.0, 0.0, 0.0, 0.00013612204983795906, 0.0, 0.0, 0.0, 0.0, 0.0], [0.0, -2.4398793358818653, 5.7746868508087825, -4.125924849681956, -12.826282212114574, 87.68054626674059, 0.0, -87.38773394231407, 13.445587584526034, 0.0, 0.0, 0.0, 0.0, 0.0, 0.0, 0.0, 0.0, 0.0, 0.0, 0.0, 0.0, 0.0, 0.0, 0.0, 0.0, 0.0, 0.0, 0.0, 0.0, 0.0, 0.0, 0.0, 0.0, 0.0, 0.0, -4.341603299818057e-05, 0.0, 0.0, 0.0, 0.0, 0.0, 0.0, 1.6973074235754183e-05, 0.0, 0.0], [0.0, 0.0, 0.0, 6.420873205077778, -13.711830539630705, 5.17396393680551, 71.69873439617203, 0.0, -70.39203002401044, 0.0, 0.0, 0.0, 0.0, 0.0, 0.0, 0.0, 0.0, 0.0, 0.0, 0.0, 0.0, 0.0, 0.0, 0.0, 0.0, 0.0, 0.0, 0.0, 0.0, 0.0, 0.0, 0.0, 0.0, 0.0, 0.0, 0.0, 0.0, 0.0, 0.0, -0.008561820144670865, 0.0, 0.0, 0.0, 0.0, 0.010119718166629902], [0.0, 1.3898581451474068, 0.0, -20.396531492194512, 35.691879081616705, -12.11172444584058, -68.19090812459416, 214.65563745351412, -148.2436334585254, 0.0, 0.0, 0.0, 0.0, 0.0, 0.0, 0.0, 0.0, 0.0, 0.0, 0.0, 0.0, 0.0, 0.0, 0.0, 0.0, 0.0, 0.012375531498012354, 0.0, 0.03714723197912231, 0.0, 0.0, 0.0, 0.0, -0.09558129279810311, -0.0038822118406923326, 0.0, -0.09106877643019691, 0.18868735797942207, 0.0, 0.0, 0.0, 0.0, 0.08463938278271355, -0.18845310906803917, 0.054138789410085895]]",(x0)' =  148.363 x0 + -215.168 x1 +  69.337 x2 +  10.940 x3 + -35.403 x4 +  20.531 x5 + -1.436 x7 +  0.038 x0^2 + -0.016 x0 x1 + -0.008 x1^2 + -0.009 x1 x3 | (x1)' =  70.443 x0 + -71.853 x2 + -4.964 x3 +  13.536 x4 + -6.337 x5 + -0.009 x0^2 +  0.006 x1 x2 | (x2)' = -13.389 x0 +  87.272 x1 + -87.179 x3 +  11.617 x4 +  5.476 x5 + -6.605 x6 +  2.684 x7 +  0.002 x0^2 + -0.002 x1^2 | (x3)' =  3.387 x0 + -19.541 x1 +  91.770 x2 + -91.499 x4 +  18.733 x5 + -2.315 x6 + -0.569 x7 | (x4)' =  3.814 x1 + -20.670 x2 +  92.855 x3 + -92.768 x5 +  20.484 x6 + -3.720 x7 | (x5)' = -2.440 x0 +  5.775 x1 + -4.126 x2 + -12.826 x3 +  87.681 x4 + -87.388 x6 +  13.446 x7 | (x6)' =  6.421 x2 + -13.712 x3 +  5.174 x4 +  71.699 x5 + -70.392 x7 + -0.009 x5^2 +  0.010 x7^2 | (x7)' =  1.390 x0 + -20.397 x2 +  35.692 x3 + -12.112 x4 + -68.191 x5 +  214.656 x6 + -148.244 x7 +  0.012 x2 x4 +  0.037 x2 x6 + -0.096 x3 x6 + -0.004 x3 x7 + -0.091 x4 x5 +  0.189 x4 x6 +  0.085 x6^2 + -0.188 x6 x7 +  0.054 x7^2
34,80.0,,,stlsq,20000.0,0.05,1.0,2,8,5,20.0,140.0,0,0.0,finite_difference,success,,82,360,22.77777777777778,8.528671212494373,"[""1"", ""x0"", ""x1"", ""x2"", ""x3"", ""x4"", ""x5"", ""x6"", ""x7"", ""x0^2"", ""x0 x1"", ""x0 x2"", ""x0 x3"", ""x0 x4"", ""x0 x5"", ""x0 x6"", ""x0 x7"", ""x1^2"", ""x1 x2"", ""x1 x3"", ""x1 x4"", ""x1 x5"", ""x1 x6"", ""x1 x7"", ""x2^2"", ""x2 x3"", ""x2 x4"", ""x2 x5"", ""x2 x6"", ""x2 x7"", ""x3^2"", ""x3 x4"", ""x3 x5"", ""x3 x6"", ""x3 x7"", ""x4^2"", ""x4 x5"", ""x4 x6"", ""x4 x7"", ""x5^2"", ""x5 x6"", ""x5 x7"", ""x6^2"", ""x6 x7"", ""x7^2""]","[[0.0, 16.379635092324797, -39.07519103341999, 10.578648647554575, 2.6970390404376787, 5.37510873546041, -2.1242790344804146, 0.0, 0.0, 0.0, 0.0, 0.0, 0.0, 0.0, 0.0, 0.0, 0.0, 0.0, 0.0, 0.0, 0.0, 0.0, 0.0, 0.0, 0.0, 0.0, 0.0, 0.0, 0.0, 0.0, 0.0, 0.0, 0.0, 0.0, 0.0, 0.0, 0.0, 0.0, 0.0, 0.0, 0.0, 0.0, 0.0, 0.0, 0.0], [0.0, 32.533782519945696, 0.0, -36.02641080107967, 5.416857600157634, 0.0, 0.0, 0.0, 0.0, 0.12564512718578613, -0.22467956793614458, 0.0, 0.0, 0.0, 0.0, 0.0, 0.0, 0.0, 0.17672265605673068, 0.0, 0.0, 0.0, 0.0, 0.0, -0.08590295344661456, 0.0, 0.0, 0.0, 0.0, 0.0, 0.0, 0.0, 0.0, 0.0, 0.0, 0.0, 0.0, 0.0, 0.0, 0.0, 0.0, 0.0, 0.0, 0.0, 0.0], [0.0, -8.263110408048371, 36.558941100138085, 0.0, -35.412931525772734, 7.219680213324591, 0.0, 0.0, 0.0, -0.04211824982810057, 0.0, 0.10121307658602342, -0.03467686539981484, 0.0, 0.0, 0.0, 0.0, 0.157923445203846, -0.28088303334823483, 0.0, 0.0, 0.0, 0.0, 0.0, 0.0, 0.16957432993304591, 0.0, 0.0, 0.0, 0.0, -0.0739318691517496, 0.0, 0.0, 0.0, 0.0, 0.0, 0.0, 0.0, 0.0, 0.0, 0.0, 0.0, 0.0, 0.0, 0.0], [0.0, 0.0, -8.300963299174292, 36.58078925442974, 0.0, -35.40678703676973, 7.232673038952733, 0.0, 0.0, 0.0, 0.0, 0.0, 0.0, 0.0, 0.0, 0.0, 0.0, -0.043009802954366086, 0.0019480354578078134, 0.10031685955153097, -0.033795538564867035, 0.0, 0.0, 0.0, 0.15736530359105835, -0.2804726232360568, 0.0, 0.0, 0.0, 0.0, 0.0, 0.16883690520100827, 0.0, 0.0, 0.0, -0.07384289709148954, 0.0, 0.0, 0.0, 0.0, 0.0, 0.0, 0.0, 0.0, 0.0], [0.0, 0.0, 0.0, -8.28596744579679, 36.55799706895495, 0.0, -35.42846489315361, 7.254939278086858, 0.0, 0.0, 0.0, 0.0, 0.0, 0.0, 0.0, 0.0, 0.0, 0.0, 0.0, 0.0, 0.0, 0.0, 0.0, 0.0, -0.042612918832339204, 0.0014450636848570145, 0.10024698514036041, -0.03419951807392864, 0.0, 0.0, 0.1573442109892922, -0.2800138404337242, 0.0, 0.0, 0.0, 0.0, 0.1693956732825557, 0.0, 0.0, -0.07420320777809879, 0.0, 0.0, 0.0, 0.0, 0.0], [0.0, 0.0, 0.0, 0.0, -8.282297801606473, 36.56994469053684, 0.0, -35.47393991173152, 7.304795580708754, 0.0, 0.0, 0.0, 0.0, 0.0, 0.0, 0.0, 0.0, 0.0, 0.0, 0.0, 0.0, 0.0, 0.0, 0.0, 0.0, 0.0, 0.0, 0.0, 0.0, 0.0, -0.04210881345697695, 0.00046155556175570407, 0.10082727195600469, -0.034476684067693296, 0.0, 0.1573846103818444, -0.28046219140062284, 0.0, 0.0, 0.0, 0.1702642846054873, 0.0, -0.07459037710386622, 0.0, 0.0], [0.0, 0.0, 0.0, 0.0, 0.0, -6.618448866167261, 36.99719111650519, 0.0, -31.99980638884935, 0.0, 0.0, 0.0, 0.0, 0.0, 0.0, 0.0, 0.0, 0.0, 0.0, 0.0, 0.0, 0.0, 0.0, 0.0, 0.0, 0.0, 0.0, 0.0, 0.0, 0.0, 0.0, 0.0, 0.0, 0.0, 0.0, -0.041911852137958616, -0.000673964999936393, 0.1023340450332663, -0.03429773868989894, 0.15837721973014926, -0.28211922516997, 0.0, 0.0, 0.15827413333317317, -0.062144101211332896], [0.0, 0.0, 0.0, 2.1298102553846805, -5.135251102700063, -2.2822018108589135, -12.622593042791138, 41.69722156682923, -17.4684462916181, 0.0, 0.0, 0.0, 0.0, 0.0, 0.0, 0.0, 0.0, 0.0, 0.0, 0.0, 0.0, 0.0, 0.0, 0.0, 0.0, 0.0, 0.0, 0.0, 0.0, 0.0, 0.0, 0.0, 0.0, 0.0, 0.0, 0.0, 0.0, 0.0, 0.0, -0.06913857297904558, -0.003823580569844677, 0.14676294625444714, 0.16476998262247908, -0.2510716251592727, 0.0]]",(x0)' =  16.380 x0 + -39.075 x1 +  10.579 x2 +  2.697 x3 +  5.375 x4 + -2.124 x5 | (x1)' =  32.534 x0 + -36.026 x2 +  5.417 x3 +  0.126 x0^2 + -0.225 x0 x1 +  0.177 x1 x2 + -0.086 x2^2 | (x2)' = -8.263 x0 +  36.559 x1 + -35.413 x3 +  7.220 x4 + -0.042 x0^2 +  0.101 x0 x2 + -0.035 x0 x3 +  0.158 x1^2 + -0.281 x1 x2 +  0.170 x2 x3 + -0.074 x3^2 | (x3)' = -8.301 x1 +  36.581 x2 + -35.407 x4 +  7.233 x5 + -0.043 x1^2 +  0.002 x1 x2 +  0.100 x1 x3 + -0.034 x1 x4 +  0.157 x2^2 + -0.280 x2 x3 +  0.169 x3 x4 + -0.074 x4^2 | (x4)' = -8.286 x2 +  36.558 x3 + -35.428 x5 +  7.255 x6 + -0.043 x2^2 +  0.001 x2 x3 +  0.100 x2 x4 + -0.034 x2 x5 +  0.157 x3^2 + -0.280 x3 x4 +  0.169 x4 x5 + -0.074 x5^2 | (x5)' = -8.282 x3 +  36.570 x4 + -35.474 x6 +  7.305 x7 + -0.042 x3^2 +  0.101 x3 x5 + -0.034 x3 x6 +  0.157 x4^2 + -0.280 x4 x5 +  0.170 x5 x6 + -0.075 x6^2 | (x6)' = -6.618 x4 +  36.997 x5 + -32.000 x7 + -0.042 x4^2 + -0.001 x4 x5 +  0.102 x4 x6 + -0.034 x4 x7 +  0.158 x5^2 + -0.282 x5 x6 +  0.158 x6 x7 + -0.062 x7^2 | (x7)' =  2.130 x2 + -5.135 x3 + -2.282 x4 + -12.623 x5 +  41.697 x6 + -17.468 x7 + -0.069 x5^2 + -0.004 x5 x6 +  0.147 x5 x7 +  0.165 x6^2 + -0.251 x6 x7
35,80.0,,,stlsq,20000.0,0.05,1.0,2,8,5,20.0,140.0,5,20.0,smoothed_finite_difference_savgol_order_3,success,,83,360,23.055555555555557,9.469364045187831,"[""1"", ""x0"", ""x1"", ""x2"", ""x3"", ""x4"", ""x5"", ""x6"", ""x7"", ""x0^2"", ""x0 x1"", ""x0 x2"", ""x0 x3"", ""x0 x4"", ""x0 x5"", ""x0 x6"", ""x0 x7"", ""x1^2"", ""x1 x2"", ""x1 x3"", ""x1 x4"", ""x1 x5"", ""x1 x6"", ""x1 x7"", ""x2^2"", ""x2 x3"", ""x2 x4"", ""x2 x5"", ""x2 x6"", ""x2 x7"", ""x3^2"", ""x3 x4"", ""x3 x5"", ""x3 x6"", ""x3 x7"", ""x4^2"", ""x4 x5"", ""x4 x6"", ""x4 x7"", ""x5^2"", ""x5 x6"", ""x5 x7"", ""x6^2"", ""x6 x7"", ""x7^2""]","[[0.0, 16.783636499466287, -39.557779266402996, 10.917087681470196, 2.533688597581131, 5.452165763453334, -2.2100850098900526, 0.0, 0.0, 0.0, 0.0, 0.0, 0.0, 0.0, 0.0, 0.0, 0.0, 0.0, 0.0, 0.0, 0.0, 0.0, 0.0, 0.0, 0.0, 0.0, 0.0, 0.0, 0.0, 0.0, 0.0, 0.0, 0.0, 0.0, 0.0, 0.0, 0.0, 0.0, 0.0, 0.0, 0.0, 0.0, 0.0, 0.0, 0.0], [0.0, 32.543622983299265, 0.0, -36.17133088106859, 5.537864586126147, 0.0, 0.0, 0.0, 0.0, 0.12440519475360742, -0.22468097535206827, 0.0, 0.0, 0.0, 0.0, 0.0, 0.0, 0.0, 0.1807139812750937, 0.0, 0.0, 0.0, 0.0, 0.0, -0.08802279348858748, 0.0, 0.0, 0.0, 0.0, 0.0, 0.0, 0.0, 0.0, 0.0, 0.0, 0.0, 0.0, 0.0, 0.0, 0.0, 0.0, 0.0, 0.0, 0.0, 0.0], [0.0, -8.40213782831296, 36.64307564519949, 0.0, -35.55044221354978, 7.390323289204544, 0.0, 0.0, 0.0, -0.044232593919085815, 0.006841605950679579, 0.09861309572880438, -0.03540152361008109, 0.0, 0.0, 0.0, 0.0, 0.15493635932150837, -0.28066380697253474, 0.0, 0.0, 0.0, 0.0, 0.0, 0.0, 0.17352599117829143, 0.0, 0.0, 0.0, 0.0, -0.07564738777066475, 0.0, 0.0, 0.0, 0.0, 0.0, 0.0, 0.0, 0.0, 0.0, 0.0, 0.0, 0.0, 0.0, 0.0], [0.0, 0.0, -8.442209045277657, 36.67521069996056, 0.0, -35.549577355114174, 7.405839714170066, 0.0, 0.0, 0.0, 0.0, 0.0, 0.0, 0.0, 0.0, 0.0, 0.0, -0.04448387094959886, 0.006581917467514036, 0.09872629368592903, -0.03462544172084359, 0.0, 0.0, 0.0, 0.1552021406546036, -0.2805794053690294, 0.0, 0.0, 0.0, 0.0, 0.0, 0.17296325837511276, 0.0, 0.0, 0.0, -0.07569953047942037, 0.0, 0.0, 0.0, 0.0, 0.0, 0.0, 0.0, 0.0, 0.0], [0.0, 0.0, 0.0, -8.42236366589771, 36.65216208125291, 0.0, -35.575531921704744, 7.424969261381775, 0.0, 0.0, 0.0, 0.0, 0.0, 0.0, 0.0, 0.0, 0.0, 0.0, 0.0, 0.0, 0.0, 0.0, 0.0, 0.0, -0.04393574206893321, 0.00595462357499871, 0.09864746397324498, -0.035036408525068764, 0.0, 0.0, 0.15511251822330485, -0.2800792252936022, 0.0, 0.0, 0.0, 0.0, 0.1734629593965472, 0.0, 0.0, -0.0760101916198518, 0.0, 0.0, 0.0, 0.0, 0.0], [0.0, 0.0, 0.0, 0.0, -8.423804278046802, 36.66341386680761, 0.0, -35.620410559651184, 7.479575468323872, 0.0, 0.0, 0.0, 0.0, 0.0, 0.0, 0.0, 0.0, 0.0, 0.0, 0.0, 0.0, 0.0, 0.0, 0.0, 0.0, 0.0, 0.0, 0.0, 0.0, 0.0, -0.04345654084351534, 0.00504993485249482, 0.09941496490514756, -0.03546197959131083, 0.0, 0.15515224997634422, -0.28064431671719814, 0.0, 0.0, 0.0, 0.174388625615101, 0.0, -0.07640757843046658, 0.0, 0.0], [0.0, 0.0, 0.0, 0.0, 0.0, -6.70124324469105, 37.08751068953696, 0.0, -32.03000300494536, 0.0, 0.0, 0.0, 0.0, 0.0, 0.0, 0.0, 0.0, 0.0, 0.0, 0.0, 0.0, 0.0, 0.0, 0.0, 0.0, 0.0, 0.0, 0.0, 0.0, 0.0, 0.0, 0.0, 0.0, 0.0, 0.0, -0.04336076158282866, 0.004087026663058531, 0.10071421759043395, -0.03507791551318161, 0.15609491661845892, -0.2822681226528608, 0.0, 0.0, 0.16196758362166383, -0.06361526075936429], [0.0, 0.0, 0.0, 2.2149036725452325, -5.217187087813911, -2.0925428431520725, -12.963632480957605, 42.13734440196664, -17.8583535334427, 0.0, 0.0, 0.0, 0.0, 0.0, 0.0, 0.0, 0.0, 0.0, 0.0, 0.0, 0.0, 0.0, 0.0, 0.0, 0.0, 0.0, 0.0, 0.0, 0.0, 0.0, 0.0, 0.0, 0.0, 0.0, 0.0, 0.0, 0.0, 0.0, 0.0, -0.07137629301405479, 0.0004704929879626873, 0.14634868079993604, 0.16358685123859884, -0.2508093740501046, 0.0]]",(x0)' =  16.784 x0 + -39.558 x1 +  10.917 x2 +  2.534 x3 +  5.452 x4 + -2.210 x5 | (x1)' =  32.544 x0 + -36.171 x2 +  5.538 x3 +  0.124 x0^2 + -0.225 x0 x1 +  0.181 x1 x2 + -0.088 x2^2 | (x2)' = -8.402 x0 +  36.643 x1 + -35.550 x3 +  7.390 x4 + -0.044 x0^2 +  0.007 x0 x1 +  0.099 x0 x2 + -0.035 x0 x3 +  0.155 x1^2 + -0.281 x1 x2 +  0.174 x2 x3 + -0.076 x3^2 | (x3)' = -8.442 x1 +  36.675 x2 + -35.550 x4 +  7.406 x5 + -0.044 x1^2 +  0.007 x1 x2 +  0.099 x1 x3 + -0.035 x1 x4 +  0.155 x2^2 + -0.281 x2 x3 +  0.173 x3 x4 + -0.076 x4^2 | (x4)' = -8.422 x2 +  36.652 x3 + -35.576 x5 +  7.425 x6 + -0.044 x2^2 +  0.006 x2 x3 +  0.099 x2 x4 + -0.035 x2 x5 +  0.155 x3^2 + -0.280 x3 x4 +  0.173 x4 x5 + -0.076 x5^2 | (x5)' = -8.424 x3 +  36.663 x4 + -35.620 x6 +  7.480 x7 + -0.043 x3^2 +  0.005 x3 x4 +  0.099 x3 x5 + -0.035 x3 x6 +  0.155 x4^2 + -0.281 x4 x5 +  0.174 x5 x6 + -0.076 x6^2 | (x6)' = -6.701 x4 +  37.088 x5 + -32.030 x7 + -0.043 x4^2 +  0.004 x4 x5 +  0.101 x4 x6 + -0.035 x4 x7 +  0.156 x5^2 + -0.282 x5 x6 +  0.162 x6 x7 + -0.064 x7^2 | (x7)' =  2.215 x2 + -5.217 x3 + -2.093 x4 + -12.964 x5 +  42.137 x6 + -17.858 x7 + -0.071 x5^2 +  0.146 x5 x7 +  0.164 x6^2 + -0.251 x6 x7
36,80.0,,,stlsq,20000.0,0.05,1.0,2,8,5,20.0,140.0,9,36.0,smoothed_finite_difference_savgol_order_3,success,,82,360,22.77777777777778,10.174828704446554,"[""1"", ""x0"", ""x1"", ""x2"", ""x3"", ""x4"", ""x5"", ""x6"", ""x7"", ""x0^2"", ""x0 x1"", ""x0 x2"", ""x0 x3"", ""x0 x4"", ""x0 x5"", ""x0 x6"", ""x0 x7"", ""x1^2"", ""x1 x2"", ""x1 x3"", ""x1 x4"", ""x1 x5"", ""x1 x6"", ""x1 x7"", ""x2^2"", ""x2 x3"", ""x2 x4"", ""x2 x5"", ""x2 x6"", ""x2 x7"", ""x3^2"", ""x3 x4"", ""x3 x5"", ""x3 x6"", ""x3 x7"", ""x4^2"", ""x4 x5"", ""x4 x6"", ""x4 x7"", ""x5^2"", ""x5 x6"", ""x5 x7"", ""x6^2"", ""x6 x7"", ""x7^2""]","[[0.0, 21.654797152298833, -48.630943702976715, 16.833363214150594, 0.0, 5.886967281146787, -1.8849504179059227, 0.0, 0.0, 0.0, 0.0845071866536866, 0.0, 0.0, 0.0, 0.0, 0.0, 0.0, 0.0, -0.11758785840436166, 0.0, 0.0, 0.0, 0.0, 0.0, 0.04720804531804907, 0.0, 0.0, 0.0, 0.0, 0.0, 0.0, 0.0, 0.0, 0.0, 0.0, 0.0, 0.0, 0.0, 0.0, 0.0, 0.0, 0.0, 0.0, 0.0, 0.0], [0.0, 36.535427953855255, 0.0, -41.29640885183863, 9.945464392340657, -3.9990274867224733, 0.0, 0.0, 0.0, 0.10088997776157523, -0.20731178265068942, 0.0, 0.0, 0.0, 0.0, 0.0, 0.0, 0.0, 0.19762804745956278, 0.0, 0.0, 0.0, 0.0, 0.0, -0.09421080900594599, 0.0, 0.0, 0.0, 0.0, 0.0, 0.0, 0.0, 0.0, 0.0, 0.0, 0.0, 0.0, 0.0, 0.0, 0.0, 0.0, 0.0, 0.0, 0.0, 0.0], [0.0, -10.843227215635801, 40.74759462279907, 0.0, -40.25101024278988, 10.234756352986558, 0.0, 0.0, 0.0, -0.05699248876921221, 0.07671896713309244, 0.0, 0.0, 0.0, 0.0, 0.0, 0.0, 0.10512599589480763, -0.2275445538623876, 0.0, 0.0, 0.0, 0.0, 0.0, 0.0, 0.19191016602443295, 0.0, 0.0, 0.0, 0.0, -0.08522872253572365, 0.0, 0.0, 0.0, 0.0, 0.0, 0.0, 0.0, 0.0, 0.0, 0.0, 0.0, 0.0, 0.0, 0.0], [0.0, 0.0, -10.885677686819303, 40.77608056457748, 0.0, -40.21881406017992, 10.230955989570099, 0.0, 0.0, 0.0, 0.0, 0.0, 0.0, 0.0, 0.0, 0.0, 0.0, -0.05736630764301865, 0.07713437904581327, 0.0, 0.0, 0.0, 0.0, 0.0, 0.1051629130352185, -0.22711251724432582, 0.0, 0.0, 0.0, 0.0, 0.0, 0.19026146521168902, 0.0, 0.0, 0.0, -0.08458297715419624, 0.0, 0.0, 0.0, 0.0, 0.0, 0.0, 0.0, 0.0, 0.0], [0.0, 0.0, 0.0, -10.85232223776826, 40.79986828260249, 0.0, -40.241356640638756, 10.244333089409137, 0.0, 0.0, 0.0, 0.0, 0.0, 0.0, 0.0, 0.0, 0.0, 0.0, 0.0, 0.0, 0.0, 0.0, 0.0, 0.0, -0.046740860273847, 0.03953871224631254, 0.07223665244405951, -0.03432172025344717, 0.0, 0.0, 0.11753955790466986, -0.252960999203101, 0.0, 0.0, 0.0, 0.0, 0.18852034898604186, 0.0, 0.0, -0.08017512212206632, 0.0, 0.0, 0.0, 0.0, 0.0], [0.0, 0.0, 0.0, 0.0, -10.8310031732006, 40.79097661909164, 0.0, -40.29065890031572, 10.304330976379068, 0.0, 0.0, 0.0, 0.0, 0.0, 0.0, 0.0, 0.0, 0.0, 0.0, 0.0, 0.0, 0.0, 0.0, 0.0, 0.0, 0.0, 0.0, 0.0, 0.0, 0.0, -0.045489965315035505, 0.03794366512318764, 0.07322596750635683, -0.03492407186774736, 0.0, 0.1175221569520609, -0.25280620896221945, 0.0, 0.0, 0.0, 0.18907342062428986, 0.0, -0.0809137107239255, 0.0, 0.0], [0.0, 0.0, 0.0, 0.0, 4.076627951597698, -10.753621499627984, 41.68701960582529, 0.0, -36.18422418307465, 0.0, 0.0, 0.0, 0.0, 0.0, 0.0, 0.0, 0.0, 0.0, 0.0, 0.0, 0.0, 0.0, 0.0, 0.0, 0.0, 0.0, 0.0, 0.0, 0.0, 0.0, 0.0, 0.0, 0.0, 0.0, 0.0, -0.05469352590522836, 0.04695684043896557, 0.07212883616332477, -0.02973162819129249, 0.11695998737641969, -0.25675549429791755, 0.0, 0.0, 0.17445216859429177, -0.06518306589241284], [0.0, 0.0, 0.0, 1.8451105571687074, -5.558151802909337, 0.0, -17.65733596530236, 49.92670304107248, -22.47420452199446, 0.0, 0.0, 0.0, 0.0, 0.0, 0.0, 0.0, 0.0, 0.0, 0.0, 0.0, 0.0, 0.0, 0.0, 0.0, 0.0, 0.0, 0.0, 0.0, 0.0, 0.0, 0.0, 0.0, 0.0, 0.0, 0.0, 0.0, 0.0, 0.0, 0.0, -0.080922889387033, 0.04025120901922235, 0.12733499267378226, 0.13271360260636114, -0.2274287577478569, 0.0]]",(x0)' =  21.655 x0 + -48.631 x1 +  16.833 x2 +  5.887 x4 + -1.885 x5 +  0.085 x0 x1 + -0.118 x1 x2 +  0.047 x2^2 | (x1)' =  36.535 x0 + -41.296 x2 +  9.945 x3 + -3.999 x4 +  0.101 x0^2 + -0.207 x0 x1 +  0.198 x1 x2 + -0.094 x2^2 | (x2)' = -10.843 x0 +  40.748 x1 + -40.251 x3 +  10.235 x4 + -0.057 x0^2 +  0.077 x0 x1 +  0.105 x1^2 + -0.228 x1 x2 +  0.192 x2 x3 + -0.085 x3^2 | (x3)' = -10.886 x1 +  40.776 x2 + -40.219 x4 +  10.231 x5 + -0.057 x1^2 +  0.077 x1 x2 +  0.105 x2^2 + -0.227 x2 x3 +  0.190 x3 x4 + -0.085 x4^2 | (x4)' = -10.852 x2 +  40.800 x3 + -40.241 x5 +  10.244 x6 + -0.047 x2^2 +  0.040 x2 x3 +  0.072 x2 x4 + -0.034 x2 x5 +  0.118 x3^2 + -0.253 x3 x4 +  0.189 x4 x5 + -0.080 x5^2 | (x5)' = -10.831 x3 +  40.791 x4 + -40.291 x6 +  10.304 x7 + -0.045 x3^2 +  0.038 x3 x4 +  0.073 x3 x5 + -0.035 x3 x6 +  0.118 x4^2 + -0.253 x4 x5 +  0.189 x5 x6 + -0.081 x6^2 | (x6)' =  4.077 x3 + -10.754 x4 +  41.687 x5 + -36.184 x7 + -0.055 x4^2 +  0.047 x4 x5 +  0.072 x4 x6 + -0.030 x4 x7 +  0.117 x5^2 + -0.257 x5 x6 +  0.174 x6 x7 + -0.065 x7^2 | (x7)' =  1.845 x2 + -5.558 x3 + -17.657 x5 +  49.927 x6 + -22.474 x7 + -0.081 x5^2 +  0.040 x5 x6 +  0.127 x5 x7 +  0.133 x6^2 + -0.227 x6 x7
