degree,n_delays,delay_samples,smooth_window_samples,configuration_35hz,configuration_80hz,completed_trials_35hz,completed_trials_80hz,completed_trials_difference_80_minus_35,all_9_completed_35hz,all_9_completed_80hz,coefficient_cosine_similarity,coefficient_relative_l2_change_from_35hz
1,2,1,0,1,109,9,9,0,True,True,0.9999552072403695,0.14631076685100664
1,2,1,5,2,110,9,9,0,True,True,0.9999821606761188,0.08599474878031421
1,2,1,9,3,111,9,9,0,True,True,0.9999992411407442,0.018651641693993953
1,2,2,0,4,112,9,9,0,True,True,0.9996817518167851,0.20572932623757823
1,2,2,5,5,113,9,9,0,True,True,0.9998425331401566,0.13239890599083098
1,2,2,9,6,114,9,9,0,True,True,0.9999919565846518,0.02703971943863057
1,2,5,0,7,115,9,9,0,True,True,0.9998871311279252,0.13631629706919557
1,2,5,5,8,116,9,9,0,True,True,0.9999256470715598,0.1339279021457933
1,2,5,9,9,117,9,9,0,True,True,0.9999748686553689,0.05325911076439104
1,4,1,0,10,118,9,9,0,True,True,0.9817147273477629,0.47543795679456535
1,4,1,5,11,119,9,9,0,True,True,0.9930493517773188,0.34673290223623315
1,4,1,9,12,120,9,9,0,True,True,0.9910614716222156,0.3046055490867128
1,4,2,0,13,121,9,9,0,True,True,0.9044895891535765,0.5996416599813219
1,4,2,5,14,122,9,9,0,True,True,0.9563764579084877,0.4843862209096294
1,4,2,9,15,123,9,9,0,True,True,0.9921597932480819,0.24448811213194954
1,4,5,0,16,124,9,9,0,True,True,0.9982410953059571,0.15922644635204275
1,4,5,5,17,125,9,9,0,True,True,0.9982299858963242,0.15923288973175415
1,4,5,9,18,126,9,9,0,True,True,0.9987462262714392,0.08731291089894734
1,6,1,0,19,127,9,9,0,True,True,0.9446202255938253,0.7111726139935152
1,6,1,5,20,128,9,9,0,True,True,0.981615391081841,0.5598012308038087
1,6,1,9,21,129,9,9,0,True,True,0.9775684045551415,0.5711126193043916
1,6,2,0,22,130,9,9,0,True,True,0.7497246393557401,0.759142434538008
1,6,2,5,23,131,9,9,0,True,True,0.8324126739815169,0.6913022070937622
1,6,2,9,24,132,9,9,0,True,True,0.8989990771922262,0.5335001053668607
1,6,5,0,25,133,9,9,0,True,True,0.9976039755184625,0.16973652502847375
1,6,5,5,26,134,9,9,0,True,True,0.9975543877680935,0.1706309930682047
1,6,5,9,27,135,9,9,0,True,True,0.9983748649238711,0.09718475897985589
1,8,1,0,28,136,9,9,0,True,True,0.9243444151444059,0.8367214662355325
1,8,1,5,29,137,9,9,0,True,True,0.9785528212757356,0.6994610576756223
1,8,1,9,30,138,9,9,0,True,True,0.9271873832643158,0.79754392869068
1,8,2,0,31,139,9,9,0,True,True,0.6170420056090072,0.8414022793698994
1,8,2,5,32,140,9,9,0,True,True,0.6912621889168922,0.8080361722914433
1,8,2,9,33,141,9,9,0,True,True,0.4592768791911497,0.8961293994722521
1,8,5,0,34,142,9,9,0,True,True,0.9974177277159749,0.17355728842812507
1,8,5,5,35,143,9,9,0,True,True,0.9973634799418887,0.17468976021718496
1,8,5,9,36,144,9,9,0,True,True,0.9985852332611075,0.09235041387364558
2,2,1,0,37,145,9,7,-2,True,False,0.9973893649033275,0.15587519089626065
2,2,1,5,38,146,9,7,-2,True,False,0.9988016998854944,0.09424164779045688
2,2,1,9,39,147,9,9,0,True,True,0.9999555456259455,0.020142615600039788
2,2,2,0,40,148,9,8,-1,True,False,0.978286750958868,0.24388203982377799
2,2,2,5,41,149,9,8,-1,True,False,0.9883890005867089,0.17240911582993487
2,2,2,9,42,150,9,9,0,True,True,0.9995113492276705,0.03722773061771337
2,2,5,0,43,151,9,9,0,True,True,0.9174282737284838,0.40544671627320444
2,2,5,5,44,152,9,9,0,True,True,0.9240271368581748,0.3845361905394943
2,2,5,9,45,153,9,9,0,True,True,0.9787693156172715,0.21421938800143728
2,4,1,0,46,154,9,3,-6,True,False,0.9768411644111782,0.4805407863198103
2,4,1,5,47,155,9,6,-3,True,False,0.9902863291028638,0.35389593038381434
2,4,1,9,48,156,9,9,0,True,True,0.9902847560363881,0.3105473024667293
2,4,2,0,49,157,9,0,-9,True,False,0.8089015931150417,0.6320595811425029
2,4,2,5,50,158,9,0,-9,True,False,0.896090045931548,0.5104863910133767
2,4,2,9,51,159,9,9,0,True,True,0.98970747439487,0.25352289992399635
2,4,5,0,52,160,8,9,1,False,True,0.8589316120628269,0.5242008643319793
2,4,5,5,53,161,8,4,-4,False,False,0.8811141223823641,0.47717153730444833
2,4,5,9,54,162,8,8,0,False,False,0.9981211635276686,0.08789586327425807
2,6,1,0,55,163,9,9,0,True,True,0.9417069553999153,0.7128870617092773
2,6,1,5,56,164,9,9,0,True,True,0.9807352722781988,0.5619594340761116
2,6,1,9,57,165,0,0,0,False,False,0.9753570994814592,0.5737906606198627
2,6,2,0,58,166,9,8,-1,True,False,0.680784357003819,0.7745232046712519
2,6,2,5,59,167,0,0,0,False,False,0.8155358474895826,0.6560082282986379
2,6,2,9,60,168,9,0,-9,True,False,0.7966604685117453,0.6811672308252368
2,6,5,0,61,169,8,9,1,False,True,0.8407917850224872,0.5689677999072028
2,6,5,5,62,170,8,9,1,False,True,0.8578075615360552,0.520668125663482
2,6,5,9,63,171,8,7,-1,False,False,0.9957410439855661,0.116562015523434
2,8,1,0,64,172,0,6,6,False,False,0.9229609196336692,0.8374168115147547
2,8,1,5,65,173,0,0,0,False,False,0.9768524466247644,0.7011645993617192
2,8,1,9,66,174,0,0,0,False,False,0.9094724104045535,0.8008547716916989
2,8,2,0,67,175,3,4,1,False,False,0.5738945007190333,0.849050957394397
2,8,2,5,68,176,8,7,-1,False,False,0.6809428073993229,0.7930813553944482
2,8,2,9,69,177,0,5,5,False,False,0.45294969600442203,0.8987046169526175
2,8,5,0,70,178,6,9,3,False,True,0.8224996786734978,0.5960056471278043
2,8,5,5,71,179,6,9,3,False,True,0.8538416302133779,0.5314466249178017
2,8,5,9,72,180,0,2,2,False,False,0.9979901070083417,0.09292031116608286
3,2,1,0,73,181,9,9,0,True,True,0.9983945927109571,0.15414666532740953
3,2,1,5,74,182,9,9,0,True,True,0.9993398809569994,0.09101484954236694
3,2,1,9,75,183,9,9,0,True,True,0.999983295031737,0.016635817480247412
3,2,2,0,76,184,9,9,0,True,True,0.984955316558015,0.2384256887930334
3,2,2,5,77,185,9,9,0,True,True,0.9832791897437327,0.20069639167311085
3,2,2,9,78,186,9,9,0,True,True,0.9998274043384132,0.029749834041664616
3,2,5,0,79,187,9,9,0,True,True,0.7561988557366442,0.8142108673888999
3,2,5,5,80,188,9,9,0,True,True,0.7771387824707477,0.7546572086092452
3,2,5,9,81,189,9,9,0,True,True,0.9870886472211258,0.16340900052347715
3,4,1,0,82,190,9,7,-2,True,False,0.9779080978401025,0.48319657643604974
3,4,1,5,83,191,9,0,-9,True,False,0.9910966807895006,0.35536672598216246
3,4,1,9,84,192,9,6,-3,True,False,0.9890669666340192,0.3142315362433182
3,4,2,0,85,193,8,9,1,False,True,0.8296955333953161,0.6231178021108289
3,4,2,5,86,194,8,9,1,False,True,0.9098148977331872,0.5027851156894462
3,4,2,9,87,195,0,1,1,False,False,0.991283037717899,0.24607015012849806
3,4,5,0,88,196,4,0,-4,False,False,0.8694291349291806,0.5144216608033356
3,4,5,5,89,197,4,0,-4,False,False,0.8862511354526088,0.4694196353975015
3,4,5,9,90,198,0,4,4,False,False,0.995990205789713,0.11250993105526218
3,6,1,0,91,199,0,0,0,False,False,0.9131454351966188,0.7468228268303893
3,6,1,5,92,200,0,8,8,False,False,0.9808018254429975,0.5636478818437011
3,6,1,9,93,201,0,1,1,False,False,0.9763282947460741,0.5806763274228507
3,6,2,0,94,202,1,9,8,False,True,0.6860432768955801,0.7733162010389609
3,6,2,5,95,203,0,9,9,False,True,0.7993975578266997,0.6847890878115496
3,6,2,9,96,204,3,0,-3,False,False,0.7944177929421632,0.6815089509789961
3,6,5,0,97,205,2,8,6,False,False,0.8659649590315489,0.5206985558445796
3,6,5,5,98,206,1,5,4,False,False,0.8851496587880482,0.47402464632889707
3,6,5,9,99,207,1,3,2,False,False,0.9965859284883416,0.11118192783613813
3,8,1,0,100,208,0,1,1,False,False,0.9218887579216071,0.8391433492412687
3,8,1,5,101,209,0,0,0,False,False,0.9777093246305315,0.7021927771495667
3,8,1,9,102,210,0,0,0,False,False,0.9183918633074584,0.8130959356640379
3,8,2,0,103,211,0,3,3,False,False,0.571509772456289,0.8499946448755288
3,8,2,5,104,212,2,7,5,False,False,0.6745476844324476,0.7954929716725084
3,8,2,9,105,213,0,2,2,False,False,0.439680745688861,0.9030919927623517
3,8,5,0,106,214,4,5,1,False,False,0.8323895424136319,0.5902536468536675
3,8,5,5,107,215,4,1,-3,False,False,0.857131266288351,0.5300509397845062
3,8,5,9,108,216,2,5,3,False,False,0.9939340758119309,0.1323236880280622
