configuration_index,lowpass_hz,global_zscore_mean,global_zscore_std,stlsq_threshold,degree,n_delays,delay_samples,delay_ms,embedding_span_ms,smooth_window_samples,smooth_window_ms,derivative_method,fit_status,fit_failure_reason,nonzero_terms,possible_terms,term_utilization_percent,fit_runtime_s,feature_names_json,coefficients_json,equations
1,80.0,0.00022397498597370244,37.49490932187706,1.0,1,2,1,4.0,4.0,0,0.0,finite_difference,success,,4,6,66.66666666666667,1.1725322240963578,"[""1"", ""x0"", ""x1""]","[[0.0, 197.01721853041587, -206.05327267978126], [0.0, 206.11249224035603, -197.0796010299932]]",(x0)' =  197.017 x0 + -206.053 x1 | (x1)' =  206.112 x0 + -197.080 x1
2,80.0,0.00022397498597370244,37.49490932187706,1.0,1,2,1,4.0,4.0,5,20.0,smoothed_finite_difference_savgol_order_3,success,,4,6,66.66666666666667,0.09078867174685001,"[""1"", ""x0"", ""x1""]","[[0.0, 211.94030715302873, -220.04651513457486], [0.0, 220.11859674137676, -212.0157517152711]]",(x0)' =  211.940 x0 + -220.047 x1 | (x1)' =  220.119 x0 + -212.016 x1
3,80.0,0.00022397498597370244,37.49490932187706,1.0,1,2,1,4.0,4.0,9,36.0,smoothed_finite_difference_savgol_order_3,success,,4,6,66.66666666666667,0.09055344294756651,"[""1"", ""x0"", ""x1""]","[[0.0, 231.0830826033618, -236.97140802971214], [0.0, 236.9148005167493, -231.03178936247832]]",(x0)' =  231.083 x0 + -236.971 x1 | (x1)' =  236.915 x0 + -231.032 x1
4,80.0,0.00022397498597370244,37.49490932187706,1.0,1,2,2,8.0,8.0,0,0.0,finite_difference,success,,4,6,66.66666666666667,0.07681756187230349,"[""1"", ""x0"", ""x1""]","[[0.0, 81.89456724826555, -95.37696873429688], [0.0, 95.37847874704299, -81.89579556796227]]",(x0)' =  81.895 x0 + -95.377 x1 | (x1)' =  95.378 x0 + -81.896 x1
5,80.0,0.00022397498597370244,37.49490932187706,1.0,1,2,2,8.0,8.0,5,20.0,smoothed_finite_difference_savgol_order_3,success,,4,6,66.66666666666667,0.08979341480880976,"[""1"", ""x0"", ""x1""]","[[0.0, 90.44370460928397, -103.62698963272021], [0.0, 103.61945280020399, -90.4311828374162]]",(x0)' =  90.444 x0 + -103.627 x1 | (x1)' =  103.619 x0 + -90.431 x1
6,80.0,0.00022397498597370244,37.49490932187706,1.0,1,2,2,8.0,8.0,9,36.0,smoothed_finite_difference_savgol_order_3,success,,4,6,66.66666666666667,0.08743386808782816,"[""1"", ""x0"", ""x1""]","[[0.0, 105.29285481194934, -116.07268062763383], [0.0, 116.01032246148715, -105.2260224643586]]",(x0)' =  105.293 x0 + -116.073 x1 | (x1)' =  116.010 x0 + -105.226 x1
7,80.0,0.00022397498597370244,37.49490932187706,1.0,1,2,5,20.0,20.0,0,0.0,finite_difference,success,,4,6,66.66666666666667,0.07789351884275675,"[""1"", ""x0"", ""x1""]","[[0.0, 18.26141282993915, -32.46911870267538], [0.0, 32.47721166412234, -18.28258353947453]]",(x0)' =  18.261 x0 + -32.469 x1 | (x1)' =  32.477 x0 + -18.283 x1
8,80.0,0.00022397498597370244,37.49490932187706,1.0,1,2,5,20.0,20.0,5,20.0,smoothed_finite_difference_savgol_order_3,success,,4,6,66.66666666666667,0.08713121246546507,"[""1"", ""x0"", ""x1""]","[[0.0, 18.594624436855526, -32.711556746021344], [0.0, 32.71778660631167, -18.614286701340653]]",(x0)' =  18.595 x0 + -32.712 x1 | (x1)' =  32.718 x0 + -18.614 x1
9,80.0,0.00022397498597370244,37.49490932187706,1.0,1,2,5,20.0,20.0,9,36.0,smoothed_finite_difference_savgol_order_3,success,,4,6,66.66666666666667,0.08714589197188616,"[""1"", ""x0"", ""x1""]","[[0.0, 22.62037810519153, -37.728048917626026], [0.0, 37.74359202626654, -22.65086727240919]]",(x0)' =  22.620 x0 + -37.728 x1 | (x1)' =  37.744 x0 + -22.651 x1
10,80.0,0.00022397498597370244,37.49490932187706,1.0,1,4,1,4.0,12.0,0,0.0,finite_difference,success,,12,20,60.0,0.14692439138889313,"[""1"", ""x0"", ""x1"", ""x2"", ""x3""]","[[0.0, 260.25823178546074, -375.43914965079887, 167.34716696026584, -59.499812112282896], [0.0, 125.0279927197209, 0.0, -125.03529037948236, 0.0], [0.0, 0.0, 125.01433214184453, 0.0, -125.0169695777306], [0.0, 59.510265750942686, -167.4114786732592, 375.555696650082, -260.3142800639292]]",(x0)' =  260.258 x0 + -375.439 x1 +  167.347 x2 + -59.500 x3 | (x1)' =  125.028 x0 + -125.035 x2 | (x2)' =  125.014 x1 + -125.017 x3 | (x3)' =  59.510 x0 + -167.411 x1 +  375.556 x2 + -260.314 x3
11,80.0,0.00022397498597370244,37.49490932187706,1.0,1,4,1,4.0,12.0,5,20.0,smoothed_finite_difference_savgol_order_3,success,,12,20,60.0,0.15913181751966476,"[""1"", ""x0"", ""x1"", ""x2"", ""x3""]","[[0.0, 311.2690936946252, -472.7822587424995, 227.4092851181896, -71.00402315148746], [0.0, 125.03471814985426, 0.0, -125.0427170016593, 0.0], [0.0, 0.0, 125.01705857424626, 0.0, -125.01939799461137], [0.0, 71.09837493127895, -227.68631626763448, 473.07628446086096, -311.37184391900763]]",(x0)' =  311.269 x0 + -472.782 x1 +  227.409 x2 + -71.004 x3 | (x1)' =  125.035 x0 + -125.043 x2 | (x2)' =  125.017 x1 + -125.019 x3 | (x3)' =  71.098 x0 + -227.686 x1 +  473.076 x2 + -311.372 x3
12,80.0,0.00022397498597370244,37.49490932187706,1.0,1,4,1,4.0,12.0,9,36.0,smoothed_finite_difference_savgol_order_3,success,,14,20,70.0,0.17859282810240984,"[""1"", ""x0"", ""x1"", ""x2"", ""x3""]","[[0.0, 358.1392134957213, -538.5918742268742, 232.628929919996, -54.16618946980046], [0.0, 125.94850119981133, -2.995176437300273, -121.54095127261033, -1.428368267544075], [0.0, 0.0, 124.98175908708963, 0.0, -124.98157123097921], [0.0, 54.00879608346837, -231.98920500953926, 537.5320391083045, -357.5476024911787]]",(x0)' =  358.139 x0 + -538.592 x1 +  232.629 x2 + -54.166 x3 | (x1)' =  125.949 x0 + -2.995 x1 + -121.541 x2 + -1.428 x3 | (x2)' =  124.982 x1 + -124.982 x3 | (x3)' =  54.009 x0 + -231.989 x1 +  537.532 x2 + -357.548 x3
13,80.0,0.00022397498597370244,37.49490932187706,1.0,1,4,2,8.0,24.0,0,0.0,finite_difference,success,,16,20,80.0,0.15820818860083818,"[""1"", ""x0"", ""x1"", ""x2"", ""x3""]","[[0.0, 86.81187971130741, -112.76247563459737, 13.37938419323923, 2.5576220502005182], [0.0, 72.77426197438633, 4.8752295759855855, -89.7577726943783, 14.770754655552995], [0.0, -14.736858600913692, 89.6978809720438, -4.824619640335679, -72.79898710337761], [0.0, -2.5859326649004104, -13.335261629969226, 112.76088377207296, -86.83392239763965]]",(x0)' =  86.812 x0 + -112.762 x1 +  13.379 x2 +  2.558 x3 | (x1)' =  72.774 x0 +  4.875 x1 + -89.758 x2 +  14.771 x3 | (x2)' = -14.737 x0 +  89.698 x1 + -4.825 x2 + -72.799 x3 | (x3)' = -2.586 x0 + -13.335 x1 +  112.761 x2 + -86.834 x3
14,80.0,0.00022397498597370244,37.49490932187706,1.0,1,4,2,8.0,24.0,5,20.0,smoothed_finite_difference_savgol_order_3,success,,16,20,80.0,0.1657749628648162,"[""1"", ""x0"", ""x1"", ""x2"", ""x3""]","[[0.0, 103.81910725553948, -144.50126508418776, 39.054420857902386, -7.364710642145627], [0.0, 70.32142968309654, 11.465499454326576, -97.88879288551982, 19.005999682103575], [0.0, -18.94524400620053, 97.76979537464804, -11.35552664778185, -70.37351263601101], [0.0, 7.31995933073953, -38.98129479909052, 144.47145360092023, -103.8211301875962]]",(x0)' =  103.819 x0 + -144.501 x1 +  39.054 x2 + -7.365 x3 | (x1)' =  70.321 x0 +  11.465 x1 + -97.889 x2 +  19.006 x3 | (x2)' = -18.945 x0 +  97.770 x1 + -11.356 x2 + -70.374 x3 | (x3)' =  7.320 x0 + -38.981 x1 +  144.471 x2 + -103.821 x3
15,80.0,0.00022397498597370244,37.49490932187706,1.0,1,4,2,8.0,24.0,9,36.0,smoothed_finite_difference_savgol_order_3,success,,16,20,80.0,0.16839487943798304,"[""1"", ""x0"", ""x1"", ""x2"", ""x3""]","[[0.0, 149.24258982963312, -219.6967850943414, 84.29347881235294, -18.08385385764606], [0.0, 59.894732824390985, 25.407636936976868, -100.68682494647058, 16.511196045892493], [0.0, -16.181427951442274, 99.8471211457389, -24.423378431604036, -60.383538445911825], [0.0, 17.978577266971694, -83.86327403905389, 219.05408093105868, -148.8976172950186]]",(x0)' =  149.243 x0 + -219.697 x1 +  84.293 x2 + -18.084 x3 | (x1)' =  59.895 x0 +  25.408 x1 + -100.687 x2 +  16.511 x3 | (x2)' = -16.181 x0 +  99.847 x1 + -24.423 x2 + -60.384 x3 | (x3)' =  17.979 x0 + -83.863 x1 +  219.054 x2 + -148.898 x3
16,80.0,0.00022397498597370244,37.49490932187706,1.0,1,4,5,20.0,60.0,0,0.0,finite_difference,success,,14,20,70.0,0.14745795354247093,"[""1"", ""x0"", ""x1"", ""x2"", ""x3""]","[[0.0, 17.13909263871957, -39.00218864736911, 9.899667643673146, 5.132164699943624], [0.0, 31.27898065915081, 0.0, -34.99739291532252, 5.407424586453493], [0.0, -5.3851804731180755, 34.99132141411421, 0.0, -31.30059497804208], [0.0, -5.131635860696239, -9.963093322849922, 39.07368576769085, -17.16010809257174]]",(x0)' =  17.139 x0 + -39.002 x1 +  9.900 x2 +  5.132 x3 | (x1)' =  31.279 x0 + -34.997 x2 +  5.407 x3 | (x2)' = -5.385 x0 +  34.991 x1 + -31.301 x3 | (x3)' = -5.132 x0 + -9.963 x1 +  39.074 x2 + -17.160 x3
17,80.0,0.00022397498597370244,37.49490932187706,1.0,1,4,5,20.0,60.0,5,20.0,smoothed_finite_difference_savgol_order_3,success,,14,20,70.0,0.1625645523890853,"[""1"", ""x0"", ""x1"", ""x2"", ""x3""]","[[0.0, 17.54330747237254, -39.49175142870554, 10.186049275854469, 5.0442302055779935], [0.0, 31.323963022854098, 0.0, -35.15310956970207, 5.52101540425395], [0.0, -5.496624890474481, 35.14539569862315, 0.0, -31.344630462093082], [0.0, -5.044561728715733, -10.25046266893163, 39.558647701513515, -17.56015197271329]]",(x0)' =  17.543 x0 + -39.492 x1 +  10.186 x2 +  5.044 x3 | (x1)' =  31.324 x0 + -35.153 x2 +  5.521 x3 | (x2)' = -5.497 x0 +  35.145 x1 + -31.345 x3 | (x3)' = -5.045 x0 + -10.250 x1 +  39.559 x2 + -17.560 x3
18,80.0,0.00022397498597370244,37.49490932187706,1.0,1,4,5,20.0,60.0,9,36.0,smoothed_finite_difference_savgol_order_3,success,,16,20,80.0,0.17104582209140062,"[""1"", ""x0"", ""x1"", ""x2"", ""x3""]","[[0.0, 22.671378572522613, -47.935072303302164, 15.27076945115804, 3.103117620059396], [0.0, 33.703815725878414, 1.8054107110789097, -41.09673536815074, 8.017701289739012], [0.0, -7.991381348641982, 41.10809552391243, -1.834948564893927, -33.7036093222658], [0.0, -3.119087154882411, -15.30874235919066, 47.9854853727587, -22.688139960027446]]",(x0)' =  22.671 x0 + -47.935 x1 +  15.271 x2 +  3.103 x3 | (x1)' =  33.704 x0 +  1.805 x1 + -41.097 x2 +  8.018 x3 | (x2)' = -7.991 x0 +  41.108 x1 + -1.835 x2 + -33.704 x3 | (x3)' = -3.119 x0 + -15.309 x1 +  47.985 x2 + -22.688 x3
19,80.0,0.00022397498597370244,37.49490932187706,1.0,1,6,1,4.0,20.0,0,0.0,finite_difference,success,,20,42,47.61904761904762,0.23866298235952854,"[""1"", ""x0"", ""x1"", ""x2"", ""x3"", ""x4"", ""x5""]","[[0.0, 304.1838000245652, -505.2726430343385, 367.22827118422236, -278.8365340654253, 147.80730073519135, -40.555062433879336], [0.0, 125.0223345126472, 0.0, -125.0270108769417, 0.0, 0.0, 0.0], [0.0, 0.0, 125.03192328782274, 0.0, -125.02905448318437, 0.0, 0.0], [0.0, 0.0, 0.0, 125.0443188426323, 0.0, -125.04191243857399, 0.0], [0.0, 0.0, 0.0, 0.0, 125.01905304428978, 0.0, -125.02124089869771], [0.0, 40.53957202097111, -147.78997970703367, 278.868953574494, -367.34974758955497, 505.44652526332266, -304.2778623494454]]",(x0)' =  304.184 x0 + -505.273 x1 +  367.228 x2 + -278.837 x3 +  147.807 x4 + -40.555 x5 | (x1)' =  125.022 x0 + -125.027 x2 | (x2)' =  125.032 x1 + -125.029 x3 | (x3)' =  125.044 x2 + -125.042 x4 | (x4)' =  125.019 x3 + -125.021 x5 | (x5)' =  40.540 x0 + -147.790 x1 +  278.869 x2 + -367.350 x3 +  505.447 x4 + -304.278 x5
20,80.0,0.00022397498597370244,37.49490932187706,1.0,1,6,1,4.0,20.0,5,20.0,smoothed_finite_difference_savgol_order_3,success,,20,42,47.61904761904762,0.2829855661839247,"[""1"", ""x0"", ""x1"", ""x2"", ""x3"", ""x4"", ""x5""]","[[0.0, 385.9360825214652, -721.3937948560034, 629.2039838421281, -476.49753506079094, 239.01902418269955, -59.484338168006104], [0.0, 125.02773904016863, 0.0, -125.03385164192328, 0.0, 0.0, 0.0], [0.0, 0.0, 125.03989288568425, 0.0, -125.03652817386202, 0.0, 0.0], [0.0, 0.0, 0.0, 125.05503195529502, 0.0, -125.05022059271931, 0.0], [0.0, 0.0, 0.0, 0.0, 125.018369592659, 0.0, -125.02218027373796], [0.0, 59.50699965180977, -239.32753727421914, 477.44388105015713, -630.64883650414, 722.5941364477536, -386.3648019398109]]",(x0)' =  385.936 x0 + -721.394 x1 +  629.204 x2 + -476.498 x3 +  239.019 x4 + -59.484 x5 | (x1)' =  125.028 x0 + -125.034 x2 | (x2)' =  125.040 x1 + -125.037 x3 | (x3)' =  125.055 x2 + -125.050 x4 | (x4)' =  125.018 x3 + -125.022 x5 | (x5)' =  59.507 x0 + -239.328 x1 +  477.444 x2 + -630.649 x3 +  722.594 x4 + -386.365 x5
21,80.0,0.00022397498597370244,37.49490932187706,1.0,1,6,1,4.0,20.0,9,36.0,smoothed_finite_difference_savgol_order_3,success,,30,42,71.42857142857143,0.3232889920473099,"[""1"", ""x0"", ""x1"", ""x2"", ""x3"", ""x4"", ""x5""]","[[0.0, 416.6696414760119, -773.0606824658098, 664.4313084643932, -508.0838988238396, 264.74937241777343, -66.28613137554723], [0.0, 125.76505992387423, -3.7157094420326615, -119.85144093632832, -0.8357699270271536, -3.1655546984445238, 1.8271921450980733], [0.0, 0.0, 124.64064822758617, 0.0, -123.00102870069229, -2.7103928835258038, 1.0859492858726552], [0.0, -1.8034273145946509, 6.470253917253261, 115.73244468933676, 6.383459521792939, -126.79372399982014, 0.0], [0.0, 0.0, 0.0, 0.0, 124.38458441385828, 1.1751147972492078, -125.60117447049115], [0.0, 67.6662645243278, -268.41046311242985, 511.96997869668525, -666.6931916236176, 773.964698041193, -416.9128693367587]]",(x0)' =  416.670 x0 + -773.061 x1 +  664.431 x2 + -508.084 x3 +  264.749 x4 + -66.286 x5 | (x1)' =  125.765 x0 + -3.716 x1 + -119.851 x2 + -0.836 x3 + -3.166 x4 +  1.827 x5 | (x2)' =  124.641 x1 + -123.001 x3 + -2.710 x4 +  1.086 x5 | (x3)' = -1.803 x0 +  6.470 x1 +  115.732 x2 +  6.383 x3 + -126.794 x4 | (x4)' =  124.385 x3 +  1.175 x4 + -125.601 x5 | (x5)' =  67.666 x0 + -268.410 x1 +  511.970 x2 + -666.693 x3 +  773.965 x4 + -416.913 x5
22,80.0,0.00022397498597370244,37.49490932187706,1.0,1,6,2,8.0,40.0,0,0.0,finite_difference,success,,30,42,71.42857142857143,0.26446807757019997,"[""1"", ""x0"", ""x1"", ""x2"", ""x3"", ""x4"", ""x5""]","[[0.0, 86.04606413307154, -112.42831508656258, 14.61533491965747, 0.0, -2.1365904725593303, 5.392688583968098], [0.0, 73.23361197829497, 4.449218081056721, -91.14273696260845, 20.03122286535419, -4.673438073560481, 0.0], [0.0, -16.087462889741808, 91.12772096372404, 0.0, -92.38956142971357, 20.363250603893338, -3.5419361860626277], [0.0, 3.5384338058894396, -20.35983751736527, 92.37789990898746, 0.0, -91.12595976683221, 16.096715471575692], [0.0, 0.0, 4.680256152388761, -19.998345084051344, 91.07475559028653, -4.392778634985328, -73.26314221519443], [0.0, -5.390776743736391, 2.102286670397852, 0.0, -14.550441334026056, 112.39603949241418, -86.05545688313279]]",(x0)' =  86.046 x0 + -112.428 x1 +  14.615 x2 + -2.137 x4 +  5.393 x5 | (x1)' =  73.234 x0 +  4.449 x1 + -91.143 x2 +  20.031 x3 + -4.673 x4 | (x2)' = -16.087 x0 +  91.128 x1 + -92.390 x3 +  20.363 x4 + -3.542 x5 | (x3)' =  3.538 x0 + -20.360 x1 +  92.378 x2 + -91.126 x4 +  16.097 x5 | (x4)' =  4.680 x1 + -19.998 x2 +  91.075 x3 + -4.393 x4 + -73.263 x5 | (x5)' = -5.391 x0 +  2.102 x1 + -14.550 x3 +  112.396 x4 + -86.055 x5
23,80.0,0.00022397498597370244,37.49490932187706,1.0,1,6,2,8.0,40.0,5,20.0,smoothed_finite_difference_savgol_order_3,success,,36,42,85.71428571428571,0.2988630160689354,"[""1"", ""x0"", ""x1"", ""x2"", ""x3"", ""x4"", ""x5""]","[[0.0, 103.24552198655226, -145.29038930100376, 44.38889134277983, -18.791674787449214, 7.060617518465093, 2.1252207629624746], [0.0, 70.39096219362855, 12.733687973362073, -104.14268405793298, 33.76436453683695, -14.064955831780791, 3.1706567638317433], [0.0, -18.903446431757825, 95.07439145825367, 1.341548758845366, -100.68039841507934, 30.27816311133961, -8.19867370345111], [0.0, 8.172991692889385, -30.228666598673456, 100.5878303273365, -1.2260483261303647, -95.17478620041962, 18.95753665193843], [0.0, -3.159232121702111, 14.050250766088066, -33.699064352491426, 104.02986049957208, -12.620341665980359, -70.45546314044124], [0.0, -2.1275672026965995, -7.068908033694175, 18.745008967484548, -44.305130925845525, 145.2572235552175, -103.24464328892847]]",(x0)' =  103.246 x0 + -145.290 x1 +  44.389 x2 + -18.792 x3 +  7.061 x4 +  2.125 x5 | (x1)' =  70.391 x0 +  12.734 x1 + -104.143 x2 +  33.764 x3 + -14.065 x4 +  3.171 x5 | (x2)' = -18.903 x0 +  95.074 x1 +  1.342 x2 + -100.680 x3 +  30.278 x4 + -8.199 x5 | (x3)' =  8.173 x0 + -30.229 x1 +  100.588 x2 + -1.226 x3 + -95.175 x4 +  18.958 x5 | (x4)' = -3.159 x0 +  14.050 x1 + -33.699 x2 +  104.030 x3 + -12.620 x4 + -70.455 x5 | (x5)' = -2.128 x0 + -7.069 x1 +  18.745 x2 + -44.305 x3 +  145.257 x4 + -103.245 x5
24,80.0,0.00022397498597370244,37.49490932187706,1.0,1,6,2,8.0,40.0,9,36.0,smoothed_finite_difference_savgol_order_3,success,,36,42,85.71428571428571,0.29788859002292156,"[""1"", ""x0"", ""x1"", ""x2"", ""x3"", ""x4"", ""x5""]","[[0.0, 147.67202808719588, -214.9190502780845, 70.62568196632925, 7.913072519382873, -31.37326881981881, 17.49360320654826], [0.0, 59.28569995422656, 28.431022855904896, -105.37576716713514, 19.232366590183133, 2.441756068732746, -3.555620146517941], [0.0, -12.458794883366028, 84.2332395803092, 5.581367713708761, -94.47375010284183, 19.895868981288043, -2.9818389721865723], [0.0, 2.5835511728801204, -18.35339492306918, 91.73526020972703, -2.8652481720408547, -85.78330577153635, 12.886292046389332], [0.0, 3.607093287212905, -2.5820131104887416, -19.0826149433904, 105.25575330268833, -28.26869356877523, -59.39240147408485], [0.0, -17.215087501743124, 30.314533468633428, -5.998782901928077, -72.56304605491285, 215.98525508860308, -147.93051560300518]]",(x0)' =  147.672 x0 + -214.919 x1 +  70.626 x2 +  7.913 x3 + -31.373 x4 +  17.494 x5 | (x1)' =  59.286 x0 +  28.431 x1 + -105.376 x2 +  19.232 x3 +  2.442 x4 + -3.556 x5 | (x2)' = -12.459 x0 +  84.233 x1 +  5.581 x2 + -94.474 x3 +  19.896 x4 + -2.982 x5 | (x3)' =  2.584 x0 + -18.353 x1 +  91.735 x2 + -2.865 x3 + -85.783 x4 +  12.886 x5 | (x4)' =  3.607 x0 + -2.582 x1 + -19.083 x2 +  105.256 x3 + -28.269 x4 + -59.392 x5 | (x5)' = -17.215 x0 +  30.315 x1 + -5.999 x2 + -72.563 x3 +  215.985 x4 + -147.931 x5
25,80.0,0.00022397498597370244,37.49490932187706,1.0,1,6,5,20.0,100.0,0,0.0,finite_difference,success,,32,42,76.19047619047619,0.267673933878541,"[""1"", ""x0"", ""x1"", ""x2"", ""x3"", ""x4"", ""x5""]","[[0.0, 16.37503668107783, -39.10504333663734, 10.580859818252488, 2.6714598434143735, 5.3967764309164545, -2.128961832516646], [0.0, 31.552414387037736, 0.0, -35.32162716154572, 6.468422681776102, -2.440905456320893, 1.2456353254783943], [0.0, -6.928415699931968, 34.83291013779248, 0.0, -34.65174966329197, 7.6419206321763395, -1.2020491425422148], [0.0, 1.163631772505703, -7.61301503610281, 34.654852771675294, 0.0, -34.85872150438006, 6.962574968077761], [0.0, -1.2276255612553626, 2.4387076138047794, -6.49444197091498, 35.35514236516618, 0.0, -31.578453526468962], [0.0, 2.1581691545840678, -5.437484957033299, -2.5701943105520977, -10.71639134622113, 39.17774057960289, -16.413220538766588]]",(x0)' =  16.375 x0 + -39.105 x1 +  10.581 x2 +  2.671 x3 +  5.397 x4 + -2.129 x5 | (x1)' =  31.552 x0 + -35.322 x2 +  6.468 x3 + -2.441 x4 +  1.246 x5 | (x2)' = -6.928 x0 +  34.833 x1 + -34.652 x3 +  7.642 x4 + -1.202 x5 | (x3)' =  1.164 x0 + -7.613 x1 +  34.655 x2 + -34.859 x4 +  6.963 x5 | (x4)' = -1.228 x0 +  2.439 x1 + -6.494 x2 +  35.355 x3 + -31.578 x5 | (x5)' =  2.158 x0 + -5.437 x1 + -2.570 x2 + -10.716 x3 +  39.178 x4 + -16.413 x5
26,80.0,0.00022397498597370244,37.49490932187706,1.0,1,6,5,20.0,100.0,5,20.0,smoothed_finite_difference_savgol_order_3,success,,32,42,76.19047619047619,0.2882904466241598,"[""1"", ""x0"", ""x1"", ""x2"", ""x3"", ""x4"", ""x5""]","[[0.0, 16.776593487054328, -39.58958974201957, 10.919588628491411, 2.508951762722609, 5.474048926502293, -2.2122298067778527], [0.0, 31.612022136409134, 0.0, -35.51162379644475, 6.661548706203386, -2.568511754319957, 1.3146029763082592], [0.0, -7.087176211767841, 35.01616292450336, 0.0, -34.82545186137098, 7.861189897458128, -1.2894190473583607], [0.0, 1.252029012292977, -7.835650731251059, 34.82750043878033, 0.0, -35.04274875176126, 7.125230194322316], [0.0, -1.2966299993791857, 2.5722393575970597, -6.6898353487259055, 35.547512759422695, 0.0, -31.640472643474897], [0.0, 2.2421179155959914, -5.518344577656239, -2.404050919260485, -11.06026322390683, 39.66304252309093, -16.813639605453375]]",(x0)' =  16.777 x0 + -39.590 x1 +  10.920 x2 +  2.509 x3 +  5.474 x4 + -2.212 x5 | (x1)' =  31.612 x0 + -35.512 x2 +  6.662 x3 + -2.569 x4 +  1.315 x5 | (x2)' = -7.087 x0 +  35.016 x1 + -34.825 x3 +  7.861 x4 + -1.289 x5 | (x3)' =  1.252 x0 + -7.836 x1 +  34.828 x2 + -35.043 x4 +  7.125 x5 | (x4)' = -1.297 x0 +  2.572 x1 + -6.690 x2 +  35.548 x3 + -31.640 x5 | (x5)' =  2.242 x0 + -5.518 x1 + -2.404 x2 + -11.060 x3 +  39.663 x4 + -16.814 x5
27,80.0,0.00022397498597370244,37.49490932187706,1.0,1,6,5,20.0,100.0,9,36.0,smoothed_finite_difference_savgol_order_3,success,,32,42,76.19047619047619,0.2832665415480733,"[""1"", ""x0"", ""x1"", ""x2"", ""x3"", ""x4"", ""x5""]","[[0.0, 21.747355482834347, -48.29119312249978, 16.31047215676726, 0.0, 6.014906344341232, -1.8787638237896997], [0.0, 34.45947758409309, 2.0933889000973096, -42.0734152792961, 10.820249148665438, -5.296403046525138, 1.7993098701360213], [0.0, -9.893657357854444, 40.46880890077146, 0.0, -40.023791064095086, 11.993959249445373, -3.3457369984522525], [0.0, 3.303772557562222, -11.96720758703369, 40.02332015370936, 0.0, -40.49303932292571, 9.940449039249856], [0.0, -1.7681992693216644, 5.293924835060766, -10.864830896560832, 42.16257246447011, -2.151873358007876, -34.46104521353195], [0.0, 1.9123514741593657, -6.0317560533180945, 0.0, -16.348125615545875, 48.30510509776275, -21.762876734865095]]",(x0)' =  21.747 x0 + -48.291 x1 +  16.310 x2 +  6.015 x4 + -1.879 x5 | (x1)' =  34.459 x0 +  2.093 x1 + -42.073 x2 +  10.820 x3 + -5.296 x4 +  1.799 x5 | (x2)' = -9.894 x0 +  40.469 x1 + -40.024 x3 +  11.994 x4 + -3.346 x5 | (x3)' =  3.304 x0 + -11.967 x1 +  40.023 x2 + -40.493 x4 +  9.940 x5 | (x4)' = -1.768 x0 +  5.294 x1 + -10.865 x2 +  42.163 x3 + -2.152 x4 + -34.461 x5 | (x5)' =  1.912 x0 + -6.032 x1 + -16.348 x3 +  48.305 x4 + -21.763 x5
28,80.0,0.00022397498597370244,37.49490932187706,1.0,1,8,1,4.0,28.0,0,0.0,finite_difference,success,,28,72,38.888888888888886,0.34310829546302557,"[""1"", ""x0"", ""x1"", ""x2"", ""x3"", ""x4"", ""x5"", ""x6"", ""x7""]","[[0.0, 328.68651660214687, -591.5801972239069, 530.7497370306107, -502.76800492979623, 389.5394950202784, -247.80504234745624, 117.79895461703197, -28.97020915011338], [0.0, 125.02919722489696, 0.0, -125.03064839419403, 0.0, 0.0, 0.0, 0.0, 0.0], [0.0, 0.0, 125.02163622377762, 0.0, -125.02033832359959, 0.0, 0.0, 0.0, 0.0], [0.0, 0.0, 0.0, 125.03866741476216, 0.0, -125.03363061269883, 0.0, 0.0, 0.0], [0.0, 0.0, 0.0, 0.0, 125.03666227752389, 0.0, -125.03333927386196, 0.0, 0.0], [0.0, 0.0, 0.0, 0.0, 0.0, 125.0319457217358, 0.0, -125.04044408921241, 0.0], [0.0, 0.0, 0.0, 0.0, 0.0, 0.0, 125.01609375811005, 0.0, -125.02175461085422], [0.0, 28.92369627476988, -117.6881223294831, 247.59759047070608, -389.21383541420835, 502.42445016028915, -530.4974593732184, 591.4575798365864, -328.65607087062403]]",(x0)' =  328.687 x0 + -591.580 x1 +  530.750 x2 + -502.768 x3 +  389.539 x4 + -247.805 x5 +  117.799 x6 + -28.970 x7 | (x1)' =  125.029 x0 + -125.031 x2 | (x2)' =  125.022 x1 + -125.020 x3 | (x3)' =  125.039 x2 + -125.034 x4 | (x4)' =  125.037 x3 + -125.033 x5 | (x5)' =  125.032 x4 + -125.040 x6 | (x6)' =  125.016 x5 + -125.022 x7 | (x7)' =  28.924 x0 + -117.688 x1 +  247.598 x2 + -389.214 x3 +  502.424 x4 + -530.497 x5 +  591.458 x6 + -328.656 x7
29,80.0,0.00022397498597370244,37.49490932187706,1.0,1,8,1,4.0,28.0,5,20.0,smoothed_finite_difference_savgol_order_3,success,,28,72,38.888888888888886,0.4639034019783139,"[""1"", ""x0"", ""x1"", ""x2"", ""x3"", ""x4"", ""x5"", ""x6"", ""x7""]","[[0.0, 440.62080317235495, -941.370127071881, 1080.61951963593, -1104.0307853108884, 879.1331703923654, -533.4620969851728, 224.79985998886067, -48.51636284863785], [0.0, 125.03720813759914, 0.0, -125.03997866142805, 0.0, 0.0, 0.0, 0.0, 0.0], [0.0, 0.0, 125.02538616543426, 0.0, -125.0216310041726, 0.0, 0.0, 0.0, 0.0], [0.0, 0.0, 0.0, 125.04806220440535, 0.0, -125.04135330974665, 0.0, 0.0, 0.0], [0.0, 0.0, 0.0, 0.0, 125.04122305749897, 0.0, -125.03932601117465, 0.0, 0.0], [0.0, 0.0, 0.0, 0.0, 0.0, 125.03681722319996, 0.0, -125.04521240166086, 0.0], [0.0, 0.0, 0.0, 0.0, 0.0, 0.0, 125.02137565243345, 0.0, -125.02812418875706], [0.0, 48.16306981519121, -223.47092931593886, 530.8185980105284, -875.7110427638377, 1101.1615557003472, -1079.1761858448613, 941.0171003867848, -440.60064634074183]]",(x0)' =  440.621 x0 + -941.370 x1 +  1080.620 x2 + -1104.031 x3 +  879.133 x4 + -533.462 x5 +  224.800 x6 + -48.516 x7 | (x1)' =  125.037 x0 + -125.040 x2 | (x2)' =  125.025 x1 + -125.022 x3 | (x3)' =  125.048 x2 + -125.041 x4 | (x4)' =  125.041 x3 + -125.039 x5 | (x5)' =  125.037 x4 + -125.045 x6 | (x6)' =  125.021 x5 + -125.028 x7 | (x7)' =  48.163 x0 + -223.471 x1 +  530.819 x2 + -875.711 x3 +  1101.162 x4 + -1079.176 x5 +  941.017 x6 + -440.601 x7
30,80.0,0.00022397498597370244,37.49490932187706,1.0,1,8,1,4.0,28.0,9,36.0,smoothed_finite_difference_savgol_order_3,success,,49,72,68.05555555555556,0.6267982749268413,"[""1"", ""x0"", ""x1"", ""x2"", ""x3"", ""x4"", ""x5"", ""x6"", ""x7""]","[[0.0, 443.950263820467, -883.7969894369687, 881.2010053268737, -796.1882070122107, 549.8012891613864, -255.65638305066685, 63.808769842438274, -4.119614945169797], [0.0, 127.12825216911617, -10.192223750754323, -104.88161844136322, -22.213470347432903, 17.901514554754392, -13.65549352875348, 8.170772392001592, -2.2586182634047414], [0.0, 0.0, 125.02218118713084, 0.0, -125.01424080192344, 0.0, 0.0, 0.0, 0.0], [0.0, 0.0, 1.81972175303088, 120.02312930402245, 5.112725978530931, -128.9258711961163, 5.281066005405159, -5.138291097053092, 1.8512156839076486], [0.0, 0.0, 1.6897811132352667, -5.088313622087817, 131.67219515785442, -7.429657281368646, -115.77057591430984, -7.472069169175632, 2.4111533970160552], [0.0, 0.0, 0.0, 0.0, 0.0, 125.0654314185652, 0.0, -125.07155334012865, 0.0], [0.0, 2.079647246230098, -9.383579821627269, 18.58133932511044, -23.582369683524455, 24.84244638879244, 103.22220682637833, 12.305300618765756, -128.06850848791504], [0.0, 0.0, -51.01710081969276, 237.35515566221966, -531.3410130882896, 781.6103518233485, -875.0114300415755, 884.265127476764, -444.91270820544156]]",(x0)' =  443.950 x0 + -883.797 x1 +  881.201 x2 + -796.188 x3 +  549.801 x4 + -255.656 x5 +  63.809 x6 + -4.120 x7 | (x1)' =  127.128 x0 + -10.192 x1 + -104.882 x2 + -22.213 x3 +  17.902 x4 + -13.655 x5 +  8.171 x6 + -2.259 x7 | (x2)' =  125.022 x1 + -125.014 x3 | (x3)' =  1.820 x1 +  120.023 x2 +  5.113 x3 + -128.926 x4 +  5.281 x5 + -5.138 x6 +  1.851 x7 | (x4)' =  1.690 x1 + -5.088 x2 +  131.672 x3 + -7.430 x4 + -115.771 x5 + -7.472 x6 +  2.411 x7 | (x5)' =  125.065 x4 + -125.072 x6 | (x6)' =  2.080 x0 + -9.384 x1 +  18.581 x2 + -23.582 x3 +  24.842 x4 +  103.222 x5 +  12.305 x6 + -128.069 x7 | (x7)' = -51.017 x1 +  237.355 x2 + -531.341 x3 +  781.610 x4 + -875.011 x5 +  884.265 x6 + -444.913 x7
31,80.0,0.00022397498597370244,37.49490932187706,1.0,1,8,2,8.0,56.0,0,0.0,finite_difference,success,,46,72,63.888888888888886,0.4630828443914652,"[""1"", ""x0"", ""x1"", ""x2"", ""x3"", ""x4"", ""x5"", ""x6"", ""x7""]","[[0.0, 85.01718245919214, -112.16273683498247, 14.333635464681219, 0.0, 0.0, 1.158254364688754, -1.5300965112467837, 6.176725703024278], [0.0, 73.51492911750307, 4.411171807357327, -91.18223022611241, 19.75149067694518, -4.005992542822344, 0.0, 0.0, -1.0148017021013158], [0.0, -16.114317156212095, 91.15650081251651, 0.0, -92.39371962818484, 20.37070026032022, -3.5486151995539337, 0.0, 0.0], [0.0, 3.8859660843356503, -20.459834289824187, 92.41089042420427, 0.0, -92.41041914660165, 20.43094192849597, -3.865530261707524, 0.0], [0.0, 0.0, 3.8899552659661327, -20.4411682561231, 92.41078804335181, 0.0, -92.40133987041024, 20.413165805912143, -3.86145959846417], [0.0, 0.0, 0.0, 3.5251153278559775, -20.32917741638169, 92.34483785193534, 0.0, -91.09197845633138, 16.07689192636616], [0.0, 1.017495130883582, 0.0, 0.0, 3.990085839023254, -19.66222199983494, 91.07535386945735, -4.4048540612449125, -73.48775092503851], [0.0, -6.150591120665166, 1.528426727516615, -1.222811805311904, 0.0, 0.0, -14.243112219575183, 112.1563805005765, -85.073450607408]]",(x0)' =  85.017 x0 + -112.163 x1 +  14.334 x2 +  1.158 x5 + -1.530 x6 +  6.177 x7 | (x1)' =  73.515 x0 +  4.411 x1 + -91.182 x2 +  19.751 x3 + -4.006 x4 + -1.015 x7 | (x2)' = -16.114 x0 +  91.157 x1 + -92.394 x3 +  20.371 x4 + -3.549 x5 | (x3)' =  3.886 x0 + -20.460 x1 +  92.411 x2 + -92.410 x4 +  20.431 x5 + -3.866 x6 | (x4)' =  3.890 x1 + -20.441 x2 +  92.411 x3 + -92.401 x5 +  20.413 x6 + -3.861 x7 | (x5)' =  3.525 x2 + -20.329 x3 +  92.345 x4 + -91.092 x6 +  16.077 x7 | (x6)' =  1.017 x0 +  3.990 x3 + -19.662 x4 +  91.075 x5 + -4.405 x6 + -73.488 x7 | (x7)' = -6.151 x0 +  1.528 x1 + -1.223 x2 + -14.243 x5 +  112.156 x6 + -85.073 x7
32,80.0,0.00022397498597370244,37.49490932187706,1.0,1,8,2,8.0,56.0,5,20.0,smoothed_finite_difference_savgol_order_3,success,,58,72,80.55555555555556,0.44843548350036144,"[""1"", ""x0"", ""x1"", ""x2"", ""x3"", ""x4"", ""x5"", ""x6"", ""x7""]","[[0.0, 102.24368184331159, -145.05171218817503, 44.45593943926616, -19.509447241826823, 10.148737972386028, -3.311621716158396, 0.0, 5.132043493230785], [0.0, 70.65341309799297, 12.719115801850066, -104.30160602644419, 34.240229922953915, -15.903783797612618, 7.1746051311261585, -3.1041623025304705, 0.0], [0.0, -19.158475043542033, 95.05003915604468, 1.598812754360588, -101.40804458195352, 33.13539210692388, -14.815680964467338, 6.16504034694536, -1.227843484044548], [0.0, 8.505296910042253, -30.158221700221635, 100.20791540146877, 0.0, -100.69978563019765, 32.43395917944893, -13.642393459484644, 3.765031015402079], [0.0, -3.7844100191232095, 13.679803304946102, -32.42846760112655, 100.69244208839504, 0.0, -100.21270346566523, 30.128034514059923, -8.487168774549431], [0.0, 1.2424925380175709, -6.18969153098932, 14.779942004043235, -33.0428056970169, 101.2574624395448, -1.457418208787228, -95.08597375914168, 19.151892386529266], [0.0, 0.0, 3.085083393692556, -7.087003700277825, 15.792203074536003, -34.092634185532404, 104.15124945096335, -12.673617830301726, -70.64651273393672], [0.0, -5.096520995914653, 0.0, 3.1987815639916555, -10.039701820339225, 19.38524492726467, -44.313936912149565, 145.0423628985726, -102.29262890292513]]",(x0)' =  102.244 x0 + -145.052 x1 +  44.456 x2 + -19.509 x3 +  10.149 x4 + -3.312 x5 +  5.132 x7 | (x1)' =  70.653 x0 +  12.719 x1 + -104.302 x2 +  34.240 x3 + -15.904 x4 +  7.175 x5 + -3.104 x6 | (x2)' = -19.158 x0 +  95.050 x1 +  1.599 x2 + -101.408 x3 +  33.135 x4 + -14.816 x5 +  6.165 x6 + -1.228 x7 | (x3)' =  8.505 x0 + -30.158 x1 +  100.208 x2 + -100.700 x4 +  32.434 x5 + -13.642 x6 +  3.765 x7 | (x4)' = -3.784 x0 +  13.680 x1 + -32.428 x2 +  100.692 x3 + -100.213 x5 +  30.128 x6 + -8.487 x7 | (x5)' =  1.242 x0 + -6.190 x1 +  14.780 x2 + -33.043 x3 +  101.257 x4 + -1.457 x5 + -95.086 x6 +  19.152 x7 | (x6)' =  3.085 x1 + -7.087 x2 +  15.792 x3 + -34.093 x4 +  104.151 x5 + -12.674 x6 + -70.647 x7 | (x7)' = -5.097 x0 +  3.199 x2 + -10.040 x3 +  19.385 x4 + -44.314 x5 +  145.042 x6 + -102.293 x7
33,80.0,0.00022397498597370244,37.49490932187706,1.0,1,8,2,8.0,56.0,9,36.0,smoothed_finite_difference_savgol_order_3,success,,60,72,83.33333333333333,0.4436194831505418,"[""1"", ""x0"", ""x1"", ""x2"", ""x3"", ""x4"", ""x5"", ""x6"", ""x7""]","[[0.0, 152.59570816637043, -227.40354860480682, 79.89932746314123, 19.047920277516962, -72.69377605318266, 78.01467732822452, -49.86657418386996, 18.276505616574326], [0.0, 57.69899048435316, 32.32240025289675, -108.0269756303974, 15.06978027819267, 16.386318826025523, -23.427174989142635, 15.97672830243746, -5.649296646509734], [0.0, -11.907718806709303, 82.64904895332583, 6.820372953771314, -93.12844685654318, 14.544146655953792, 5.273997255142, -7.418344240933413, 3.1076472552785535], [0.0, 3.4509682059525737, -19.79464955692761, 92.06312132190735, 0.0, -92.08259639288067, 19.850741961149193, -3.4850430010240943, 0.0], [0.0, 0.0, 3.8139025742797132, -20.671518543253793, 92.85959833537778, 0.0, -92.7720733375837, 20.48631818290497, -3.720121540335747], [0.0, -2.7116012960003886, 6.295028213747604, -3.973586952089873, -14.750274906388244, 91.55696297693528, -4.442618676376687, -84.35564879468451, 12.463749896818591], [0.0, 5.5859650620136305, -15.798849556187768, 23.247398807252885, -16.43518848531551, -14.688088593040828, 107.55918461120358, -32.01218966865463, -57.8068333225689], [0.0, -18.1352816647104, 49.44367546815696, -77.37264982835998, 71.96266462442193, -18.29240204894739, -80.60077595836843, 227.85407597765624, -152.73353400191817]]",(x0)' =  152.596 x0 + -227.404 x1 +  79.899 x2 +  19.048 x3 + -72.694 x4 +  78.015 x5 + -49.867 x6 +  18.277 x7 | (x1)' =  57.699 x0 +  32.322 x1 + -108.027 x2 +  15.070 x3 +  16.386 x4 + -23.427 x5 +  15.977 x6 + -5.649 x7 | (x2)' = -11.908 x0 +  82.649 x1 +  6.820 x2 + -93.128 x3 +  14.544 x4 +  5.274 x5 + -7.418 x6 +  3.108 x7 | (x3)' =  3.451 x0 + -19.795 x1 +  92.063 x2 + -92.083 x4 +  19.851 x5 + -3.485 x6 | (x4)' =  3.814 x1 + -20.672 x2 +  92.860 x3 + -92.772 x5 +  20.486 x6 + -3.720 x7 | (x5)' = -2.712 x0 +  6.295 x1 + -3.974 x2 + -14.750 x3 +  91.557 x4 + -4.443 x5 + -84.356 x6 +  12.464 x7 | (x6)' =  5.586 x0 + -15.799 x1 +  23.247 x2 + -16.435 x3 + -14.688 x4 +  107.559 x5 + -32.012 x6 + -57.807 x7 | (x7)' = -18.135 x0 +  49.444 x1 + -77.373 x2 +  71.963 x3 + -18.292 x4 + -80.601 x5 +  227.854 x6 + -152.734 x7
34,80.0,0.00022397498597370244,37.49490932187706,1.0,1,8,5,20.0,140.0,0,0.0,finite_difference,success,,53,72,73.61111111111111,0.42014005687087774,"[""1"", ""x0"", ""x1"", ""x2"", ""x3"", ""x4"", ""x5"", ""x6"", ""x7""]","[[0.0, 16.343302672708106, -39.11440101137999, 10.297865332820512, 2.3743202473071494, 5.291080172930263, -2.297099602086917, 0.0, 1.427267175301277], [0.0, 31.58881681697037, 0.0, -34.95560186254564, 6.631667181830884, -2.6096166187817604, 2.09375575402999, -1.6782845532588966, 0.0], [0.0, -6.854574798637402, 34.66639330552163, 0.0, -34.51775340502853, 7.910384060866908, -1.8989819686737965, 1.826906895683522, -1.536370596458694], [0.0, 1.09753608091968, -7.448475510317793, 34.73606122348956, 0.0, -35.096161661260496, 7.658468711527118, -1.7079803808968395, 1.0075857015205973], [0.0, 0.0, 1.164398407160621, -7.4963934707699655, 34.91222056386158, 0.0, -34.917370334700294, 7.53120677418499, -1.202053256481047], [0.0, 1.5312830630945167, -1.8191796967309248, 1.8965221205244427, -7.924435640282966, 34.52350046523855, 0.0, -34.72482247694363, 6.9407888950411865], [0.0, 0.0, 1.685980970814648, -2.0999170477280273, 2.6563861364717902, -6.690984203455529, 35.00326132956074, 0.0, -31.64702410559497], [0.0, -1.43284920067565, 0.0, 2.3340568222361737, -5.347329982132506, -2.2317055682768143, -10.478111633997441, 39.22458360815314, -16.37136811344726]]",(x0)' =  16.343 x0 + -39.114 x1 +  10.298 x2 +  2.374 x3 +  5.291 x4 + -2.297 x5 +  1.427 x7 | (x1)' =  31.589 x0 + -34.956 x2 +  6.632 x3 + -2.610 x4 +  2.094 x5 + -1.678 x6 | (x2)' = -6.855 x0 +  34.666 x1 + -34.518 x3 +  7.910 x4 + -1.899 x5 +  1.827 x6 + -1.536 x7 | (x3)' =  1.098 x0 + -7.448 x1 +  34.736 x2 + -35.096 x4 +  7.658 x5 + -1.708 x6 +  1.008 x7 | (x4)' =  1.164 x1 + -7.496 x2 +  34.912 x3 + -34.917 x5 +  7.531 x6 + -1.202 x7 | (x5)' =  1.531 x0 + -1.819 x1 +  1.897 x2 + -7.924 x3 +  34.524 x4 + -34.725 x6 +  6.941 x7 | (x6)' =  1.686 x1 + -2.100 x2 +  2.656 x3 + -6.691 x4 +  35.003 x5 + -31.647 x7 | (x7)' = -1.433 x0 +  2.334 x2 + -5.347 x3 + -2.232 x4 + -10.478 x5 +  39.225 x6 + -16.371 x7
35,80.0,0.00022397498597370244,37.49490932187706,1.0,1,8,5,20.0,140.0,5,20.0,smoothed_finite_difference_savgol_order_3,success,,56,72,77.77777777777777,0.44826570339500904,"[""1"", ""x0"", ""x1"", ""x2"", ""x3"", ""x4"", ""x5"", ""x6"", ""x7""]","[[0.0, 16.74807403583136, -39.59456541067284, 10.639898743165313, 2.2136831636164493, 5.372094095802931, -2.3818602241928883, 0.0, 1.4005376625685222], [0.0, 31.214890250266297, 1.0837484886955835, -35.629976236742316, 7.001188897923119, -2.7901330136423117, 2.0935358068277283, -1.8041177403589879, 0.0], [0.0, -7.010811529447006, 34.83722887994853, 0.0, -34.69659095116098, 8.153377253940459, -2.036031074897917, 1.9050581588629367, -1.5678545724471298], [0.0, 1.1816689633357929, -7.659643566127365, 34.92179021529351, 0.0, -35.304307101883516, 7.889821588053374, -1.8252626936273357, 1.0531897318551158], [0.0, -1.0133717230995318, 1.780224453885881, -7.87021656013955, 35.311561006133, 0.0, -34.920695870753185, 7.686820461197935, -1.235235210759365], [0.0, 1.561636034970211, -1.8967964427285722, 2.0360583827291783, -8.17262376822218, 34.70507481740091, 0.0, -34.90065168989811, 7.101463763617894], [0.0, 0.0, 1.8137074807628641, -2.099824142324498, 2.843728519698618, -7.062601643957448, 35.6814411983024, -1.0882749194182357, -31.27531645990586], [0.0, -1.4053245279601259, 0.0, 2.4168657174759307, -5.432442756991211, -2.069679432805705, -10.825834273936001, 39.71144528713149, -16.773268736605072]]",(x0)' =  16.748 x0 + -39.595 x1 +  10.640 x2 +  2.214 x3 +  5.372 x4 + -2.382 x5 +  1.401 x7 | (x1)' =  31.215 x0 +  1.084 x1 + -35.630 x2 +  7.001 x3 + -2.790 x4 +  2.094 x5 + -1.804 x6 | (x2)' = -7.011 x0 +  34.837 x1 + -34.697 x3 +  8.153 x4 + -2.036 x5 +  1.905 x6 + -1.568 x7 | (x3)' =  1.182 x0 + -7.660 x1 +  34.922 x2 + -35.304 x4 +  7.890 x5 + -1.825 x6 +  1.053 x7 | (x4)' = -1.013 x0 +  1.780 x1 + -7.870 x2 +  35.312 x3 + -34.921 x5 +  7.687 x6 + -1.235 x7 | (x5)' =  1.562 x0 + -1.897 x1 +  2.036 x2 + -8.173 x3 +  34.705 x4 + -34.901 x6 +  7.101 x7 | (x6)' =  1.814 x1 + -2.100 x2 +  2.844 x3 + -7.063 x4 +  35.681 x5 + -1.088 x6 + -31.275 x7 | (x7)' = -1.405 x0 +  2.417 x2 + -5.432 x3 + -2.070 x4 + -10.826 x5 +  39.711 x6 + -16.773 x7
36,80.0,0.00022397498597370244,37.49490932187706,1.0,1,8,5,20.0,140.0,9,36.0,smoothed_finite_difference_savgol_order_3,success,,50,72,69.44444444444444,0.42227731738239527,"[""1"", ""x0"", ""x1"", ""x2"", ""x3"", ""x4"", ""x5"", ""x6"", ""x7""]","[[0.0, 21.747041656319734, -48.275323224990366, 16.334612794358275, 0.0, 6.006612439447755, -1.8774385957091162, 0.0, 0.0], [0.0, 34.41953505183604, 2.2458960734921334, -41.8977514111355, 11.025048123153038, -5.526280328385346, 2.5375912793412443, -1.320531814769622, 0.0], [0.0, -9.82978402175131, 40.157663815744655, 0.0, -40.42298070499293, 12.329968942952839, -4.29929533907596, 1.651427539060411, 0.0], [0.0, 3.21402582933609, -11.626834462689638, 40.55266960387539, 0.0, -41.13897736425301, 12.043157583576857, -4.184911989284543, 1.4819086732375015], [0.0, -1.4570007391007243, 4.159864483554308, -12.03048104640937, 41.165150031557054, 0.0, -40.55244024085708, 11.628278799016929, -3.250280464355407], [0.0, 0.0, -1.6307941950728975, 4.268507027972359, -12.299608013058677, 40.40728533748181, 0.0, -40.22247168066386, 9.911110072371287], [0.0, 0.0, 1.3256984125592275, -2.5328355946624264, 5.567811756738286, -11.090898566960274, 41.9677629546639, -2.273365702016812, -34.46488453482682], [0.0, 0.0, 0.0, 1.9059384481812218, -6.003259965865295, 0.0, -16.40886619394184, 48.336689628301, -21.77334719524533]]",(x0)' =  21.747 x0 + -48.275 x1 +  16.335 x2 +  6.007 x4 + -1.877 x5 | (x1)' =  34.420 x0 +  2.246 x1 + -41.898 x2 +  11.025 x3 + -5.526 x4 +  2.538 x5 + -1.321 x6 | (x2)' = -9.830 x0 +  40.158 x1 + -40.423 x3 +  12.330 x4 + -4.299 x5 +  1.651 x6 | (x3)' =  3.214 x0 + -11.627 x1 +  40.553 x2 + -41.139 x4 +  12.043 x5 + -4.185 x6 +  1.482 x7 | (x4)' = -1.457 x0 +  4.160 x1 + -12.030 x2 +  41.165 x3 + -40.552 x5 +  11.628 x6 + -3.250 x7 | (x5)' = -1.631 x1 +  4.269 x2 + -12.300 x3 +  40.407 x4 + -40.222 x6 +  9.911 x7 | (x6)' =  1.326 x1 + -2.533 x2 +  5.568 x3 + -11.091 x4 +  41.968 x5 + -2.273 x6 + -34.465 x7 | (x7)' =  1.906 x2 + -6.003 x3 + -16.409 x5 +  48.337 x6 + -21.773 x7
