0.79298216,-3.8355649,5.5900421,10.620584,-3.9775918,-4.4490533,8.743804,2.6093254,9.0574522,7.0107155,-7.7893701,12.278116,1.1310363,-0.2451589,7.0974779,8.0624437
-7.6069336,4.5738115,-13.166099,-14.86525,-9.6145248,4.2568393,-7.3222466,3.6380961,-4.202919,-9.0902939,-5.2619667,14.008503,-4.5185819,7.0519199,3.1254554,-5.8236675
-0.090509862,8.493844,-0.70731705,-0.21063454,-1.0730815,17.580641,-10.833486,-6.339818,-2.7146919,8.4501295,-4.4401116,3.8513765,0.063021548,18.659451,6.8091846,12.88482
-14.928537,6.7117796,-3.9978709,-9.6751432,3.2721536,13.762115,-11.755144,-6.5381427,-11.811381,-5.0349913,3.4092562,-20.001867,-0.18655734,2.8364015,-15.997157,1.387378
17.396065,-15.219983,-2.7850049,-2.685261,-5.8769364,27.374012,2.1268899,15.823119,4.5752535,-12.2911,0.60964602,-7.0124063,-3.2446146,-14.543598,9.2556171,-4.893065
0.2874727,-7.0167022,20.679138,9.2045507,-5.4761124,-1.885797,-16.838844,1.3655431,0.57040018,6.2155814,-7.6456895,3.3116255,-7.5629268,12.372746,-15.97041,-26.78438
-1.5685636,-6.4107304,-15.51397,2.207706,4.9120984,-4.4243712,14.292439,8.9546022,-14.378781,-9.1134377,-3.1093202,-8.8948298,5.8524985,10.919715,-6.5891161,-3.8252542
-9.0910625,-8.5176735,-7.1326623,4.6244192,2.3668439,-14.158126,-13.60628,6.1267242,-6.8704281,3.2672226,31.157471,-19.607338,19.53265,-14.636797,-7.881618,1.4655707
0.4060902,10.538831,2.8055665,-9.5139208,-26.423704,-17.127712,-21.473787,3.1840966,-15.733218,1.2112324,-6.6568551,-4.3694677,-6.8450484,-3.8614514,4.2107625,5.8878403
5.4294324,3.0593619,-11.642734,-4.1519604,1.53722,-5.991231,1.4163401,-1.7046829,10.939068,10.600861,-8.6186333,6.6557107,1.5924898,13.314147,4.422574,4.2111425
7.7512922,9.8473539,1.1175565,5.029273,-10.716237,9.5066881,0.34279349,3.1824856,8.2425194,8.9571514,-4.4593639,-23.273476,-10.144937,8.0955572,-11.315434,2.094487
-3.0742352,6.7862978,4.3246121,2.1098607,10.570445,2.5332026,-12.611015,-3.3846524,0.16277751,4.9331851,-15.064923,-4.175952,3.4141257,2.8634458,-5.9407835,-11.278236
-1.5478584,7.7291713,10.89475,0.30925095,-4.3715944,1.8970557,21.969656,-12.878249,-12.454333,-1.0541327,5.2241836,-5.1208014,-8.0129223,6.5200629,7.5464296,20.342245
-7.746891,-16.12089,21.305105,-0.37276873,-1.8393471,-2.0123515,-6.9608593,-14.714046,-1.8804194,7.189805,-8.2726736,-0.077599414,1.1932681,-10.755519,-2.3613179,-9.2371416
1.1767263,-21.154585,21.107492,-20.539766,11.040371,-5.4731274,12.158254,10.832309,7.3307238,5.8218532,-9.1039486,6.9126587,22.436819,0.95413494,-12.690021,-1.5346407
-4.4912987,-18.302017,0.5948137,-2.7951393,8.41436,-6.2784166,-9.1350393,-4.4830956,10.407945,6.7570682,-6.6058908,-2.709681,11.530581,-6.1187139,-8.7522154,-0.71470398
3.209713,-1.554024,-8.8540335,-15.951588,8.0940027,-4.7294006,18.532108,-11.684942,10.670853,-6.2636919,23.022392,2.9648714,-16.932592,14.271781,-9.5808172,-12.827368
-1.2816823,-9.287816,3.0146804,-7.3583612,4.9480882,10.987329,-6.9853239,11.058854,11.523227,6.7049332,-1.9683845,0.7048412,20.984367,-10.988017,9.1394911,39.856083
7.3091221,-0.42922005,-10.831588,24.938805,13.966384,2.0479934,-7.1953487,8.1625872,11.65503,-17.150316,-16.784554,-2.4240532,9.3841305,7.5491576,-3.2862794,8.9965086
-8.2778397,-2.6687939,3.4452803,6.406569,6.7053962,0.98724806,-3.0546243,11.520406,-5.5420799,11.96872,-14.413349,-17.942654,-10.492589,16.43453,-6.4501576,-6.3145404
-4.8187704,0.77968627,17.779358,-3.808862,4.1327024,12.235762,3.1994908,-7.2985716,1.3788049,-2.1023583,-2.4294434,-19.490082,8.6415586,8.3528929,15.614744,20.137794
7.2368565,1.9037387,0.66651338,12.522234,2.0331304,-10.757405,-6.6390629,13.852111,-6.5212016,12.342978,-5.9614472,-12.590882,-4.5546699,12.165962,-5.8487597,4.7952118
2.0305173,10.202086,-4.6506281,0.80318302,-1.5425309,9.1106424,3.3977332,-23.202669,-19.725109,-9.4298296,-3.8092442,-5.7826195,-23.053532,-5.0982218,5.0869923,-8.8933458
11.357847,-1.0009714,23.267147,10.176704,7.8914399,-0.50769097,1.4019595,-1.115613,-25.986729,2.3600581,11.856889,8.4284792,7.4012504,-9.746664,18.677761,8.0441761
-3.1637123,-7.680222,-4.2228837,2.8610446,-2.3253362,-19.491604,13.234223,6.9640942,-0.082557827,12.65635,5.946044,12.769372,0.71665502,-22.574631,3.0258968,4.6587791
7.0818925,-8.3902597,-12.660657,0.62515283,-2.0056067,23.925943,6.3540292,5.3585362,-0.4974637,-4.4742017,-4.7044668,-16.758501,9.2567234,-5.6057377,0.13845336,-0.66601956
-14.114593,-4.149776,4.5707345,17.729933,-0.99718958,7.7689147,-6.9807281,7.1195526,-8.8064318,-8.6311235,-7.0319018,-6.8608875,4.0505524,5.8440776,11.768323,1.049129
-5.9780626,10.458274,-15.555425,-4.2079263,4.5365095,8.2931604,2.7696545,-2.6451199,-0.74086064,6.8867259,9.2643576,-1.0512904,-0.20517722,0.45933643,19.664644,-8.893609
7.6165171,13.113818,-16.040554,-3.3257003,-12.194154,4.3365388,-1.0134295,-7.1763902,2.9382327,6.7724547,1.9199321,6.3432446,5.5553503,6.7383509,12.633501,0.87468916
13.891075,-9.1878309,-15.981032,10.420433,-1.9935197,6.2880931,-15.731141,-3.8896093,-11.743105,-1.9563602,-9.3709965,12.274227,-7.469954,-4.8725424,11.973132,3.5215859
-4.3252954,-5.0182862,20.530964,11.741071,-1.803599,-2.4072094,10.577387,5.7699108,-2.2250223,-10.51295,-4.3252382,-2.14627,-3.393378,-2.6606464,4.0613036,-4.1778469
17.211445,-14.556259,-7.5390458,8.4394541,-9.4535055,4.9759531,-8.1592169,0.012357975,-13.295112,3.9456534,1.1789201,-0.34276238,16.439465,7.5472503,-13.245905,-8.7544432
-14.652815,-6.7600508,17.671484,-4.1041307,-0.51335126,11.394776,11.271564,-11.178062,-8.5666008,-4.8933501,6.6226583,-13.201851,-11.06625,-0.71233362,-0.16461137,11.516841
-1.5108757,-11.898246,-1.8200612,-11.211392,-12.256449,-4.720283,11.128192,8.5765944,-8.5024595,-1.342411,1.8696088,1.9926873,-7.4914265,-3.9751098,-6.0086031,14.011733
-3.2083759,-1.4985379,0.63550031,-14.800353,21.503246,3.2848272,2.0011837,17.797497,-11.024579,2.0842984,-2.5291359,-11.777842,-3.9161398,12.675381,9.7808132,5.9959641
17.739603,-3.3645363,18.174034,0.089035772,3.2225788,23.909914,5.807898,0.51850456,1.5422159,-13.126462,3.0723221,-4.1325884,1.3158336,-0.98598737,-0.60226333,-2.6161127
-1.5302638,-6.7580423,1.6899298,-2.7868357,20.771854,-8.6846333,0.66735387,1.3273083,13.08023,-16.33593,-7.8560071,-10.491359,0.70666593,-2.7369287,-0.35123894,-11.818692
0.40913683,11.866657,7.8548059,22.519575,-8.8213482,-6.6855836,22.307096,-5.9460826,7.145812,5.6229477,4.5327883,9.5826855,2.0635881,3.7681289,13.047468,6.6833034
-13.146524,-1.7045712,18.019728,0.28500453,0.49635562,6.930685,21.477797,5.4105153,-4.9145422,-2.5157096,7.3035941,4.5208516,-4.2062049,15.249324,3.3335292,4.7808666
-0.92997122,-4.1389155,-20.955162,1.1018403,1.0501374,4.9214401,-6.4087048,-4.8901515,-15.94336,-3.2307105,5.1554985,17.717348,-2.9709694,5.7376194,-2.522438,-15.77786
5.2780843,9.410862,12.809736,-1.4066266,-6.3194928,14.592525,9.5263119,5.6713405,-7.8705635,-2.0536125,-18.389969,-0.98186302,-12.556264,-13.203042,-1.9159528,-7.1964273
3.0743735,5.0006242,3.0121989,6.9167981,-20.236185,1.7856903,0.84199518,0.096580416,7.5331407,7.1313009,-11.413026,-12.18444,11.36692,-12.115947,-10.14681,2.7634385
-14.195575,1.3838993,-9.244441,9.0674,6.0179095,-17.268637,-11.955587,-4.1645241,-14.13291,8.411562,6.8392034,6.9049435,-6.1471248,23.477005,-6.575469,2.8370392
-6.7518687,1.997218,1.7165327,11.358926,14.109732,-0.93452466,4.6937966,5.7229128,2.136173,-2.3651483,-9.7854719,-5.397922,-10.476314,1.231481,-11.631898,20.33614
2.9788928,-15.83326,3.5264533,3.3950748,-7.0652204,-13.876545,-11.305266,-9.3474588,6.4788585,7.6347456,-4.4493637,3.3677676,-10.539852,1.3967382,1.4235249,-12.15454
5.1018314,4.8898039,-13.224312,-13.400656,1.2381382,-17.356976,6.1680284,-4.663991,-12.858366,-14.846741,15.352612,-2.3944259,-19.083593,-2.1555636,5.5076365,5.1817861
11.49985,14.083372,1.8712249,8.2939091,-9.4900742,19.845125,-8.1755104,14.674874,-7.3407555,11.172835,-18.807171,-0.17862627,19.145578,-2.8787401,-7.183959,-8.6839418
15.893968,-11.507611,15.657654,-5.5476494,-0.38881087,4.1756477,0.36987871,-13.774922,2.5009363,-8.2368517,-1.4330157,-0.0074571194,3.3953962,-6.4608793,4.3297963,-11.874528
7.835526,-1.1869224,0.31544822,-3.8633873,7.9188061,-15.897531,-3.6501074,-3.2574735,-1.8826907,2.0022774,5.4444227,-9.5633726,-2.4344666,-11.147189,2.0049639,11.659197
16.744116,8.5193453,-15.074269,-23.537611,-10.058414,-4.6017756,-4.191299,5.0054832,-8.0459871,-7.0315046,-3.407943,-20.224518,-1.2729847,-1.9196635,-15.749456,8.6805191
-10.256448,-20.904324,7.9284043,-5.5093312,-6.4021564,-4.1590929,21.095554,-0.59552705,3.7619057,-7.2632289,5.2001724,1.0411034,7.827621,6.1035409,-6.709146,-4.5910192
1.4304507,-0.40004551,-2.3949566,5.1455641,-0.91474998,18.973932,-4.1707664,-7.6142807,-12.919263,-8.1242571,-9.4966164,-11.456265,6.2371097,0.12830499,15.762133,-11.169438
-9.2808323,8.8934355,7.0529156,-3.3662059,24.602413,8.5366249,21.864605,-1.2946188,-23.351591,3.540854,-1.3591599,-0.68970609,20.870386,9.5636711,-3.3648751,-5.7221131
-10.98702,-5.7354779,-3.3252499,12.329412,-0.087554194,-5.5698228,5.4989009,10.644647,16.431704,-3.7761903,6.7987776,-5.0664392,-6.1901741,-11.945151,0.54277736,5.5468531
4.8965778,-4.9659457,5.3729615,-16.349291,-4.7687798,8.3622065,-5.9539084,2.7193317,-4.8778329,-4.5593963,-1.730806,-1.0644218,-5.5323634,5.0537405,0.17905851,-0.12160292
-0.791067,12.29522,-0.99885315,-18.906372,-0.73979092,-2.5604925,18.413736,-19.639051,-6.2214627,-6.4147682,-3.3512504,0.30718163,10.140317,-5.4789877,5.5103054,-21.50741
9.5265255,-1.8826272,-4.2686553,-4.408102,3.6426501,6.5194812,-21.232018,6.1821108,14.000707,-5.6392283,-3.7862844,2.5222704,7.4127483,7.9236741,19.923653,5.3672295
4.0556231,17.572241,4.3534207,38.998535,1.16046,0.080925137,1.5253634,-6.0616899,13.9994,12.466969,-1.6957213,1.0501275,-7.312006,8.6406603,-0.015125064,12.268958
-27.916639,-8.015789,-5.9095454,3.7812684,-8.6483126,22.531021,9.5989294,-9.7253561,-14.635785,6.9403725,-0.43819612,13.016549,-0.95880538,-4.937573,-8.6696005,-17.104918
13.642257,2.7679307,-5.4209809,-1.9909832,12.072079,-6.7522526,5.9430933,-19.767508,1.4321637,-0.3533152,-8.185029,-14.951155,-2.2072451,7.6302514,0.18461546,-5.4070807
-6.3344545,2.3199124,8.1811256,9.4842281,-4.4568925,12.181938,-3.7701838,-5.5256405,4.6311021,-3.9223387,10.26666,-3.9586096,10.530989,-3.5842013,4.7923036,0.5806042
-11.942861,-12.613703,10.815187,-14.79732,-0.59188223,-10.416975,2.460804,-5.8864145,-12.077942,14.620057,7.7420197,14.447973,-0.65104008,-5.9857664,-9.5721941,8.6162834
21.355289,-6.2899895,-0.77882212,6.6271124,-9.3711557,-9.7403393,1.5944537,-6.2335525,4.3942342,-5.9014931,9.0354004,-6.1134534,14.682182,-2.9424491,11.700999,17.269085
13.122437,18.973904,16.149996,2.1464057,7.9783964,-14.084105,-13.875556,-5.2308512,6.4338355,4.440649,8.9850416,-10.60298,-6.5040684,-8.470871,-3.5606525,-3.7793951
-5.0541167,-8.2268133,-5.114316,-3.0287817,5.0964866,-3.7767982,5.6011558,-4.1940336,-9.0479317,0.73176861,5.8370967,-2.4250903,-2.7352626,-3.5341477,8.9265747,-2.7048609
-0.74299806,-4.1637673,-1.168236,-1.9447134,10.31128,-19.877205,-11.301642,4.5709381,-2.096302,-3.7786179,-4.6873717,-10.793924,-0.74885297,-4.4365501,12.970291,3.5557256
-13.723304,13.107899,0.21141572,-6.5310783,9.4805002,-4.8560977,6.7858572,-6.4760003,-13.605627,11.619203,6.268887,-14.372296,-13.529842,-3.4905312,12.930808,9.2186232
-6.6925292,1.1061908,5.8162947,6.5287538,1.9810562,12.959236,-4.3112974,16.433872,5.3913474,7.7647858,13.838925,8.7200098,8.0115414,-6.7319884,-5.9343448,-4.0185428
-3.0424542,-12.446917,9.7672958,6.0778241,7.4665265,-15.284389,7.6248617,14.709814,-7.8840866,10.715672,-10.58341,-12.314539,7.5183916,-13.975811,-9.0880861,-13.70645
3.0887942,-13.010942,-20.935455,22.995676,-14.378026,1.1508125,7.1793199,4.8322906,8.2309704,-9.606555,0.49076226,0.27412301,-7.5734224,8.9924173,13.615953,16.757509
-14.832497,-0.26710859,4.2260509,9.7911654,-4.5292993,-6.0349474,15.309568,0.8362726,-7.8257637,17.293041,9.3953562,0.35179523,15.442333,-23.46817,18.601131,0.91840321
-2.4951525,-6.475565,-13.820806,-0.20067494,2.4182596,-2.5978224,5.0850086,1.6309835,4.4881601,-17.430346,-3.978668,0.42766276,0.72894794,3.2076547,9.0482473,0.81434178
2.4466858,9.3801861,-6.6861477,9.9154873,11.741648,-4.7557349,-6.9440098,-1.7106932,1.3023531,-9.6413145,0.12314195,-5.6186233,-3.0237947,18.167652,6.4673514,-20.923031
3.4373658,10.404441,17.029697,0.061081573,15.654416,13.528553,12.518436,-0.36023903,24.357615,-16.466467,-0.41010335,3.5979695,18.762823,21.691092,3.5956538,0.53700393
4.4812565,-21.606339,10.714042,-11.919432,3.8976593,1.0606297,0.96583295,-11.054645,5.2944574,18.09993,13.515914,-3.6473222,-6.3488879,-5.5864892,-7.0039506,23.56818
-3.2726815,-12.703127,1.2824109,-14.411099,8.176198,-2.0617249,13.325994,9.8817816,-5.7225614,7.360559,-9.3446064,3.4903443,-28.873726,-0.80732393,-0.36624709,-3.4515419
-7.6710997,-8.160821,5.3773484,1.016535,17.269209,1.7669271,-5.0560746,2.6660919,-8.1282501,9.3155479,10.25978,8.9684896,5.6336656,-8.2160597,-9.0255756,26.745947
-1.5783985,-7.174952,-0.42802021,-0.47998893,-0.079797111,5.194293,-0.5388189,-8.4171953,-7.2685981,-9.0429525,3.6404393,-13.975461,-15.66054,0.64849406,1.0922838,5.8760982
-3.4259679,-9.4670372,18.242483,-4.76196,-9.3259859,0.34274459,7.1469221,-3.3946052,8.565321,-1.8098862,-6.7792764,4.8865228,10.164043,4.6479774,6.3503838,17.838741
11.229182,-10.655316,1.9323986,6.3491349,2.8160806,-1.206297,-12.824805,3.4080493,8.0628376,-4.6118717,11.508312,-1.3554003,-1.0927162,15.385687,1.0969896,0.006454566
9.6482143,4.7251906,6.0911913,-6.2347727,-12.906259,0.86857688,-1.0214736,-3.8145475,-0.64988291,-8.4726982,-2.9845192,-6.0903888,-11.698424,6.262763,-15.711936,-14.049833
-8.8185015,-0.57462466,-18.736963,9.8368721,13.499722,3.0218773,-1.5629338,5.6506882,11.811532,7.0833149,-3.0323539,1.7173964,5.5622234,17.697409,8.413353,14.67993
8.5899525,4.4386826,3.8294787,-16.830305,12.636089,4.463634,-3.7340109,9.4527435,-3.0245421,2.7300234,-8.9402943,-1.1534836,-4.9861364,0.96623403,-6.9829192,1.1466238
-16.280775,-1.2547538,-1.2054158,8.6249723,-13.140354,-10.342029,-0.67882621,0.75439286,-2.913151,2.8705463,-9.8947029,0.36886132,17.019114,-8.1355677,-12.936917,21.063259
9.3175154,-12.319871,-7.5148187,-11.748429,-2.0129542,-8.2913446,8.4208775,-2.2922122,-6.2642808,7.737535,-18.92318,4.1676292,10.706835,20.215502,2.6169817,-0.85095197
1.8180933,1.6606138,5.8897376,4.5565782,0.71609235,8.9096584,14.863008,4.8443708,12.830034,8.0793123,-1.6448538,-6.3528633,3.0544052,0.75796539,-3.6076179,14.331235
13.52421,-0.014841152,-12.139259,-4.7555194,-12.251503,-2.6502295,-1.2183652,-5.0728521,15.046159,-0.052466344,-8.9727955,-10.58299,1.4336448,0.1465795,8.3102455,14.40799
-14.076591,-3.4174416,-7.84303,7.6277447,3.5013008,-6.2987924,-17.883467,0.72101963,2.238256,-0.92984617,-12.381889,2.7027302,-0.90199906,3.0441248,9.1217918,8.0516682
-0.40819502,6.0617986,11.643084,14.039644,2.8618896,-1.7473147,-9.123724,5.0927033,-24.083273,-4.1662817,-4.6819062,-0.0829565,-1.7565451,12.739446,8.3038206,4.5913229
-11.502706,-22.140354,-4.5593863,5.2745495,0.99349844,-1.5029259,-25.464357,-1.3522295,7.4968562,-7.4576864,3.481271,-2.6628339,-9.068284,-3.3889594,0.6928454,-7.2609868
-10.662294,13.60636,-18.455931,4.7268333,-0.01639848,3.1043186,1.0019686,5.0683517,-4.1479783,8.2773781,0.31299457,-17.22426,0.46253058,-8.3986177,9.8752756,-10.390714
-2.3115795,17.015572,-13.339121,2.8217156,15.549159,-2.4365475,14.323963,0.36533219,-7.8543506,19.94301,-4.6265817,-1.3361715,0.51313508,-0.0053376472,6.4841213,-2.3021605
-2.8019969,-12.957906,3.6436648,1.7291498,-4.0719781,0.68749261,-7.5529404,-5.3021116,-11.090798,-11.163837,7.4864936,9.8632545,-4.1408257,10.46063,-3.8797207,8.0698624
-4.8169036,-6.575027,12.381911,6.2997675,-22.263031,7.0750942,-4.1616364,3.519079,-9.5878325,-9.7386913,15.26891,-32.335136,-22.348354,4.5298362,-17.605051,-10.647397
7.0629454,20.377766,-12.049493,3.3567681,-8.2703152,11.759108,1.4483775,2.2686372,8.1421041,-19.880785,-12.7958,-4.5628138,-0.8877815,-1.5448984,2.9005373,0.11075842
-3.0345514,9.330349,6.3739715,1.7931511,-7.5806522,7.077157,-3.0309112,-1.1996188,12.460692,-3.3487136,9.7879496,18.336815,-17.551586,1.835305,0.020520004,-2.5302088
4.1073904,2.6072423,-10.188401,12.696343,-0.64696717,-12.73563,7.6742058,-12.502068,7.4749908,8.1800404,10.726072,-4.4486818,2.5454097,-7.2823925,-1.2335058,-7.6898961
7.5663886,4.6555619,16.071039,-8.742466,-0.73122334,-10.47041,-13.192999,-7.8085427,-1.7055577,14.170383,7.4306488,2.3117473,0.85135496,11.638573,-11.279701,13.825635
6.9012318,0.25145191,9.4315195,3.7767088,9.0416012,-2.9865584,-2.9089277,1.5673736,-0.13562162,-5.2764382,2.4975979,-3.8673749,-3.65856,11.506209,17.563616,-2.2532248
12.803513,10.128396,-4.215992,-17.59424,13.566464,-3.5948777,8.4964209,11.370126,-4.8596597,-7.1918364,4.7844443,11.237823,17.665453,-2.5253985,5.198729,0.11451109
-7.658349,-9.840312,8.1134157,14.315894,-4.3591299,21.493221,-13.938654,2.6071587,-3.5840101,-9.6907101,3.8952875,8.5956612,-13.851066,-22.204016,1.8794522,4.9929514
-2.1237953,-4.794189,13.28642,-5.4070945,13.026363,-13.831173,3.6470621,-8.399889,19.522987,-12.658193,-3.601048,7.389009,10.166221,2.1521673,13.940378,8.4360847
-0.4012264,9.8978834,8.6813297,-3.4238927,-8.4683685,12.006495,4.3057699,-21.68918,-1.2049898,-0.2533778,8.7784815,1.6642208,3.2227373,3.3820591,3.6883886,0.021074113
0.68162209,-1.9179524,-20.447607,4.2612987,8.1632719,2.0102401,12.378333,-9.2455111,15.269548,10.280692,9.7756653,-6.5085835,-12.510764,1.859768,1.9314378,4.0730901
-7.7871523,-0.67938083,-0.86406749,-13.466313,0.51162273,-2.3817914,3.644191,-2.5011296,1.5908282,10.629329,-18.355951,4.0785584,6.6410828,5.674974,-4.7683854,3.3380318
4.9716144,5.862802,-2.0288432,-12.613763,1.3221465,-4.3954883,5.6027694,7.8836951,2.423249,6.7356286,3.2242439,-2.5598238,9.0199747,3.9736052,1.7175568,-4.4170084
-4.2029681,15.651736,11.245182,2.1587043,-7.1344461,7.1564546,-7.3823366,-1.2184851,-0.78594124,-7.0505919,9.3539209,9.1394815,-4.3997445,6.1660905,3.3597815,-4.0044603
-4.4041247,0.32067135,7.5237679,-19.783846,-2.3422761,-1.1847664,-27.174109,-6.0810733,-1.0529815,9.2187338,-7.4309778,-1.9936905,-2.7806168,-4.2809548,-18.533693,-0.69898432
16.635391,-5.2715321,-6.3077011,-8.4564104,-5.656507,23.273769,13.155985,-15.536087,3.4932492,-0.82422209,-1.6240345,0.097692072,4.9147363,7.5935669,-17.35017,-11.358961
-13.89434,3.9897184,-6.4683776,-9.0597668,0.044714745,2.8840718,1.2223145,6.6863499,-3.3001854,8.5328798,-1.6908767,10.086426,-16.04241,-6.0488677,-2.2282257,-6.0874386
14.963689,15.07672,0.062473219,-17.670006,11.385683,2.3768268,-1.2567239,0.43569025,-16.920189,7.546308,15.353205,-8.9110985,-0.69178605,-7.5996861,7.4712195,-15.497646
-9.9287596,4.6600232,10.366988,9.7268047,15.06596,15.438433,2.4197197,4.0269775,-20.477905,9.150238,10.819459,12.946551,12.660572,-4.4895082,-17.488903,0.98684019
-6.9438925,-0.79952097,1.4368366,17.980169,-2.4704084,-8.6955338,0.46320432,1.0334167,1.6758584,12.348482,-13.529457,1.8384008,6.0480704,3.7800682,9.032959,1.1553349
16.729294,-4.1058764,-4.8639307,-15.562485,-0.55650711,-16.99888,11.511737,-3.3199303,-13.566708,20.574833,-7.9119668,1.3384123,3.0137546,13.524772,4.8255115,-0.24422745
4.6401348,-0.032035209,4.9089203,-4.5608778,0.53219187,-1.300202,7.0895,0.98452258,7.7515092,4.4317322,-5.3335562,-13.393991,-15.835455,0.5623759,-8.0389843,-0.61505669
5.8379493,5.9703174,-1.570663,-11.256862,-5.989068,-11.714345,18.252228,-9.1868696,-9.3932981,5.2424049,-2.1212409,4.900722,12.70618,1.8714437,5.1733632,-19.520411
13.163424,6.1937771,0.56996292,5.814642,7.5860763,7.8703055,5.4868369,5.7344747,1.5134147,-8.4840717,5.0562801,18.856323,7.5938187,2.5845664,-11.691895,9.0808077
3.5336237,-2.7784503,5.5963745,17.860163,-14.470482,-4.6202669,4.6005383,-4.9278264,-7.0755863,-4.1857848,4.0985403,24.598667,10.347389,4.7522326,27.071156,-7.2683725
5.4959736,4.084857,-4.3756685,-2.0320489,-5.2695436,-16.569372,-11.030153,-0.73967433,-3.3469598,9.3933315,-7.9760771,-13.047233,-4.0735788,13.99246,13.249385,1.5492259
-10.116694,-10.484355,-11.160245,2.0719357,-20.144226,8.3701601,1.1597153,7.6357565,-0.98608446,-5.4178581,-6.683125,16.437279,-11.060529,-3.3220603,-7.7788377,-2.5566084
8.6263351,12.141249,-0.87541264,7.6401701,11.068578,-0.80855268,2.1704617,-5.3725581,5.2747936,-0.79615223,7.9798698,-0.76641661,-4.2030921,-6.0422153,-1.8298179,-10.159797
11.244498,-7.6517162,2.4158874,9.2052393,-2.160274,1.6849102,7.9522676,12.419536,4.8927517,-1.9788452,-12.523418,-4.7474532,3.6134448,-20.425812,15.912159,-3.9912484
-1.3053286,13.345944,-6.826736,15.808985,0.82484704,12.55786,13.768248,8.0900888,18.237524,0.20473531,1.5054055,-8.1570673,-0.74988532,0.19801798,15.24963,-8.8802862
8.2095261,-4.3283892,-5.3158169,5.3593917,-0.44356376,-1.1130818,-0.43201888,8.0759182,16.289125,1.0044798,-8.1945133,-0.2351175,-4.879869,1.317809,-3.9482577,0.52337837
8.9355793,-8.0318604,5.9033957,0.79000026,-0.49212506,-9.0015812,21.51656,4.6593099,-3.9276159,-5.3429141,8.3162718,7.3033381,5.0034256,-20.516264,12.241363,6.9884572
-0.40431044,-1.0608319,5.6816893,7.135499,-2.4064333,1.9564909,-18.762875,11.773402,-2.4409187,-18.424459,-4.9528918,1.208289,10.73837,-16.473595,-7.6476564,-3.6011939
15.181698,-10.993011,11.305946,-3.7585888,22.052059,-3.555433,-7.975688,2.1773057,13.267523,16.593126,-4.7621493,13.694514,-5.9495606,-25.312492,-14.971132,19.453428
4.5410466,1.3231587,6.7210274,3.0255392,-7.5311971,8.2894039,6.7199988,1.2408,0.84924912,-5.676281,-3.8424535,8.3504305,15.691686,8.022521,8.15979,-7.6123147
14.23706,3.8477466,27.103281,-4.7127233,7.83286,3.1087911,9.6152735,-0.72802371,-0.65174061,-27.943968,3.2838809,0.0091436822,9.529501,0.5067935,-0.87049699,-2.4662256
20.84605,-8.5184565,9.8885469,7.7961717,2.7532389,-14.982039,-18.4678,0.40978029,-3.3354123,7.7963376,14.49889,-8.2705126,0.61081338,0.94801873,3.9496462,-15.226024
0.08919698,9.2347383,6.5338755,2.839407,0.054528587,-2.6224749,-20.508205,17.438839,-12.987741,2.4590893,12.506124,5.1933699,-7.3002934,-14.932209,6.1704583,1.5779057
24.975336,12.261492,-2.0594385,-1.9094653,-4.6111054,9.8642282,15.326689,0.44010878,-2.0457666,13.124265,9.3548727,17.435171,1.4962206,-5.748714,-5.1796308,-14.49486
10.581157,-3.289582,9.3372641,-2.8340096,6.2803597,-14.114812,-25.002953,8.7024498,1.9009343,-5.8994999,8.9417257,-1.3732027,-15.039528,21.880087,-25.069477,-3.6534638
12.96926,-4.1060529,-12.261147,7.7857847,8.9097805,-6.7810202,2.7667744,9.1595564,16.319288,-6.8815947,-7.4321904,8.8482466,8.8205776,9.853344,4.3737183,-6.5681076
-19.722101,9.6437349,4.3769946,6.9840331,10.528479,-3.9198263,-0.77304482,-22.023252,-0.32980803,9.579154,-3.8534958,-4.9057689,-5.1738267,-6.1362,2.3980317,10.907386
14.766473,-5.3774943,2.0143843,-7.8518133,19.285967,7.9117093,-5.6578064,-2.8004503,-3.2010477,10.36467,7.8899779,10.488351,-8.0475245,-11.959343,6.3678064,-18.039665
4.496675,0.76517344,2.1234412,16.628029,20.719683,-15.119786,8.3428621,-1.1818185,16.314337,-3.7790816,-7.950067,2.8256888,3.6588018,3.1411028,11.868869,27.327961
-5.3492751,1.1147242,5.358974,-13.835435,12.579761,0.70735288,5.007134,-2.6166975,4.8955927,-7.677527,8.08214,6.2769666,-8.7674065,-0.5222857,-8.6638212,-7.9860821
6.8733406,-4.5695381,1.3936644,-7.5663838,-15.465087,10.279881,15.740399,8.2176123,1.0721409,-2.857975,-2.8537002,14.303558,-2.777174,3.8236341,4.7564316,1.4812154
3.9107835,-8.4724598,3.2962642,-13.541696,0.94759172,23.247429,-9.1253166,-5.2080545,5.5602708,-6.1455407,17.704384,11.570583,11.092587,-0.1678229,6.999948,-13.754224
22.766125,5.7108049,-1.0690753,-15.189398,0.26732799,-9.6532593,3.7060726,-2.6777394,3.871665,-19.243134,-7.4194088,0.16013932,0.55309212,-5.8688183,-1.2422596,3.9491661
16.685394,-0.35059926,5.3265944,-4.5157652,-6.0732236,18.001328,0.74037772,2.3488119,-25.039459,-18.405701,-18.585876,-6.7448449,-16.297451,4.2949533,-15.105433,7.6271119
-2.5255408,16.135288,6.9285264,4.4820433,11.789611,0.384137,-3.611532,-10.404053,8.2403145,2.6532252,-13.297457,4.4815106,2.7018659,-9.1641273,-5.2443647,-15.21293
-3.1671987,2.3086843,-5.024838,-15.112337,3.6316385,3.6438332,1.1943675,4.874393,4.1966925,-22.89127,11.757856,-3.3409457,-18.624653,-0.41026062,-10.651259,-16.167448
0.65629953,-15.662282,6.8509374,-0.19282706,-5.9915724,11.609796,8.1162548,7.4780273,3.3539493,-8.0259962,-9.1323204,9.9661913,8.3017521,0.16454987,-5.5539589,-10.633552
6.4539781,-2.2523146,9.6101704,-15.733338,14.742335,-5.8878741,-3.0073519,11.787856,18.791992,6.8342633,1.5620929,-6.113914,-6.4003654,-0.53299856,5.0817723,-0.47651637
-6.0533218,2.14305,9.1626253,-2.4005201,-13.009286,17.727041,3.6122346,-13.999039,11.12599,15.512265,0.10471053,-15.668958,7.4697247,-5.2881174,3.0034339,-11.555081
8.694088,9.8278284,0.94499445,-1.5751444,9.6160946,5.4322538,12.163751,6.8065562,5.6074996,13.265777,7.1089821,-11.204006,-10.72458,10.788765,-4.7483191,2.1967788
-3.7583518,-3.8130944,-7.4572592,3.7127788,5.7577143,6.1479459,-24.048037,-5.065021,-5.0842438,-0.85275275,0.81716669,8.4379129,-0.68792993,11.473283,16.365438,-0.94345254
-0.0061377292,-3.9087176,-10.597937,-27.366394,-4.3996906,-3.8589199,-6.8741779,4.0949359,-8.930027,5.3932076,-13.644909,-21.870209,6.5220032,15.911819,-6.9866729,2.1288357
1.2166061,4.0307608,3.6492009,15.419764,4.6044273,-4.0094595,-9.418458,3.3684762,4.675797,-16.978189,-1.657622,-10.992143,4.7417064,-11.12404,-5.3255873,7.6893802
12.166674,-0.60770196,8.9805536,-0.58459902,5.0020585,8.4441261,5.9419298,17.881361,11.540147,-23.404707,7.6203237,-15.645088,3.5102592,1.3795471,10.746439,1.4815761
9.2778263,-0.89948159,-14.190591,-5.8189478,9.7867928,-10.333069,-7.8571992,7.7527342,6.2611332,-8.7143145,23.186035,-13.273389,-15.169366,3.8615744,-7.1037183,3.2855127
