trial,is_excluded_fixation,trial_rows,channel0_samples
0,True,121,7100
1,True,242,7100
2,True,363,7100
3,True,484,7100
4,True,605,7045
5,False,1 2 3 4,950
6,False,5 6 7 8,1250
7,False,9 10 11 12,950
8,False,13 14 15 16,1250
9,False,17 18 19 20,650
10,False,21 22 23 24,1250
11,False,25 26 27 28,650
12,False,29 30 31 32,650
13,False,33 34 35 36,1250
14,False,37 38 39 40,950
15,False,41 42 43 44,650
16,False,45 46 47 48,650
17,False,49 50 51 52,1250
18,False,53 54 55 56,650
19,False,57 58 59 60,950
20,False,61 62 63 64,950
21,False,65 66 67 68,950
22,False,69 70 71 72,650
23,False,73 74 75 76,1250
24,False,77 78 79 80,650
25,False,81 82 83 84,1250
26,False,85 86 87 88,650
27,False,89 90 91 92,1250
28,False,93 94 95 96,950
29,False,97 98 99 100,1250
30,False,101 102 103 104,650
31,False,105 106 107 108,950
32,False,109 110 111 112,950
33,False,113 114 115 116,1250
34,False,117 118 119 120,950
35,False,122 123 124 125,650
36,False,126 127 128 129,950
37,False,130 131 132 133,650
38,False,134 135 136 137,650
39,False,138 139 140 141,950
40,False,142 143 144 145,1250
41,False,146 147 148 149,1250
42,False,150 151 152 153,950
43,False,154 155 156 157,650
44,False,158 159 160 161,950
45,False,162 163 164 165,1250
46,False,166 167 168 169,950
47,False,170 171 172 173,950
48,False,174 175 176 177,1250
49,False,178 179 180 181,950
50,False,182 183 184 185,1250
51,False,186 187 188 189,950
52,False,190 191 192 193,950
53,False,194 195 196 197,650
54,False,198 199 200 201,950
55,False,202 203 204 205,1250
56,False,206 207 208 209,950
57,False,210 211 212 213,650
58,False,214 215 216 217,950
59,False,218 219 220 221,950
60,False,222 223 224 225,650
61,False,226 227 228 229,950
62,False,230 231 232 233,1250
63,False,234 235 236 237,1250
64,False,238 239 240 241,650
65,False,243 244 245 246,650
66,False,247 248 249 250,950
67,False,251 252 253 254,650
68,False,255 256 257 258,650
69,False,259 260 261 262,950
70,False,263 264 265 266,1250
71,False,267 268 269 270,950
72,False,271 272 273 274,1250
73,False,275 276 277 278,950
74,False,279 280 281 282,950
75,False,283 284 285 286,650
76,False,287 288 289 290,950
77,False,291 292 293 294,1250
78,False,295 296 297 298,950
79,False,299 300 301 302,1250
80,False,303 304 305 306,950
81,False,307 308 309 310,950
82,False,311 312 313 314,1250
83,False,315 316 317 318,950
84,False,319 320 321 322,950
85,False,323 324 325 326,650
86,False,327 328 329 330,950
87,False,331 332 333 334,1250
88,False,335 336 337 338,950
89,False,339 340 341 342,650
90,False,343 344 345 346,950
91,False,347 348 349 350,650
92,False,351 352 353 354,1250
93,False,355 356 357 358,1250
94,False,359 360 361 362,650
95,False,364 365 366 367,950
96,False,368 369 370 371,950
97,False,372 373 374 375,1250
98,False,376 377 378 379,950
99,False,380 381 382 383,650
100,False,384 385 386 387,950
101,False,388 389 390 391,650
102,False,392 393 394 395,1250
103,False,396 397 398 399,650
104,False,400 401 402 403,1250
105,False,404 405 406 407,1250
106,False,408 409 410 411,950
107,False,412 413 414 415,950
108,False,416 417 418 419,950
109,False,420 421 422 423,950
110,False,424 425 426 427,950
111,False,428 429 430 431,950
112,False,432 433 434 435,650
113,False,436 437 438 439,650
114,False,440 441 442 443,650
115,False,444 445 446 447,1250
116,False,448 449 450 451,1250
117,False,452 453 454 455,950
118,False,456 457 458 459,950
119,False,460 461 462 463,950
120,False,464 465 466 467,1250
121,False,468 469 470 471,1250
122,False,472 473 474 475,650
123,False,476 477 478 479,950
124,False,480 481 482 483,650
125,False,485 486 487 488,950
126,False,489 490 491 492,950
127,False,493 494 495 496,1250
128,False,497 498 499 500,950
129,False,501 502 503 504,650
130,False,505 506 507 508,950
131,False,509 510 511 512,950
132,False,513 514 515 516,650
133,False,517 518 519 520,1250
134,False,521 522 523 524,650
135,False,525 526 527 528,950
136,False,529 530 531 532,1250
137,False,533 534 535 536,950
138,False,537 538 539 540,1250
139,False,541 542 543 544,950
140,False,545 546 547 548,950
141,False,549 550 551 552,950
142,False,553 554 555 556,650
143,False,557 558 559 560,950
144,False,561 562 563 564,650
145,False,565 566 567 568,950
146,False,569 570 571 572,650
147,False,573 574 575 576,1250
148,False,577 578 579 580,950
149,False,581 582 583 584,1250
150,False,585 586 587 588,950
151,False,589 590 591 592,1250
152,False,593 594 595 596,1250
153,False,597 598 599 600,650
154,False,601 602 603 604,650
155,True,726,7100
156,True,847,7100
157,True,968,7100
158,True,1089,7100
159,True,1210,7047
160,False,606 607 608 609,950
161,False,610 611 612 613,950
162,False,614 615 616 617,1250
163,False,618 619 620 621,650
164,False,622 623 624 625,650
165,False,626 627 628 629,950
166,False,630 631 632 633,650
167,False,634 635 636 637,950
168,False,638 639 640 641,950
169,False,642 643 644 645,1250
170,False,646 647 648 649,1250
171,False,650 651 652 653,1250
172,False,654 655 656 657,1250
173,False,658 659 660 661,1250
174,False,662 663 664 665,650
175,False,666 667 668 669,1250
176,False,670 671 672 673,1250
177,False,674 675 676 677,950
178,False,678 679 680 681,650
179,False,682 683 684 685,1250
180,False,686 687 688 689,650
181,False,690 691 692 693,950
182,False,694 695 696 697,950
183,False,698 699 700 701,650
184,False,702 703 704 705,650
185,False,706 707 708 709,650
186,False,710 711 712 713,1250
187,False,714 715 716 717,950
188,False,718 719 720 721,950
189,False,722 723 724 725,650
190,False,727 728 729 730,1250
191,False,731 732 733 734,950
192,False,735 736 737 738,1250
193,False,739 740 741 742,650
194,False,743 744 745 746,650
195,False,747 748 749 750,650
196,False,751 752 753 754,950
197,False,755 756 757 758,950
198,False,759 760 761 762,950
199,False,763 764 765 766,1250
200,False,767 768 769 770,950
201,False,771 772 773 774,650
202,False,775 776 777 778,950
203,False,779 780 781 782,1250
204,False,783 784 785 786,1250
205,False,787 788 789 790,950
206,False,791 792 793 794,650
207,False,795 796 797 798,950
208,False,799 800 801 802,1250
209,False,803 804 805 806,950
210,False,807 808 809 810,950
211,False,811 812 813 814,650
212,False,815 816 817 818,650
213,False,819 820 821 822,1250
214,False,823 824 825 826,950
215,False,827 828 829 830,650
216,False,831 832 833 834,1250
217,False,835 836 837 838,950
218,False,839 840 841 842,950
219,False,843 844 845 846,950
220,False,848 849 850 851,1250
221,False,852 853 854 855,950
222,False,856 857 858 859,1250
223,False,860 861 862 863,650
224,False,864 865 866 867,650
225,False,868 869 870 871,650
226,False,872 873 874 875,950
227,False,876 877 878 879,1250
228,False,880 881 882 883,950
229,False,884 885 886 887,650
230,False,888 889 890 891,950
231,False,892 893 894 895,950
232,False,896 897 898 899,1250
233,False,900 901 902 903,1250
234,False,904 905 906 907,950
235,False,908 909 910 911,650
236,False,912 913 914 915,950
237,False,916 917 918 919,1250
238,False,920 921 922 923,950
239,False,924 925 926 927,650
240,False,928 929 930 931,950
241,False,932 933 934 935,650
242,False,936 937 938 939,950
243,False,940 941 942 943,1250
244,False,944 945 946 947,650
245,False,948 949 950 951,1250
246,False,952 953 954 955,950
247,False,956 957 958 959,950
248,False,960 961 962 963,950
249,False,964 965 966 967,950
250,False,969 970 971 972,950
251,False,973 974 975 976,1250
252,False,977 978 979 980,650
253,False,981 982 983 984,950
254,False,985 986 987 988,650
255,False,989 990 991 992,650
256,False,993 994 995 996,1250
257,False,997 998 999 1000,1250
258,False,1001 1002 1003 1004,950
259,False,1005 1006 1007 1008,950
260,False,1009 1010 1011 1012,950
261,False,1013 1014 1015 1016,950
262,False,1017 1018 1019 1020,650
263,False,1021 1022 1023 1024,1250
264,False,1025 1026 1027 1028,1250
265,False,1029 1030 1031 1032,950
266,False,1033 1034 1035 1036,1250
267,False,1037 1038 1039 1040,1250
268,False,1041 1042 1043 1044,950
269,False,1045 1046 1047 1048,650
270,False,1049 1050 1051 1052,650
271,False,1053 1054 1055 1056,950
272,False,1057 1058 1059 1060,650
273,False,1061 1062 1063 1064,1250
274,False,1065 1066 1067 1068,950
275,False,1069 1070 1071 1072,950
276,False,1073 1074 1075 1076,950
277,False,1077 1078 1079 1080,950
278,False,1081 1082 1083 1084,650
279,False,1085 1086 1087 1088,950
280,False,1090 1091 1092 1093,950
281,False,1094 1095 1096 1097,1250
282,False,1098 1099 1100 1101,650
283,False,1102 1103 1104 1105,950
284,False,1106 1107 1108 1109,650
285,False,1110 1111 1112 1113,650
286,False,1114 1115 1116 1117,950
287,False,1118 1119 1120 1121,1250
288,False,1122 1123 1124 1125,1250
289,False,1126 1127 1128 1129,950
290,False,1130 1131 1132 1133,950
291,False,1134 1135 1136 1137,950
292,False,1138 1139 1140 1141,950
293,False,1142 1143 1144 1145,650
294,False,1146 1147 1148 1149,1250
295,False,1150 1151 1152 1153,950
296,False,1154 1155 1156 1157,1250
297,False,1158 1159 1160 1161,1250
298,False,1162 1163 1164 1165,1250
299,False,1166 1167 1168 1169,650
300,False,1170 1171 1172 1173,650
301,False,1174 1175 1176 1177,650
302,False,1178 1179 1180 1181,1250
303,False,1182 1183 1184 1185,950
304,False,1186 1187 1188 1189,950
305,False,1190 1191 1192 1193,950
306,False,1194 1195 1196 1197,950
307,False,1198 1199 1200 1201,650
308,False,1202 1203 1204 1205,950
309,False,1206 1207 1208 1209,950
310,True,1331,7100
311,True,1452,7100
312,True,1573,7100
313,True,1694,7100
314,True,1815,7043
315,False,1211 1212 1213 1214,950
316,False,1215 1216 1217 1218,650
317,False,1219 1220 1221 1222,1250
318,False,1223 1224 1225 1226,950
319,False,1227 1228 1229 1230,1250
320,False,1231 1232 1233 1234,650
321,False,1235 1236 1237 1238,950
322,False,1239 1240 1241 1242,1250
323,False,1243 1244 1245 1246,650
324,False,1247 1248 1249 1250,1250
325,False,1251 1252 1253 1254,650
326,False,1255 1256 1257 1258,1250
327,False,1259 1260 1261 1262,650
328,False,1263 1264 1265 1266,650
329,False,1267 1268 1269 1270,1250
330,False,1271 1272 1273 1274,950
331,False,1275 1276 1277 1278,1250
332,False,1279 1280 1281 1282,950
333,False,1283 1284 1285 1286,1250
334,False,1287 1288 1289 1290,950
335,False,1291 1292 1293 1294,950
336,False,1295 1296 1297 1298,650
337,False,1299 1300 1301 1302,950
338,False,1303 1304 1305 1306,650
339,False,1307 1308 1309 1310,650
340,False,1311 1312 1313 1314,1250
341,False,1315 1316 1317 1318,950
342,False,1319 1320 1321 1322,1250
343,False,1323 1324 1325 1326,950
344,False,1327 1328 1329 1330,650
345,False,1332 1333 1334 1335,950
346,False,1336 1337 1338 1339,650
347,False,1340 1341 1342 1343,950
348,False,1344 1345 1346 1347,650
349,False,1348 1349 1350 1351,650
350,False,1352 1353 1354 1355,1250
351,False,1356 1357 1358 1359,950
352,False,1360 1361 1362 1363,650
353,False,1364 1365 1366 1367,650
354,False,1368 1369 1370 1371,950
355,False,1372 1373 1374 1375,950
356,False,1376 1377 1378 1379,950
357,False,1380 1381 1382 1383,1250
358,False,1384 1385 1386 1387,950
359,False,1388 1389 1390 1391,1250
360,False,1392 1393 1394 1395,650
361,False,1396 1397 1398 1399,1250
362,False,1400 1401 1402 1403,1250
363,False,1404 1405 1406 1407,950
364,False,1408 1409 1410 1411,650
365,False,1412 1413 1414 1415,950
366,False,1416 1417 1418 1419,950
367,False,1420 1421 1422 1423,1250
368,False,1424 1425 1426 1427,950
369,False,1428 1429 1430 1431,950
370,False,1432 1433 1434 1435,950
371,False,1436 1437 1438 1439,1250
372,False,1440 1441 1442 1443,650
373,False,1444 1445 1446 1447,950
374,False,1448 1449 1450 1451,1250
375,False,1453 1454 1455 1456,950
376,False,1457 1458 1459 1460,650
377,False,1461 1462 1463 1464,950
378,False,1465 1466 1467 1468,650
379,False,1469 1470 1471 1472,650
380,False,1473 1474 1475 1476,1250
381,False,1477 1478 1479 1480,650
382,False,1481 1482 1483 1484,650
383,False,1485 1486 1487 1488,950
384,False,1489 1490 1491 1492,950
385,False,1493 1494 1495 1496,950
386,False,1497 1498 1499 1500,1250
387,False,1501 1502 1503 1504,1250
388,False,1505 1506 1507 1508,650
389,False,1509 1510 1511 1512,1250
390,False,1513 1514 1515 1516,950
391,False,1517 1518 1519 1520,1250
392,False,1521 1522 1523 1524,650
393,False,1525 1526 1527 1528,950
394,False,1529 1530 1531 1532,950
395,False,1533 1534 1535 1536,950
396,False,1537 1538 1539 1540,950
397,False,1541 1542 1543 1544,1250
398,False,1545 1546 1547 1548,950
399,False,1549 1550 1551 1552,950
400,False,1553 1554 1555 1556,950
401,False,1557 1558 1559 1560,950
402,False,1561 1562 1563 1564,1250
403,False,1565 1566 1567 1568,650
404,False,1569 1570 1571 1572,1250
405,False,1574 1575 1576 1577,1250
406,False,1578 1579 1580 1581,1250
407,False,1582 1583 1584 1585,650
408,False,1586 1587 1588 1589,1250
409,False,1590 1591 1592 1593,650
410,False,1594 1595 1596 1597,650
411,False,1598 1599 1600 1601,950
412,False,1602 1603 1604 1605,650
413,False,1606 1607 1608 1609,650
414,False,1610 1611 1612 1613,950
415,False,1614 1615 1616 1617,650
416,False,1618 1619 1620 1621,1250
417,False,1622 1623 1624 1625,950
418,False,1626 1627 1628 1629,1250
419,False,1630 1631 1632 1633,950
420,False,1634 1635 1636 1637,650
421,False,1638 1639 1640 1641,950
422,False,1642 1643 1644 1645,1250
423,False,1646 1647 1648 1649,950
424,False,1650 1651 1652 1653,950
425,False,1654 1655 1656 1657,950
426,False,1658 1659 1660 1661,650
427,False,1662 1663 1664 1665,950
428,False,1666 1667 1668 1669,950
429,False,1670 1671 1672 1673,1250
430,False,1674 1675 1676 1677,950
431,False,1678 1679 1680 1681,950
432,False,1682 1683 1684 1685,950
433,False,1686 1687 1688 1689,1250
434,False,1690 1691 1692 1693,950
435,False,1695 1696 1697 1698,1250
436,False,1699 1700 1701 1702,1250
437,False,1703 1704 1705 1706,650
438,False,1707 1708 1709 1710,1250
439,False,1711 1712 1713 1714,650
440,False,1715 1716 1717 1718,650
441,False,1719 1720 1721 1722,950
442,False,1723 1724 1725 1726,650
443,False,1727 1728 1729 1730,650
444,False,1731 1732 1733 1734,950
445,False,1735 1736 1737 1738,950
446,False,1739 1740 1741 1742,650
447,False,1743 1744 1745 1746,1250
448,False,1747 1748 1749 1750,1250
449,False,1751 1752 1753 1754,950
450,False,1755 1756 1757 1758,950
451,False,1759 1760 1761 1762,650
452,False,1763 1764 1765 1766,950
453,False,1767 1768 1769 1770,1250
454,False,1771 1772 1773 1774,950
455,False,1775 1776 1777 1778,950
456,False,1779 1780 1781 1782,950
457,False,1783 1784 1785 1786,650
458,False,1787 1788 1789 1790,950
459,False,1791 1792 1793 1794,950
460,False,1795 1796 1797 1798,1250
461,False,1799 1800 1801 1802,950
462,False,1803 1804 1805 1806,950
463,False,1807 1808 1809 1810,1250
464,False,1811 1812 1813 1814,950
465,True,1936,7100
466,True,2057,7100
467,True,2178,7101
468,True,2299,7101
469,True,2420,7046
470,False,1816 1817 1818 1819,951
471,False,1820 1821 1822 1823,1249
472,False,1824 1825 1826 1827,950
473,False,1828 1829 1830 1831,1251
474,False,1832 1833 1834 1835,650
475,False,1836 1837 1838 1839,1249
476,False,1840 1841 1842 1843,651
477,False,1844 1845 1846 1847,651
478,False,1848 1849 1850 1851,1249
479,False,1852 1853 1854 1855,950
480,False,1856 1857 1858 1859,651
481,False,1860 1861 1862 1863,649
482,False,1864 1865 1866 1867,1250
483,False,1868 1869 1870 1871,651
484,False,1872 1873 1874 1875,950
485,False,1876 1877 1878 1879,949
486,False,1880 1881 1882 1883,950
487,False,1884 1885 1886 1887,651
488,False,1888 1889 1890 1891,1249
489,False,1892 1893 1894 1895,651
490,False,1896 1897 1898 1899,1249
491,False,1900 1901 1902 1903,650
492,False,1904 1905 1906 1907,1250
493,False,1908 1909 1910 1911,950
494,False,1912 1913 1914 1915,1250
495,False,1916 1917 1918 1919,650
496,False,1920 1921 1922 1923,951
497,False,1924 1925 1926 1927,949
498,False,1928 1929 1930 1931,1251
499,False,1932 1933 1934 1935,949
500,False,1937 1938 1939 1940,650
501,False,1941 1942 1943 1944,950
502,False,1945 1946 1947 1948,649
503,False,1949 1950 1951 1952,651
504,False,1953 1954 1955 1956,949
505,False,1957 1958 1959 1960,1251
506,False,1961 1962 1963 1964,1250
507,False,1965 1966 1967 1968,950
508,False,1969 1970 1971 1972,650
509,False,1973 1974 1975 1976,950
510,False,1977 1978 1979 1980,1250
511,False,1981 1982 1983 1984,950
512,False,1985 1986 1987 1988,950
513,False,1989 1990 1991 1992,1250
514,False,1993 1994 1995 1996,950
515,False,1997 1998 1999 2000,1250
516,False,2001 2002 2003 2004,950
517,False,2005 2006 2007 2008,949
518,False,2009 2010 2011 2012,651
519,False,2013 2014 2015 2016,950
520,False,2017 2018 2019 2020,1250
521,False,2021 2022 2023 2024,950
522,False,2025 2026 2027 2028,650
523,False,2029 2030 2031 2032,950
524,False,2033 2034 2035 2036,950
525,False,2037 2038 2039 2040,650
526,False,2041 2042 2043 2044,950
527,False,2045 2046 2047 2048,1250
528,False,2049 2050 2051 2052,1249
529,False,2053 2054 2055 2056,651
530,False,2058 2059 2060 2061,650
531,False,2062 2063 2064 2065,950
532,False,2066 2067 2068 2069,649
533,False,2070 2071 2072 2073,651
534,False,2074 2075 2076 2077,951
535,False,2078 2079 2080 2081,1250
536,False,2082 2083 2084 2085,951
537,False,2086 2087 2088 2089,1250
538,False,2090 2091 2092 2093,951
539,False,2094 2095 2096 2097,949
540,False,2098 2099 2100 2101,651
541,False,2102 2103 2104 2105,951
542,False,2106 2107 2108 2109,1250
543,False,2110 2111 2112 2113,951
544,False,2114 2115 2116 2117,1250
545,False,2118 2119 2120 2121,951
546,False,2122 2123 2124 2125,949
547,False,2126 2127 2128 2129,1251
548,False,2130 2131 2132 2133,949
549,False,2134 2135 2136 2137,951
550,False,2138 2139 2140 2141,650
551,False,2142 2143 2144 2145,949
552,False,2146 2147 2148 2149,1251
553,False,2150 2151 2152 2153,949
554,False,2154 2155 2156 2157,651
555,False,2158 2159 2160 2161,951
556,False,2162 2163 2164 2165,649
557,False,2166 2167 2168 2169,1251
558,False,2170 2171 2172 2173,1249
559,False,2174 2175 2176 2177,651
560,False,2179 2180 2181 2182,951
561,False,2183 2184 2185 2186,1250
562,False,2187 2188 2189 2190,651
563,False,2191 2192 2193 2194,949
564,False,2195 2196 2197 2198,650
565,False,2199 2200 2201 2202,651
566,False,2203 2204 2205 2206,1250
567,False,2207 2208 2209 2210,1251
568,False,2211 2212 2213 2214,949
569,False,2215 2216 2217 2218,951
570,False,2219 2220 2221 2222,951
571,False,2223 2224 2225 2226,949
572,False,2227 2228 2229 2230,651
573,False,2231 2232 2233 2234,1250
574,False,2235 2236 2237 2238,1251
575,False,2239 2240 2241 2242,949
576,False,2243 2244 2245 2246,1251
577,False,2247 2248 2249 2250,1249
578,False,2251 2252 2253 2254,951
579,False,2255 2256 2257 2258,650
580,False,2259 2260 2261 2262,649
581,False,2263 2264 2265 2266,951
582,False,2267 2268 2269 2270,651
583,False,2271 2272 2273 2274,1249
584,False,2275 2276 2277 2278,951
585,False,2279 2280 2281 2282,949
586,False,2283 2284 2285 2286,951
587,False,2287 2288 2289 2290,951
588,False,2291 2292 2293 2294,649
589,False,2295 2296 2297 2298,951
590,False,2300 2301 2302 2303,951
591,False,2304 2305 2306 2307,1250
592,False,2308 2309 2310 2311,651
593,False,2312 2313 2314 2315,949
594,False,2316 2317 2318 2319,650
595,False,2320 2321 2322 2323,651
596,False,2324 2325 2326 2327,951
597,False,2328 2329 2330 2331,1250
598,False,2332 2333 2334 2335,1250
599,False,2336 2337 2338 2339,951
600,False,2340 2341 2342 2343,951
601,False,2344 2345 2346 2347,950
602,False,2348 2349 2350 2351,949
603,False,2352 2353 2354 2355,651
604,False,2356 2357 2358 2359,1250
605,False,2360 2361 2362 2363,951
606,False,2364 2365 2366 2367,1250
607,False,2368 2369 2370 2371,1250
608,False,2372 2373 2374 2375,1250
609,False,2376 2377 2378 2379,651
610,False,2380 2381 2382 2383,649
611,False,2384 2385 2386 2387,651
612,False,2388 2389 2390 2391,1250
613,False,2392 2393 2394 2395,950
614,False,2396 2397 2398 2399,949
615,False,2400 2401 2402 2403,950
616,False,2404 2405 2406 2407,951
617,False,2408 2409 2410 2411,650
618,False,2412 2413 2414 2415,950
619,False,2416 2417 2418 2419,951
620,True,2541,7100
621,True,2662,7100
622,True,2783,7100
623,True,2904,7100
624,True,3025,7046
625,False,2421 2422 2423 2424,1250
626,False,2425 2426 2427 2428,650
627,False,2429 2430 2431 2432,1250
628,False,2433 2434 2435 2436,650
629,False,2437 2438 2439 2440,950
630,False,2441 2442 2443 2444,1250
631,False,2445 2446 2447 2448,950
632,False,2449 2450 2451 2452,1250
633,False,2453 2454 2455 2456,950
634,False,2457 2458 2459 2460,950
635,False,2461 2462 2463 2464,950
636,False,2465 2466 2467 2468,650
637,False,2469 2470 2471 2472,650
638,False,2473 2474 2475 2476,950
639,False,2477 2478 2479 2480,650
640,False,2481 2482 2483 2484,1250
641,False,2485 2486 2487 2488,950
642,False,2489 2490 2491 2492,950
643,False,2493 2494 2495 2496,1250
644,False,2497 2498 2499 2500,650
645,False,2501 2502 2503 2504,650
646,False,2505 2506 2507 2508,650
647,False,2509 2510 2511 2512,1250
648,False,2513 2514 2515 2516,650
649,False,2517 2518 2519 2520,1250
650,False,2521 2522 2523 2524,1250
651,False,2525 2526 2527 2528,950
652,False,2529 2530 2531 2532,650
653,False,2533 2534 2535 2536,1250
654,False,2537 2538 2539 2540,950
655,False,2542 2543 2544 2545,650
656,False,2546 2547 2548 2549,950
657,False,2550 2551 2552 2553,1250
658,False,2554 2555 2556 2557,1250
659,False,2558 2559 2560 2561,950
660,False,2562 2563 2564 2565,1250
661,False,2566 2567 2568 2569,950
662,False,2570 2571 2572 2573,950
663,False,2574 2575 2576 2577,1250
664,False,2578 2579 2580 2581,950
665,False,2582 2583 2584 2585,650
666,False,2586 2587 2588 2589,1250
667,False,2590 2591 2592 2593,1250
668,False,2594 2595 2596 2597,950
669,False,2598 2599 2600 2601,950
670,False,2602 2603 2604 2605,950
671,False,2606 2607 2608 2609,950
672,False,2610 2611 2612 2613,650
673,False,2614 2615 2616 2617,650
674,False,2618 2619 2620 2621,950
675,False,2622 2623 2624 2625,950
676,False,2626 2627 2628 2629,650
677,False,2630 2631 2632 2633,650
678,False,2634 2635 2636 2637,1250
679,False,2638 2639 2640 2641,950
680,False,2642 2643 2644 2645,950
681,False,2646 2647 2648 2649,1250
682,False,2650 2651 2652 2653,950
683,False,2654 2655 2656 2657,650
684,False,2658 2659 2660 2661,650
685,False,2663 2664 2665 2666,650
686,False,2667 2668 2669 2670,950
687,False,2671 2672 2673 2674,1250
688,False,2675 2676 2677 2678,1250
689,False,2679 2680 2681 2682,950
690,False,2683 2684 2685 2686,1250
691,False,2687 2688 2689 2690,950
692,False,2691 2692 2693 2694,950
693,False,2695 2696 2697 2698,1250
694,False,2699 2700 2701 2702,650
695,False,2703 2704 2705 2706,950
696,False,2707 2708 2709 2710,1250
697,False,2711 2712 2713 2714,1250
698,False,2715 2716 2717 2718,950
699,False,2719 2720 2721 2722,950
700,False,2723 2724 2725 2726,950
701,False,2727 2728 2729 2730,650
702,False,2731 2732 2733 2734,950
703,False,2735 2736 2737 2738,650
704,False,2739 2740 2741 2742,950
705,False,2743 2744 2745 2746,950
706,False,2747 2748 2749 2750,650
707,False,2751 2752 2753 2754,650
708,False,2755 2756 2757 2758,1250
709,False,2759 2760 2761 2762,950
710,False,2763 2764 2765 2766,950
711,False,2767 2768 2769 2770,1250
712,False,2771 2772 2773 2774,650
713,False,2775 2776 2777 2778,650
714,False,2779 2780 2781 2782,950
715,False,2784 2785 2786 2787,650
716,False,2788 2789 2790 2791,1250
717,False,2792 2793 2794 2795,1250
718,False,2796 2797 2798 2799,1250
719,False,2800 2801 2802 2803,950
720,False,2804 2805 2806 2807,1250
721,False,2808 2809 2810 2811,950
722,False,2812 2813 2814 2815,650
723,False,2816 2817 2818 2819,950
724,False,2820 2821 2822 2823,950
725,False,2824 2825 2826 2827,650
726,False,2828 2829 2830 2831,950
727,False,2832 2833 2834 2835,950
728,False,2836 2837 2838 2839,950
729,False,2840 2841 2842 2843,1250
730,False,2844 2845 2846 2847,650
731,False,2848 2849 2850 2851,1250
732,False,2852 2853 2854 2855,1250
733,False,2856 2857 2858 2859,650
734,False,2860 2861 2862 2863,950
735,False,2864 2865 2866 2867,950
736,False,2868 2869 2870 2871,1250
737,False,2872 2873 2874 2875,950
738,False,2876 2877 2878 2879,950
739,False,2880 2881 2882 2883,650
740,False,2884 2885 2886 2887,950
741,False,2888 2889 2890 2891,650
742,False,2892 2893 2894 2895,950
743,False,2896 2897 2898 2899,650
744,False,2900 2901 2902 2903,950
745,False,2905 2906 2907 2908,650
746,False,2909 2910 2911 2912,1250
747,False,2913 2914 2915 2916,1250
748,False,2917 2918 2919 2920,1250
749,False,2921 2922 2923 2924,950
750,False,2925 2926 2927 2928,1250
751,False,2929 2930 2931 2932,650
752,False,2933 2934 2935 2936,950
753,False,2937 2938 2939 2940,950
754,False,2941 2942 2943 2944,650
755,False,2945 2946 2947 2948,950
756,False,2949 2950 2951 2952,950
757,False,2953 2954 2955 2956,950
758,False,2957 2958 2959 2960,1250
759,False,2961 2962 2963 2964,650
760,False,2965 2966 2967 2968,1250
761,False,2969 2970 2971 2972,1250
762,False,2973 2974 2975 2976,650
763,False,2977 2978 2979 2980,950
764,False,2981 2982 2983 2984,950
765,False,2985 2986 2987 2988,1250
766,False,2989 2990 2991 2992,950
767,False,2993 2994 2995 2996,950
768,False,2997 2998 2999 3000,950
769,False,3001 3002 3003 3004,950
770,False,3005 3006 3007 3008,650
771,False,3009 3010 3011 3012,950
772,False,3013 3014 3015 3016,650
773,False,3017 3018 3019 3020,950
774,False,3021 3022 3023 3024,650
775,True,3146,7100
776,True,3267,7100
777,True,3388,7100
778,True,3509,7100
779,True,3630,7043
780,False,3026 3027 3028 3029,950
781,False,3030 3031 3032 3033,950
782,False,3034 3035 3036 3037,1250
783,False,3038 3039 3040 3041,650
784,False,3042 3043 3044 3045,650
785,False,3046 3047 3048 3049,950
786,False,3050 3051 3052 3053,650
787,False,3054 3055 3056 3057,950
788,False,3058 3059 3060 3061,950
789,False,3062 3063 3064 3065,1250
790,False,3066 3067 3068 3069,1250
791,False,3070 3071 3072 3073,1250
792,False,3074 3075 3076 3077,1250
793,False,3078 3079 3080 3081,1250
794,False,3082 3083 3084 3085,650
795,False,3086 3087 3088 3089,1250
796,False,3090 3091 3092 3093,1250
797,False,3094 3095 3096 3097,950
798,False,3098 3099 3100 3101,650
799,False,3102 3103 3104 3105,1250
800,False,3106 3107 3108 3109,650
801,False,3110 3111 3112 3113,950
802,False,3114 3115 3116 3117,950
803,False,3118 3119 3120 3121,650
804,False,3122 3123 3124 3125,650
805,False,3126 3127 3128 3129,650
806,False,3130 3131 3132 3133,1250
807,False,3134 3135 3136 3137,950
808,False,3138 3139 3140 3141,950
809,False,3142 3143 3144 3145,650
810,False,3147 3148 3149 3150,1250
811,False,3151 3152 3153 3154,950
812,False,3155 3156 3157 3158,1250
813,False,3159 3160 3161 3162,650
814,False,3163 3164 3165 3166,650
815,False,3167 3168 3169 3170,650
816,False,3171 3172 3173 3174,950
817,False,3175 3176 3177 3178,950
818,False,3179 3180 3181 3182,950
819,False,3183 3184 3185 3186,1250
820,False,3187 3188 3189 3190,950
821,False,3191 3192 3193 3194,650
822,False,3195 3196 3197 3198,950
823,False,3199 3200 3201 3202,1250
824,False,3203 3204 3205 3206,1250
825,False,3207 3208 3209 3210,950
826,False,3211 3212 3213 3214,650
827,False,3215 3216 3217 3218,950
828,False,3219 3220 3221 3222,1250
829,False,3223 3224 3225 3226,950
830,False,3227 3228 3229 3230,950
831,False,3231 3232 3233 3234,650
832,False,3235 3236 3237 3238,650
833,False,3239 3240 3241 3242,1250
834,False,3243 3244 3245 3246,950
835,False,3247 3248 3249 3250,650
836,False,3251 3252 3253 3254,1250
837,False,3255 3256 3257 3258,950
838,False,3259 3260 3261 3262,950
839,False,3263 3264 3265 3266,950
840,False,3268 3269 3270 3271,1250
841,False,3272 3273 3274 3275,950
842,False,3276 3277 3278 3279,1250
843,False,3280 3281 3282 3283,650
844,False,3284 3285 3286 3287,650
845,False,3288 3289 3290 3291,650
846,False,3292 3293 3294 3295,950
847,False,3296 3297 3298 3299,1250
848,False,3300 3301 3302 3303,950
849,False,3304 3305 3306 3307,650
850,False,3308 3309 3310 3311,950
851,False,3312 3313 3314 3315,950
852,False,3316 3317 3318 3319,1250
853,False,3320 3321 3322 3323,1250
854,False,3324 3325 3326 3327,950
855,False,3328 3329 3330 3331,650
856,False,3332 3333 3334 3335,950
857,False,3336 3337 3338 3339,1250
858,False,3340 3341 3342 3343,950
859,False,3344 3345 3346 3347,650
860,False,3348 3349 3350 3351,950
861,False,3352 3353 3354 3355,650
862,False,3356 3357 3358 3359,950
863,False,3360 3361 3362 3363,1250
864,False,3364 3365 3366 3367,650
865,False,3368 3369 3370 3371,1250
866,False,3372 3373 3374 3375,950
867,False,3376 3377 3378 3379,950
868,False,3380 3381 3382 3383,950
869,False,3384 3385 3386 3387,950
870,False,3389 3390 3391 3392,650
871,False,3393 3394 3395 3396,950
872,False,3397 3398 3399 3400,650
873,False,3401 3402 3403 3404,950
874,False,3405 3406 3407 3408,1250
875,False,3409 3410 3411 3412,650
876,False,3413 3414 3415 3416,950
877,False,3417 3418 3419 3420,950
878,False,3421 3422 3423 3424,650
879,False,3425 3426 3427 3428,650
880,False,3429 3430 3431 3432,950
881,False,3433 3434 3435 3436,1250
882,False,3437 3438 3439 3440,1250
883,False,3441 3442 3443 3444,950
884,False,3445 3446 3447 3448,1250
885,False,3449 3450 3451 3452,950
886,False,3453 3454 3455 3456,950
887,False,3457 3458 3459 3460,1250
888,False,3461 3462 3463 3464,950
889,False,3465 3466 3467 3468,950
890,False,3469 3470 3471 3472,950
891,False,3473 3474 3475 3476,1250
892,False,3477 3478 3479 3480,650
893,False,3481 3482 3483 3484,950
894,False,3485 3486 3487 3488,1250
895,False,3489 3490 3491 3492,650
896,False,3493 3494 3495 3496,950
897,False,3497 3498 3499 3500,650
898,False,3501 3502 3503 3504,950
899,False,3505 3506 3507 3508,1250
900,False,3510 3511 3512 3513,650
901,False,3514 3515 3516 3517,950
902,False,3518 3519 3520 3521,650
903,False,3522 3523 3524 3525,950
904,False,3526 3527 3528 3529,1250
905,False,3530 3531 3532 3533,650
906,False,3534 3535 3536 3537,950
907,False,3538 3539 3540 3541,650
908,False,3542 3543 3544 3545,650
909,False,3546 3547 3548 3549,950
910,False,3550 3551 3552 3553,950
911,False,3554 3555 3556 3557,1250
912,False,3558 3559 3560 3561,950
913,False,3562 3563 3564 3565,1250
914,False,3566 3567 3568 3569,1250
915,False,3570 3571 3572 3573,950
916,False,3574 3575 3576 3577,1250
917,False,3578 3579 3580 3581,950
918,False,3582 3583 3584 3585,950
919,False,3586 3587 3588 3589,950
920,False,3590 3591 3592 3593,1250
921,False,3594 3595 3596 3597,650
922,False,3598 3599 3600 3601,950
923,False,3602 3603 3604 3605,1250
924,False,3606 3607 3608 3609,650
925,False,3610 3611 3612 3613,650
926,False,3614 3615 3616 3617,950
927,False,3618 3619 3620 3621,950
928,False,3622 3623 3624 3625,950
929,False,3626 3627 3628 3629,1250
930,True,3751,7100
931,True,3872,7100
932,True,3993,7100
933,True,4114,7100
934,True,4235,7042
935,False,3631 3632 3633 3634,1250
936,False,3635 3636 3637 3638,650
937,False,3639 3640 3641 3642,650
938,False,3643 3644 3645 3646,950
939,False,3647 3648 3649 3650,650
940,False,3651 3652 3653 3654,650
941,False,3655 3656 3657 3658,1250
942,False,3659 3660 3661 3662,950
943,False,3663 3664 3665 3666,1250
944,False,3667 3668 3669 3670,950
945,False,3671 3672 3673 3674,650
946,False,3675 3676 3677 3678,950
947,False,3679 3680 3681 3682,950
948,False,3683 3684 3685 3686,650
949,False,3687 3688 3689 3690,650
950,False,3691 3692 3693 3694,1250
951,False,3695 3696 3697 3698,1250
952,False,3699 3700 3701 3702,1250
953,False,3703 3704 3705 3706,650
954,False,3707 3708 3709 3710,950
955,False,3711 3712 3713 3714,950
956,False,3715 3716 3717 3718,1250
957,False,3719 3720 3721 3722,1250
958,False,3723 3724 3725 3726,1250
959,False,3727 3728 3729 3730,650
960,False,3731 3732 3733 3734,650
961,False,3735 3736 3737 3738,950
962,False,3739 3740 3741 3742,950
963,False,3743 3744 3745 3746,1250
964,False,3747 3748 3749 3750,950
965,False,3752 3753 3754 3755,650
966,False,3756 3757 3758 3759,1250
967,False,3760 3761 3762 3763,1250
968,False,3764 3765 3766 3767,1250
969,False,3768 3769 3770 3771,950
970,False,3772 3773 3774 3775,1250
971,False,3776 3777 3778 3779,650
972,False,3780 3781 3782 3783,950
973,False,3784 3785 3786 3787,950
974,False,3788 3789 3790 3791,650
975,False,3792 3793 3794 3795,950
976,False,3796 3797 3798 3799,950
977,False,3800 3801 3802 3803,950
978,False,3804 3805 3806 3807,1250
979,False,3808 3809 3810 3811,650
980,False,3812 3813 3814 3815,1250
981,False,3816 3817 3818 3819,1250
982,False,3820 3821 3822 3823,650
983,False,3824 3825 3826 3827,950
984,False,3828 3829 3830 3831,950
985,False,3832 3833 3834 3835,1250
986,False,3836 3837 3838 3839,950
987,False,3840 3841 3842 3843,950
988,False,3844 3845 3846 3847,950
989,False,3848 3849 3850 3851,950
990,False,3852 3853 3854 3855,650
991,False,3856 3857 3858 3859,950
992,False,3860 3861 3862 3863,650
993,False,3864 3865 3866 3867,950
994,False,3868 3869 3870 3871,650
995,False,3873 3874 3875 3876,650
996,False,3877 3878 3879 3880,1250
997,False,3881 3882 3883 3884,1250
998,False,3885 3886 3887 3888,1250
999,False,3889 3890 3891 3892,950
1000,False,3893 3894 3895 3896,1250
1001,False,3897 3898 3899 3900,950
1002,False,3901 3902 3903 3904,650
1003,False,3905 3906 3907 3908,950
1004,False,3909 3910 3911 3912,950
1005,False,3913 3914 3915 3916,650
1006,False,3917 3918 3919 3920,950
1007,False,3921 3922 3923 3924,950
1008,False,3925 3926 3927 3928,950
1009,False,3929 3930 3931 3932,1250
1010,False,3933 3934 3935 3936,650
1011,False,3937 3938 3939 3940,1250
1012,False,3941 3942 3943 3944,1250
1013,False,3945 3946 3947 3948,650
1014,False,3949 3950 3951 3952,950
1015,False,3953 3954 3955 3956,950
1016,False,3957 3958 3959 3960,1250
1017,False,3961 3962 3963 3964,950
1018,False,3965 3966 3967 3968,950
1019,False,3969 3970 3971 3972,650
1020,False,3973 3974 3975 3976,950
1021,False,3977 3978 3979 3980,650
1022,False,3981 3982 3983 3984,950
1023,False,3985 3986 3987 3988,650
1024,False,3989 3990 3991 3992,950
1025,False,3994 3995 3996 3997,1250
1026,False,3998 3999 4000 4001,950
1027,False,4002 4003 4004 4005,1250
1028,False,4006 4007 4008 4009,650
1029,False,4010 4011 4012 4013,650
1030,False,4014 4015 4016 4017,650
1031,False,4018 4019 4020 4021,950
1032,False,4022 4023 4024 4025,950
1033,False,4026 4027 4028 4029,950
1034,False,4030 4031 4032 4033,1250
1035,False,4034 4035 4036 4037,950
1036,False,4038 4039 4040 4041,650
1037,False,4042 4043 4044 4045,950
1038,False,4046 4047 4048 4049,1250
1039,False,4050 4051 4052 4053,1250
1040,False,4054 4055 4056 4057,950
1041,False,4058 4059 4060 4061,650
1042,False,4062 4063 4064 4065,950
1043,False,4066 4067 4068 4069,1250
1044,False,4070 4071 4072 4073,950
1045,False,4074 4075 4076 4077,950
1046,False,4078 4079 4080 4081,650
1047,False,4082 4083 4084 4085,650
1048,False,4086 4087 4088 4089,1250
1049,False,4090 4091 4092 4093,950
1050,False,4094 4095 4096 4097,650
1051,False,4098 4099 4100 4101,1250
1052,False,4102 4103 4104 4105,950
1053,False,4106 4107 4108 4109,950
1054,False,4110 4111 4112 4113,950
1055,False,4115 4116 4117 4118,1250
1056,False,4119 4120 4121 4122,950
1057,False,4123 4124 4125 4126,1250
1058,False,4127 4128 4129 4130,650
1059,False,4131 4132 4133 4134,650
1060,False,4135 4136 4137 4138,650
1061,False,4139 4140 4141 4142,950
1062,False,4143 4144 4145 4146,1250
1063,False,4147 4148 4149 4150,950
1064,False,4151 4152 4153 4154,650
1065,False,4155 4156 4157 4158,950
1066,False,4159 4160 4161 4162,950
1067,False,4163 4164 4165 4166,1250
1068,False,4167 4168 4169 4170,1250
1069,False,4171 4172 4173 4174,950
1070,False,4175 4176 4177 4178,650
1071,False,4179 4180 4181 4182,950
1072,False,4183 4184 4185 4186,1250
1073,False,4187 4188 4189 4190,950
1074,False,4191 4192 4193 4194,650
1075,False,4195 4196 4197 4198,950
1076,False,4199 4200 4201 4202,650
1077,False,4203 4204 4205 4206,950
1078,False,4207 4208 4209 4210,1250
1079,False,4211 4212 4213 4214,650
1080,False,4215 4216 4217 4218,1250
1081,False,4219 4220 4221 4222,950
1082,False,4223 4224 4225 4226,950
1083,False,4227 4228 4229 4230,950
1084,False,4231 4232 4233 4234,950
1085,True,4356,7101
1086,True,4477,7100
1087,True,4598,7101
1088,True,4719,7101
1089,True,4840,7043
1090,False,4236 4237 4238 4239,951
1091,False,4240 4241 4242 4243,649
1092,False,4244 4245 4246 4247,1250
1093,False,4248 4249 4250 4251,951
1094,False,4252 4253 4254 4255,1250
1095,False,4256 4257 4258 4259,650
1096,False,4260 4261 4262 4263,949
1097,False,4264 4265 4266 4267,1251
1098,False,4268 4269 4270 4271,649
1099,False,4272 4273 4274 4275,1250
1100,False,4276 4277 4278 4279,651
1101,False,4280 4281 4282 4283,1250
1102,False,4284 4285 4286 4287,650
1103,False,4288 4289 4290 4291,651
1104,False,4292 4293 4294 4295,1250
1105,False,4296 4297 4298 4299,951
1106,False,4300 4301 4302 4303,1250
1107,False,4304 4305 4306 4307,951
1108,False,4308 4309 4310 4311,1249
1109,False,4312 4313 4314 4315,950
1110,False,4316 4317 4318 4319,951
1111,False,4320 4321 4322 4323,649
1112,False,4324 4325 4326 4327,950
1113,False,4328 4329 4330 4331,651
1114,False,4332 4333 4334 4335,650
1115,False,4336 4337 4338 4339,1249
1116,False,4340 4341 4342 4343,951
1117,False,4344 4345 4346 4347,1249
1118,False,4348 4349 4350 4351,951
1119,False,4352 4353 4354 4355,649
1120,False,4357 4358 4359 4360,949
1121,False,4361 4362 4363 4364,651
1122,False,4365 4366 4367 4368,950
1123,False,4369 4370 4371 4372,650
1124,False,4373 4374 4375 4376,649
1125,False,4377 4378 4379 4380,1251
1126,False,4381 4382 4383 4384,949
1127,False,4385 4386 4387 4388,651
1128,False,4389 4390 4391 4392,649
1129,False,4393 4394 4395 4396,951
1130,False,4397 4398 4399 4400,950
1131,False,4401 4402 4403 4404,950
1132,False,4405 4406 4407 4408,1250
1133,False,4409 4410 4411 4412,950
1134,False,4413 4414 4415 4416,1250
1135,False,4417 4418 4419 4420,649
1136,False,4421 4422 4423 4424,1250
1137,False,4425 4426 4427 4428,1251
1138,False,4429 4430 4431 4432,949
1139,False,4433 4434 4435 4436,651
1140,False,4437 4438 4439 4440,950
1141,False,4441 4442 4443 4444,949
1142,False,4445 4446 4447 4448,1251
1143,False,4449 4450 4451 4452,949
1144,False,4453 4454 4455 4456,950
1145,False,4457 4458 4459 4460,951
1146,False,4461 4462 4463 4464,1249
1147,False,4465 4466 4467 4468,651
1148,False,4469 4470 4471 4472,949
1149,False,4473 4474 4475 4476,1251
1150,False,4478 4479 4480 4481,951
1151,False,4482 4483 4484 4485,649
1152,False,4486 4487 4488 4489,951
1153,False,4490 4491 4492 4493,651
1154,False,4494 4495 4496 4497,650
1155,False,4498 4499 4500 4501,1250
1156,False,4502 4503 4504 4505,651
1157,False,4506 4507 4508 4509,650
1158,False,4510 4511 4512 4513,949
1159,False,4514 4515 4516 4517,951
1160,False,4518 4519 4520 4521,949
1161,False,4522 4523 4524 4525,1251
1162,False,4526 4527 4528 4529,1249
1163,False,4530 4531 4532 4533,651
1164,False,4534 4535 4536 4537,1250
1165,False,4538 4539 4540 4541,951
1166,False,4542 4543 4544 4545,1250
1167,False,4546 4547 4548 4549,650
1168,False,4550 4551 4552 4553,951
1169,False,4554 4555 4556 4557,949
1170,False,4558 4559 4560 4561,951
1171,False,4562 4563 4564 4565,951
1172,False,4566 4567 4568 4569,1250
1173,False,4570 4571 4572 4573,951
1174,False,4574 4575 4576 4577,949
1175,False,4578 4579 4580 4581,951
1176,False,4582 4583 4584 4585,949
1177,False,4586 4587 4588 4589,1251
1178,False,4590 4591 4592 4593,650
1179,False,4594 4595 4596 4597,1250
1180,False,4599 4600 4601 4602,951
1181,False,4603 4604 4605 4606,949
1182,False,4607 4608 4609 4610,1251
1183,False,4611 4612 4613 4614,949
1184,False,4615 4616 4617 4618,651
1185,False,4619 4620 4621 4622,951
1186,False,4623 4624 4625 4626,649
1187,False,4627 4628 4629 4630,1251
1188,False,4631 4632 4633 4634,650
1189,False,4635 4636 4637 4638,1250
1190,False,4639 4640 4641 4642,1250
1191,False,4643 4644 4645 4646,951
1192,False,4647 4648 4649 4650,951
1193,False,4651 4652 4653 4654,949
1194,False,4655 4656 4657 4658,951
1195,False,4659 4660 4661 4662,949
1196,False,4663 4664 4665 4666,951
1197,False,4667 4668 4669 4670,651
1198,False,4671 4672 4673 4674,650
1199,False,4675 4676 4677 4678,649
1200,False,4679 4680 4681 4682,1251
1201,False,4683 4684 4685 4686,1249
1202,False,4687 4688 4689 4690,951
1203,False,4691 4692 4693 4694,949
1204,False,4695 4696 4697 4698,951
1205,False,4699 4700 4701 4702,1250
1206,False,4703 4704 4705 4706,1251
1207,False,4707 4708 4709 4710,650
1208,False,4711 4712 4713 4714,949
1209,False,4715 4716 4717 4718,651
1210,False,4720 4721 4722 4723,951
1211,False,4724 4725 4726 4727,950
1212,False,4728 4729 4730 4731,1250
1213,False,4732 4733 4734 4735,950
1214,False,4736 4737 4738 4739,650
1215,False,4740 4741 4742 4743,951
1216,False,4744 4745 4746 4747,950
1217,False,4748 4749 4750 4751,650
1218,False,4752 4753 4754 4755,1250
1219,False,4756 4757 4758 4759,651
1220,False,4760 4761 4762 4763,949
1221,False,4764 4765 4766 4767,1251
1222,False,4768 4769 4770 4771,949
1223,False,4772 4773 4774 4775,1251
1224,False,4776 4777 4778 4779,949
1225,False,4780 4781 4782 4783,950
1226,False,4784 4785 4786 4787,951
1227,False,4788 4789 4790 4791,650
1228,False,4792 4793 4794 4795,950
1229,False,4796 4797 4798 4799,651
1230,False,4800 4801 4802 4803,949
1231,False,4804 4805 4806 4807,651
1232,False,4808 4809 4810 4811,1250
1233,False,4812 4813 4814 4815,951
1234,False,4816 4817 4818 4819,1250
1235,False,4820 4821 4822 4823,951
1236,False,4824 4825 4826 4827,1250
1237,False,4828 4829 4830 4831,1250
1238,False,4832 4833 4834 4835,651
1239,False,4836 4837 4838 4839,650
1240,True,4961,7100
1241,True,5082,7100
1242,True,5203,7100
1243,True,5324,7100
1244,True,5445,7046
1245,False,4841 4842 4843 4844,1250
1246,False,4845 4846 4847 4848,650
1247,False,4849 4850 4851 4852,650
1248,False,4853 4854 4855 4856,950
1249,False,4857 4858 4859 4860,650
1250,False,4861 4862 4863 4864,650
1251,False,4865 4866 4867 4868,650
1252,False,4869 4870 4871 4872,950
1253,False,4873 4874 4875 4876,1250
1254,False,4877 4878 4879 4880,1250
1255,False,4881 4882 4883 4884,650
1256,False,4885 4886 4887 4888,950
1257,False,4889 4890 4891 4892,950
1258,False,4893 4894 4895 4896,1250
1259,False,4897 4898 4899 4900,1250
1260,False,4901 4902 4903 4904,1250
1261,False,4905 4906 4907 4908,650
1262,False,4909 4910 4911 4912,650
1263,False,4913 4914 4915 4916,950
1264,False,4917 4918 4919 4920,1250
1265,False,4921 4922 4923 4924,950
1266,False,4925 4926 4927 4928,1250
1267,False,4929 4930 4931 4932,1250
1268,False,4933 4934 4935 4936,950
1269,False,4937 4938 4939 4940,950
1270,False,4941 4942 4943 4944,650
1271,False,4945 4946 4947 4948,950
1272,False,4949 4950 4951 4952,650
1273,False,4953 4954 4955 4956,1250
1274,False,4957 4958 4959 4960,950
1275,False,4962 4963 4964 4965,950
1276,False,4966 4967 4968 4969,1250
1277,False,4970 4971 4972 4973,650
1278,False,4974 4975 4976 4977,950
1279,False,4978 4979 4980 4981,1250
1280,False,4982 4983 4984 4985,950
1281,False,4986 4987 4988 4989,950
1282,False,4990 4991 4992 4993,1250
1283,False,4994 4995 4996 4997,650
1284,False,4998 4999 5000 5001,1250
1285,False,5002 5003 5004 5005,950
1286,False,5006 5007 5008 5009,650
1287,False,5010 5011 5012 5013,950
1288,False,5014 5015 5016 5017,650
1289,False,5018 5019 5020 5021,950
1290,False,5022 5023 5024 5025,950
1291,False,5026 5027 5028 5029,650
1292,False,5030 5031 5032 5033,950
1293,False,5034 5035 5036 5037,1250
1294,False,5038 5039 5040 5041,650
1295,False,5042 5043 5044 5045,1250
1296,False,5046 5047 5048 5049,650
1297,False,5050 5051 5052 5053,950
1298,False,5054 5055 5056 5057,950
1299,False,5058 5059 5060 5061,1250
1300,False,5062 5063 5064 5065,950
1301,False,5066 5067 5068 5069,1250
1302,False,5070 5071 5072 5073,950
1303,False,5074 5075 5076 5077,650
1304,False,5078 5079 5080 5081,950
1305,False,5083 5084 5085 5086,950
1306,False,5087 5088 5089 5090,1250
1307,False,5091 5092 5093 5094,650
1308,False,5095 5096 5097 5098,950
1309,False,5099 5100 5101 5102,1250
1310,False,5103 5104 5105 5106,950
1311,False,5107 5108 5109 5110,950
1312,False,5111 5112 5113 5114,1250
1313,False,5115 5116 5117 5118,650
1314,False,5119 5120 5121 5122,950
1315,False,5123 5124 5125 5126,1250
1316,False,5127 5128 5129 5130,950
1317,False,5131 5132 5133 5134,950
1318,False,5135 5136 5137 5138,650
1319,False,5139 5140 5141 5142,650
1320,False,5143 5144 5145 5146,950
1321,False,5147 5148 5149 5150,950
1322,False,5151 5152 5153 5154,950
1323,False,5155 5156 5157 5158,650
1324,False,5159 5160 5161 5162,950
1325,False,5163 5164 5165 5166,950
1326,False,5167 5168 5169 5170,1250
1327,False,5171 5172 5173 5174,650
1328,False,5175 5176 5177 5178,1250
1329,False,5179 5180 5181 5182,650
1330,False,5183 5184 5185 5186,950
1331,False,5187 5188 5189 5190,950
1332,False,5191 5192 5193 5194,1250
1333,False,5195 5196 5197 5198,1250
1334,False,5199 5200 5201 5202,650
1335,False,5204 5205 5206 5207,1250
1336,False,5208 5209 5210 5211,1250
1337,False,5212 5213 5214 5215,650
1338,False,5216 5217 5218 5219,1250
1339,False,5220 5221 5222 5223,650
1340,False,5224 5225 5226 5227,650
1341,False,5228 5229 5230 5231,950
1342,False,5232 5233 5234 5235,650
1343,False,5236 5237 5238 5239,650
1344,False,5240 5241 5242 5243,950
1345,False,5244 5245 5246 5247,950
1346,False,5248 5249 5250 5251,650
1347,False,5252 5253 5254 5255,1250
1348,False,5256 5257 5258 5259,1250
1349,False,5260 5261 5262 5263,950
1350,False,5264 5265 5266 5267,950
1351,False,5268 5269 5270 5271,650
1352,False,5272 5273 5274 5275,950
1353,False,5276 5277 5278 5279,1250
1354,False,5280 5281 5282 5283,950
1355,False,5284 5285 5286 5287,950
1356,False,5288 5289 5290 5291,950
1357,False,5292 5293 5294 5295,650
1358,False,5296 5297 5298 5299,950
1359,False,5300 5301 5302 5303,950
1360,False,5304 5305 5306 5307,1250
1361,False,5308 5309 5310 5311,950
1362,False,5312 5313 5314 5315,950
1363,False,5316 5317 5318 5319,1250
1364,False,5320 5321 5322 5323,950
1365,False,5325 5326 5327 5328,1250
1366,False,5329 5330 5331 5332,1250
1367,False,5333 5334 5335 5336,650
1368,False,5337 5338 5339 5340,1250
1369,False,5341 5342 5343 5344,650
1370,False,5345 5346 5347 5348,650
1371,False,5349 5350 5351 5352,950
1372,False,5353 5354 5355 5356,650
1373,False,5357 5358 5359 5360,650
1374,False,5361 5362 5363 5364,950
1375,False,5365 5366 5367 5368,650
1376,False,5369 5370 5371 5372,1250
1377,False,5373 5374 5375 5376,950
1378,False,5377 5378 5379 5380,1250
1379,False,5381 5382 5383 5384,950
1380,False,5385 5386 5387 5388,650
1381,False,5389 5390 5391 5392,950
1382,False,5393 5394 5395 5396,1250
1383,False,5397 5398 5399 5400,950
1384,False,5401 5402 5403 5404,950
1385,False,5405 5406 5407 5408,950
1386,False,5409 5410 5411 5412,650
1387,False,5413 5414 5415 5416,950
1388,False,5417 5418 5419 5420,950
1389,False,5421 5422 5423 5424,1250
1390,False,5425 5426 5427 5428,950
1391,False,5429 5430 5431 5432,950
1392,False,5433 5434 5435 5436,950
1393,False,5437 5438 5439 5440,1250
1394,False,5441 5442 5443 5444,950
1395,True,5566,7100
1396,True,5687,7101
1397,True,5808,7101
1398,True,5929,7101
1399,True,6050,7046
1400,False,5446 5447 5448 5449,651
1401,False,5450 5451 5452 5453,950
1402,False,5454 5455 5456 5457,649
1403,False,5458 5459 5460 5461,1250
1404,False,5462 5463 5464 5465,1250
1405,False,5466 5467 5468 5469,951
1406,False,5470 5471 5472 5473,1250
1407,False,5474 5475 5476 5477,1250
1408,False,5478 5479 5480 5481,651
1409,False,5482 5483 5484 5485,1250
1410,False,5486 5487 5488 5489,649
1411,False,5490 5491 5492 5493,651
1412,False,5494 5495 5496 5497,650
1413,False,5498 5499 5500 5501,951
1414,False,5502 5503 5504 5505,1250
1415,False,5506 5507 5508 5509,951
1416,False,5510 5511 5512 5513,950
1417,False,5514 5515 5516 5517,650
1418,False,5518 5519 5520 5521,649
1419,False,5522 5523 5524 5525,650
1420,False,5526 5527 5528 5529,1251
1421,False,5530 5531 5532 5533,1250
1422,False,5534 5535 5536 5537,950
1423,False,5538 5539 5540 5541,949
1424,False,5542 5543 5544 5545,1251
1425,False,5546 5547 5548 5549,949
1426,False,5550 5551 5552 5553,951
1427,False,5554 5555 5556 5557,650
1428,False,5558 5559 5560 5561,1250
1429,False,5562 5563 5564 5565,950
1430,False,5567 5568 5569 5570,1250
1431,False,5571 5572 5573 5574,1250
1432,False,5575 5576 5577 5578,950
1433,False,5579 5580 5581 5582,649
1434,False,5583 5584 5585 5586,951
1435,False,5587 5588 5589 5590,950
1436,False,5591 5592 5593 5594,1250
1437,False,5595 5596 5597 5598,950
1438,False,5599 5600 5601 5602,649
1439,False,5603 5604 5605 5606,1250
1440,False,5607 5608 5609 5610,950
1441,False,5611 5612 5613 5614,951
1442,False,5615 5616 5617 5618,649
1443,False,5619 5620 5621 5622,950
1444,False,5623 5624 5625 5626,1250
1445,False,5627 5628 5629 5630,1251
1446,False,5631 5632 5633 5634,950
1447,False,5635 5636 5637 5638,950
1448,False,5639 5640 5641 5642,951
1449,False,5643 5644 5645 5646,649
1450,False,5647 5648 5649 5650,950
1451,False,5651 5652 5653 5654,1250
1452,False,5655 5656 5657 5658,651
1453,False,5659 5660 5661 5662,950
1454,False,5663 5664 5665 5666,651
1455,False,5667 5668 5669 5670,649
1456,False,5671 5672 5673 5674,1251
1457,False,5675 5676 5677 5678,950
1458,False,5679 5680 5681 5682,950
1459,False,5683 5684 5685 5686,651
1460,False,5688 5689 5690 5691,1251
1461,False,5692 5693 5694 5695,1250
1462,False,5696 5697 5698 5699,950
1463,False,5700 5701 5702 5703,649
1464,False,5704 5705 5706 5707,951
1465,False,5708 5709 5710 5711,949
1466,False,5712 5713 5714 5715,1251
1467,False,5716 5717 5718 5719,650
1468,False,5720 5721 5722 5723,1250
1469,False,5724 5725 5726 5727,951
1470,False,5728 5729 5730 5731,949
1471,False,5732 5733 5734 5735,951
1472,False,5736 5737 5738 5739,650
1473,False,5740 5741 5742 5743,1250
1474,False,5744 5745 5746 5747,951
1475,False,5748 5749 5750 5751,1250
1476,False,5752 5753 5754 5755,951
1477,False,5756 5757 5758 5759,949
1478,False,5760 5761 5762 5763,951
1479,False,5764 5765 5766 5767,949
1480,False,5768 5769 5770 5771,951
1481,False,5772 5773 5774 5775,651
1482,False,5776 5777 5778 5779,1249
1483,False,5780 5781 5782 5783,651
1484,False,5784 5785 5786 5787,651
1485,False,5788 5789 5790 5791,650
1486,False,5792 5793 5794 5795,1250
1487,False,5796 5797 5798 5799,951
1488,False,5800 5801 5802 5803,949
1489,False,5804 5805 5806 5807,651
1490,False,5809 5810 5811 5812,651
1491,False,5813 5814 5815 5816,949
1492,False,5817 5818 5819 5820,1251
1493,False,5821 5822 5823 5824,650
1494,False,5825 5826 5827 5828,1250
1495,False,5829 5830 5831 5832,951
1496,False,5833 5834 5835 5836,1250
1497,False,5837 5838 5839 5840,1250
1498,False,5841 5842 5843 5844,951
1499,False,5845 5846 5847 5848,951
1500,False,5849 5850 5851 5852,949
1501,False,5853 5854 5855 5856,1251
1502,False,5857 5858 5859 5860,949
1503,False,5861 5862 5863 5864,651
1504,False,5865 5866 5867 5868,1250
1505,False,5869 5870 5871 5872,951
1506,False,5873 5874 5875 5876,1250
1507,False,5877 5878 5879 5880,951
1508,False,5881 5882 5883 5884,651
1509,False,5885 5886 5887 5888,1249
1510,False,5889 5890 5891 5892,651
1511,False,5893 5894 5895 5896,951
1512,False,5897 5898 5899 5900,649
1513,False,5901 5902 5903 5904,951
1514,False,5905 5906 5907 5908,951
1515,False,5909 5910 5911 5912,949
1516,False,5913 5914 5915 5916,651
1517,False,5917 5918 5919 5920,651
1518,False,5921 5922 5923 5924,949
1519,False,5925 5926 5927 5928,951
1520,False,5930 5931 5932 5933,651
1521,False,5934 5935 5936 5937,949
1522,False,5938 5939 5940 5941,1251
1523,False,5942 5943 5944 5945,650
1524,False,5946 5947 5948 5949,1250
1525,False,5950 5951 5952 5953,951
1526,False,5954 5955 5956 5957,949
1527,False,5958 5959 5960 5961,1250
1528,False,5962 5963 5964 5965,1250
1529,False,5966 5967 5968 5969,951
1530,False,5970 5971 5972 5973,950
1531,False,5974 5975 5976 5977,949
1532,False,5978 5979 5980 5981,1251
1533,False,5982 5983 5984 5985,949
1534,False,5986 5987 5988 5989,651
1535,False,5990 5991 5992 5993,1250
1536,False,5994 5995 5996 5997,1250
1537,False,5998 5999 6000 6001,951
1538,False,6002 6003 6004 6005,951
1539,False,6006 6007 6008 6009,649
1540,False,6010 6011 6012 6013,1250
1541,False,6014 6015 6016 6017,651
1542,False,6018 6019 6020 6021,950
1543,False,6022 6023 6024 6025,650
1544,False,6026 6027 6028 6029,951
1545,False,6030 6031 6032 6033,950
1546,False,6034 6035 6036 6037,650
1547,False,6038 6039 6040 6041,650
1548,False,6042 6043 6044 6045,950
1549,False,6046 6047 6048 6049,951
