configuration_index,lowpass_hz,degree,n_delays,delay_samples,delay_ms,embedding_span_ms,smooth_window_samples,smooth_window_ms,derivative_method,fit_status,fit_failure_reason,nonzero_terms,fit_runtime_s,feature_names_json,coefficients_json,equations
1,35.0,1,2,1,4.0,4.0,0,0.0,finite_difference,success,,6,0.7621560273692012,"[""1"", ""x0"", ""x1""]","[[-0.09117108446609817, 233.03193265722413, -239.1441838150053], [0.05488623775618701, 239.12454133395437, -233.01297289590127]]",(x0)' = -0.091 1 +  233.032 x0 + -239.144 x1 | (x1)' =  0.055 1 +  239.125 x0 + -233.013 x1
2,35.0,1,2,1,4.0,4.0,5,20.0,smoothed_finite_difference_savgol_order_3,success,,6,0.12153424881398678,"[""1"", ""x0"", ""x1""]","[[-0.09501903797425207, 233.3169751682934, -239.361103116542], [0.058569572743984555, 239.34038148419825, -233.29675330418712]]",(x0)' = -0.095 1 +  233.317 x0 + -239.361 x1 | (x1)' =  0.059 1 +  239.340 x0 + -233.297 x1
3,35.0,1,2,1,4.0,4.0,9,36.0,smoothed_finite_difference_savgol_order_3,success,,6,0.09608330205082893,"[""1"", ""x0"", ""x1""]","[[-0.1450390662813687, 235.7625124605602, -241.17136728489822], [0.1437670562865794, 241.121476989964, -235.71069473697648]]",(x0)' = -0.145 1 +  235.763 x0 + -241.171 x1 | (x1)' =  0.144 1 +  241.121 x0 + -235.711 x1
4,35.0,1,2,2,8.0,8.0,0,0.0,finite_difference,success,,6,0.08418026939034462,"[""1"", ""x0"", ""x1""]","[[-0.14541708636102713, 105.9424738448695, -117.26513621547349], [0.07797324335000508, 117.25612448556048, -105.93601900199651]]",(x0)' = -0.145 1 +  105.942 x0 + -117.265 x1 | (x1)' =  0.078 1 +  117.256 x0 + -105.936 x1
5,35.0,1,2,2,8.0,8.0,5,20.0,smoothed_finite_difference_savgol_order_3,success,,6,0.09323031082749367,"[""1"", ""x0"", ""x1""]","[[-0.15483832557990454, 106.21844841726028, -117.43255449600626], [0.08688147241102462, 117.42247443450508, -106.21075125060956]]",(x0)' = -0.155 1 +  106.218 x0 + -117.433 x1 | (x1)' =  0.087 1 +  117.422 x0 + -106.211 x1
6,35.0,1,2,2,8.0,8.0,9,36.0,smoothed_finite_difference_savgol_order_3,success,,6,0.09708619955927134,"[""1"", ""x0"", ""x1""]","[[-0.22579998761667272, 108.64429232567663, -118.81094514089357], [0.19345481267569803, 118.78181974374051, -108.61436125565774]]",(x0)' = -0.226 1 +  108.644 x0 + -118.811 x1 | (x1)' =  0.193 1 +  118.782 x0 + -108.614 x1
7,35.0,1,2,5,20.0,20.0,0,0.0,finite_difference,success,,6,0.08228942938148975,"[""1"", ""x0"", ""x1""]","[[0.08118150631777199, 21.687652017246048, -37.23841376830246], [-0.3634526772134614, 37.25240312134451, -21.713053903845317]]",(x0)' =  0.081 1 +  21.688 x0 + -37.238 x1 | (x1)' = -0.363 1 +  37.252 x0 + -21.713 x1
8,35.0,1,2,5,20.0,20.0,5,20.0,smoothed_finite_difference_savgol_order_3,success,,6,0.09454501327127218,"[""1"", ""x0"", ""x1""]","[[0.07250136123707175, 21.915570183467043, -37.48095186748661], [-0.35397822929156464, 37.495042843805265, -21.940882647973545]]",(x0)' =  0.073 1 +  21.916 x0 + -37.481 x1 | (x1)' = -0.354 1 +  37.495 x0 + -21.941 x1
9,35.0,1,2,5,20.0,20.0,9,36.0,smoothed_finite_difference_savgol_order_3,success,,6,0.09520633239299059,"[""1"", ""x0"", ""x1""]","[[0.11371241324693951, 24.166473645726832, -39.660932963171774], [-0.35393922595698357, 39.67777051181096, -24.19252403565007]]",(x0)' =  0.114 1 +  24.166 x0 + -39.661 x1 | (x1)' = -0.354 1 +  39.678 x0 + -24.193 x1
10,35.0,1,4,1,4.0,12.0,0,0.0,finite_difference,success,,20,0.15172613319009542,"[""1"", ""x0"", ""x1"", ""x2"", ""x3""]","[[-0.029676856200267915, 431.4252927296652, -724.0960810672992, 397.63911158255814, -106.08679185996662], [-0.013130447728839386, 125.02400182914899, -0.02083417861984276, -125.01717533709774, 0.0149476412412258], [0.03340356943694105, -0.0502252607556347, 125.10672608596028, -0.06164148172569665, -124.99484419446824], [0.02481719449268941, 106.02826520784382, -397.47794792547023, 723.9392507998884, -431.37059844013316]]",(x0)' = -0.030 1 +  431.425 x0 + -724.096 x1 +  397.639 x2 + -106.087 x3 | (x1)' = -0.013 1 +  125.024 x0 + -0.021 x1 + -125.017 x2 +  0.015 x3 | (x2)' =  0.033 1 + -0.050 x0 +  125.107 x1 + -0.062 x2 + -124.995 x3 | (x3)' =  0.025 1 +  106.028 x0 + -397.478 x1 +  723.939 x2 + -431.371 x3
11,35.0,1,4,1,4.0,12.0,5,20.0,smoothed_finite_difference_savgol_order_3,success,,20,0.1587117211893201,"[""1"", ""x0"", ""x1"", ""x2"", ""x3""]","[[-0.03563001563189666, 432.9451004247263, -727.4410435363144, 400.0304479296299, -106.614020697531], [-0.015131259129493611, 125.0115273696335, 0.025415256302695224, -125.0709642261936, 0.03512813703489007], [0.03752951587023089, -0.07934301606819144, 125.1840457534688, -0.13066456998504367, -124.97416029657022], [0.03080067032734403, 106.54120814470583, -399.8298991582638, 727.2434784339013, -432.87458438506553]]",(x0)' = -0.036 1 +  432.945 x0 + -727.441 x1 +  400.030 x2 + -106.614 x3 | (x1)' = -0.015 1 +  125.012 x0 +  0.025 x1 + -125.071 x2 +  0.035 x3 | (x2)' =  0.038 1 + -0.079 x0 +  125.184 x1 + -0.131 x2 + -124.974 x3 | (x3)' =  0.031 1 +  106.541 x0 + -399.830 x1 +  727.243 x2 + -432.875 x3
12,35.0,1,4,1,4.0,12.0,9,36.0,smoothed_finite_difference_savgol_order_3,success,,20,0.15862522646784782,"[""1"", ""x0"", ""x1"", ""x2"", ""x3""]","[[-0.08025903812624267, 444.44510109343133, -752.0754547182304, 416.5887285699203, -109.7303864318952], [-0.016652115326811035, 125.48852545350223, -1.2257042837530723, -123.91017191238268, -0.3479768184226235], [0.07901669498312863, 0.5250344897509646, 123.2844631689274, 1.969384060778769, -125.78233078633781], [0.1097057136280036, 110.28494731805925, -418.24891479297304, 753.7970135517156, -445.0591048056239]]",(x0)' = -0.080 1 +  444.445 x0 + -752.075 x1 +  416.589 x2 + -109.730 x3 | (x1)' = -0.017 1 +  125.489 x0 + -1.226 x1 + -123.910 x2 + -0.348 x3 | (x2)' =  0.079 1 +  0.525 x0 +  123.284 x1 +  1.969 x2 + -125.782 x3 | (x3)' =  0.110 1 +  110.285 x0 + -418.249 x1 +  753.797 x2 + -445.059 x3
13,35.0,1,4,2,8.0,24.0,0,0.0,finite_difference,success,,20,0.14227424189448357,"[""1"", ""x0"", ""x1"", ""x2"", ""x3""]","[[-0.027857282937862615, 169.17288190541362, -265.7927588312272, 128.96512797895747, -36.428268544674495], [0.0053088835693173245, 56.61514054224366, 32.773790439673064, -107.59701160464327, 19.274719370585682], [0.019030662821305444, -19.26847995952302, 107.57610903797598, -32.74754717585684, -56.62635383226196], [-0.046584979838700656, 36.40766080622175, -128.90908818024832, 265.74333248987574, -169.16155115151122]]",(x0)' = -0.028 1 +  169.173 x0 + -265.793 x1 +  128.965 x2 + -36.428 x3 | (x1)' =  0.005 1 +  56.615 x0 +  32.774 x1 + -107.597 x2 +  19.275 x3 | (x2)' =  0.019 1 + -19.268 x0 +  107.576 x1 + -32.748 x2 + -56.626 x3 | (x3)' = -0.047 1 +  36.408 x0 + -128.909 x1 +  265.743 x2 + -169.162 x3
14,35.0,1,4,2,8.0,24.0,5,20.0,smoothed_finite_difference_savgol_order_3,success,,20,0.15658734180033207,"[""1"", ""x0"", ""x1"", ""x2"", ""x3""]","[[-0.03312321037972199, 170.31014693084822, -267.8243763836774, 130.24262506812693, -36.701470533349166], [0.005748275979291387, 56.41094852112256, 33.06426666389462, -107.66413760699885, 19.222495385486116], [0.02009588214173254, -19.21436918398951, 107.63857682161428, -33.03257951969846, -56.42477313092773], [-0.04112536415965215, 36.68047895381081, -130.18630420168282, 267.77449053387187, -170.29811423012617]]",(x0)' = -0.033 1 +  170.310 x0 + -267.824 x1 +  130.243 x2 + -36.701 x3 | (x1)' =  0.006 1 +  56.411 x0 +  33.064 x1 + -107.664 x2 +  19.222 x3 | (x2)' =  0.020 1 + -19.214 x0 +  107.639 x1 + -33.033 x2 + -56.425 x3 | (x3)' = -0.041 1 +  36.680 x0 + -130.186 x1 +  267.774 x2 + -170.298 x3
15,35.0,1,4,2,8.0,24.0,9,36.0,smoothed_finite_difference_savgol_order_3,success,,20,0.157551989890635,"[""1"", ""x0"", ""x1"", ""x2"", ""x3""]","[[-0.04511197062077716, 179.86436963579678, -284.7976236589027, 140.4107362623408, -38.50668159455044], [0.08857122577176753, 54.656745131028906, 35.5790981939324, -108.22091536937874, 18.744039766504333], [-0.025426635024931834, -18.736556455272684, 108.15528641753417, -35.44208641563904, -54.74053648001973], [-0.006775361500825447, 38.510689986199786, -140.36586966638643, 284.7007696900725, -179.81324749974843]]",(x0)' = -0.045 1 +  179.864 x0 + -284.798 x1 +  140.411 x2 + -38.507 x3 | (x1)' =  0.089 1 +  54.657 x0 +  35.579 x1 + -108.221 x2 +  18.744 x3 | (x2)' = -0.025 1 + -18.737 x0 +  108.155 x1 + -35.442 x2 + -54.741 x3 | (x3)' = -0.007 1 +  38.511 x0 + -140.366 x1 +  284.701 x2 + -179.813 x3
16,35.0,1,4,5,20.0,60.0,0,0.0,finite_difference,success,,20,0.14487587474286556,"[""1"", ""x0"", ""x1"", ""x2"", ""x3""]","[[-0.22045373993547165, 21.108672573778872, -46.51522017253617, 14.368691197466681, 3.8547592557197414], [-0.09860577568903164, 34.35953326736726, 1.3914293122633126, -41.23055694925508, 8.042968722477907], [0.20832364652921753, -8.02901949442463, 41.24484180490069, -1.4124844637052316, -34.363311024678744], [-0.43131412436916683, -3.8621076820927382, -14.411088250422699, 46.57536696388502, -21.140869716342042]]",(x0)' = -0.220 1 +  21.109 x0 + -46.515 x1 +  14.369 x2 +  3.855 x3 | (x1)' = -0.099 1 +  34.360 x0 +  1.391 x1 + -41.231 x2 +  8.043 x3 | (x2)' =  0.208 1 + -8.029 x0 +  41.245 x1 + -1.412 x2 + -34.363 x3 | (x3)' = -0.431 1 + -3.862 x0 + -14.411 x1 +  46.575 x2 + -21.141 x3
17,35.0,1,4,5,20.0,60.0,5,20.0,smoothed_finite_difference_savgol_order_3,success,,20,0.1587201338261366,"[""1"", ""x0"", ""x1"", ""x2"", ""x3""]","[[-0.2289662952007779, 21.447988160319156, -47.0234558475724, 14.77202636756719, 3.640916448954667], [-0.09905201244534563, 34.400500364783085, 1.4759752760276885, -41.498476897821085, 8.22987253740726], [0.20785382552362544, -8.216731623619227, 41.51338964885808, -1.497610925465812, -34.40341516001072], [-0.4197830130575594, -3.6479635861668, -14.81454888501625, 47.08284205628144, -21.47957317809065]]",(x0)' = -0.229 1 +  21.448 x0 + -47.023 x1 +  14.772 x2 +  3.641 x3 | (x1)' = -0.099 1 +  34.401 x0 +  1.476 x1 + -41.498 x2 +  8.230 x3 | (x2)' =  0.208 1 + -8.217 x0 +  41.513 x1 + -1.498 x2 + -34.403 x3 | (x3)' = -0.420 1 + -3.648 x0 + -14.815 x1 +  47.083 x2 + -21.480 x3
18,35.0,1,4,5,20.0,60.0,9,36.0,smoothed_finite_difference_savgol_order_3,success,,20,0.15991097781807184,"[""1"", ""x0"", ""x1"", ""x2"", ""x3""]","[[-0.20252050626971452, 25.13445868803501, -52.20754668006434, 18.93145123370612, 1.2728248082062845], [-0.14494075868786432, 34.32265593698771, 2.509738464410348, -43.78499848797858, 9.868244632639911], [0.2415705972355962, -9.861346893541695, 43.80944108818808, -2.5419493846025656, -34.31862293526559], [-0.37833979330139234, -1.279369243360891, -18.973531801988386, 52.26564276376744, -25.163591523942088]]",(x0)' = -0.203 1 +  25.134 x0 + -52.208 x1 +  18.931 x2 +  1.273 x3 | (x1)' = -0.145 1 +  34.323 x0 +  2.510 x1 + -43.785 x2 +  9.868 x3 | (x2)' =  0.242 1 + -9.861 x0 +  43.809 x1 + -2.542 x2 + -34.319 x3 | (x3)' = -0.378 1 + -1.279 x0 + -18.974 x1 +  52.266 x2 + -25.164 x3
19,35.0,1,6,1,4.0,20.0,0,0.0,finite_difference,success,,42,0.2640855582430959,"[""1"", ""x0"", ""x1"", ""x2"", ""x3"", ""x4"", ""x5""]","[[-0.027973137748892585, 601.2207869703634, -1416.4436732202275, 1586.7710531174075, -1175.6346855813006, 497.6029799183101, -93.80954002515456], [-0.022207468536809574, 125.26175700344551, -1.1807117992883767, -122.60964908363768, -2.610675370815301, 1.4906719243972442, -0.3506672349001362], [0.0012413144489679777, 0.46650099674545614, 122.87219657589277, 4.149284307749957, -129.28156378163746, 2.32771102761375, -0.5337927277341353], [0.022860120324975468, 0.3342661723038586, -1.5220433381207106, 127.87082782989762, -2.8187882834276774, -123.53724918561565, -0.3271270023100524], [0.03237778305012174, -0.09422455801268334, 0.4137508852256241, -0.9147032910915825, 126.12588332083571, -0.7003831591619896, -124.83086437023799], [0.016093186265044836, 93.34293391410307, -495.56008755422437, 1171.7828821945272, -1582.8656632407158, 1414.3172726448283, -600.7242640459073]]",(x0)' = -0.028 1 +  601.221 x0 + -1416.444 x1 +  1586.771 x2 + -1175.635 x3 +  497.603 x4 + -93.810 x5 | (x1)' = -0.022 1 +  125.262 x0 + -1.181 x1 + -122.610 x2 + -2.611 x3 +  1.491 x4 + -0.351 x5 | (x2)' =  0.001 1 +  0.467 x0 +  122.872 x1 +  4.149 x2 + -129.282 x3 +  2.328 x4 + -0.534 x5 | (x3)' =  0.023 1 +  0.334 x0 + -1.522 x1 +  127.871 x2 + -2.819 x3 + -123.537 x4 + -0.327 x5 | (x4)' =  0.032 1 + -0.094 x0 +  0.414 x1 + -0.915 x2 +  126.126 x3 + -0.700 x4 + -124.831 x5 | (x5)' =  0.016 1 +  93.343 x0 + -495.560 x1 +  1171.783 x2 + -1582.866 x3 +  1414.317 x4 + -600.724 x5
20,35.0,1,6,1,4.0,20.0,5,20.0,smoothed_finite_difference_savgol_order_3,success,,42,0.26689909026026726,"[""1"", ""x0"", ""x1"", ""x2"", ""x3"", ""x4"", ""x5""]","[[-0.03239472719254418, 606.9524134744831, -1438.566878339015, 1622.6635482267811, -1206.1363259772975, 511.0804136087498, -96.26290820000072], [-0.025581322100121148, 125.29109443654933, -1.3778000548893987, -122.08828248358753, -3.286504511072322, 1.9242147928737847, -0.46210836688151796], [0.00023085512765255888, 0.6275859114263056, 122.12724385754152, 5.615203676077987, -130.80473531836597, 3.160125168839797, -0.7250578019282701], [0.02504006059769586, 0.4729416566459736, -2.114655170332495, 128.92945620131252, -3.80763953483759, -123.05177967048537, -0.42827624092447875], [0.03729507954338886, -0.12266055827198528, 0.6008982565652049, -1.412228239057088, 126.78299995886191, -1.1315892503673057, -124.71775183819918], [0.021311135033826357, 95.64793332080538, -508.3858992130697, 1201.06169590714, -1617.5352846505896, 1435.7893007878247, -606.3079767239441]]",(x0)' = -0.032 1 +  606.952 x0 + -1438.567 x1 +  1622.664 x2 + -1206.136 x3 +  511.080 x4 + -96.263 x5 | (x1)' = -0.026 1 +  125.291 x0 + -1.378 x1 + -122.088 x2 + -3.287 x3 +  1.924 x4 + -0.462 x5 | (x2)' =  0.628 x0 +  122.127 x1 +  5.615 x2 + -130.805 x3 +  3.160 x4 + -0.725 x5 | (x3)' =  0.025 1 +  0.473 x0 + -2.115 x1 +  128.929 x2 + -3.808 x3 + -123.052 x4 + -0.428 x5 | (x4)' =  0.037 1 + -0.123 x0 +  0.601 x1 + -1.412 x2 +  126.783 x3 + -1.132 x4 + -124.718 x5 | (x5)' =  0.021 1 +  95.648 x0 + -508.386 x1 +  1201.062 x2 + -1617.535 x3 +  1435.789 x4 + -606.308 x5
21,35.0,1,6,1,4.0,20.0,9,36.0,smoothed_finite_difference_savgol_order_3,success,,42,0.26550797559320927,"[""1"", ""x0"", ""x1"", ""x2"", ""x3"", ""x4"", ""x5""]","[[-0.014557767140483263, 639.117345843983, -1561.5152248750514, 1817.42500828005, -1364.569156016189, 576.0482191692811, -106.64282593560914], [0.027745113059003193, 133.8438446509054, -39.29510269939692, -50.99658892269503, -73.6154901434824, 38.554086957123545, -8.482924386644566], [0.03755651239036527, 10.21123384345448, 79.26885611840325, 86.36121239860968, -210.919967636631, 45.05410151437095, -9.97300951382254], [0.026499154637461123, 5.945093877424651, -26.973173798832725, 176.3720164351976, -51.473378954755695, -97.72841618275433, -6.1470933899232625], [0.025630094830169987, -1.2224443593809662, 5.21772298564061, -9.750932613312848, 134.7105274026855, -4.945027314723721, -124.01828924076449], [0.029423288927065135, 96.7257082604104, -531.4360118121559, 1279.8785149130129, -1732.5560025714597, 1516.5896862278694, -629.0633941049019]]",(x0)' = -0.015 1 +  639.117 x0 + -1561.515 x1 +  1817.425 x2 + -1364.569 x3 +  576.048 x4 + -106.643 x5 | (x1)' =  0.028 1 +  133.844 x0 + -39.295 x1 + -50.997 x2 + -73.615 x3 +  38.554 x4 + -8.483 x5 | (x2)' =  0.038 1 +  10.211 x0 +  79.269 x1 +  86.361 x2 + -210.920 x3 +  45.054 x4 + -9.973 x5 | (x3)' =  0.026 1 +  5.945 x0 + -26.973 x1 +  176.372 x2 + -51.473 x3 + -97.728 x4 + -6.147 x5 | (x4)' =  0.026 1 + -1.222 x0 +  5.218 x1 + -9.751 x2 +  134.711 x3 + -4.945 x4 + -124.018 x5 | (x5)' =  0.029 1 +  96.726 x0 + -531.436 x1 +  1279.879 x2 + -1732.556 x3 +  1516.590 x4 + -629.063 x5
22,35.0,1,6,2,8.0,40.0,0,0.0,finite_difference,success,,42,0.2432282418012619,"[""1"", ""x0"", ""x1"", ""x2"", ""x3"", ""x4"", ""x5""]","[[-0.0266040418108511, 196.92329558606846, -356.50026740003375, 275.3989294232418, -183.30534114383804, 85.73694794960004, -20.338562142175338], [0.028732947326054803, 47.4805196937069, 62.63942078659468, -155.73783601573015, 67.41967499339708, -27.893313901690842, 6.47105095961246], [0.03441376559685414, -9.699227774888778, 76.20861515042445, 17.496674794579484, -106.16829110691552, 27.659762497284266, -5.705415101529105], [-0.033392904684550896, 5.708607065181237, -27.661993297556332, 106.16390195685403, -17.49444042792175, -76.20477477378535, 9.695829532109807], [-0.018125050018882375, -6.465575188065134, 27.874402959115482, -67.3873359036974, 155.6992585337101, -62.60800874988072, -47.49224457922498], [-0.048646257806735864, 20.315949967571942, -85.65927145838553, 183.17960760022203, -275.2855870621489, 356.45325320441486, -196.92128617980563]]",(x0)' = -0.027 1 +  196.923 x0 + -356.500 x1 +  275.399 x2 + -183.305 x3 +  85.737 x4 + -20.339 x5 | (x1)' =  0.029 1 +  47.481 x0 +  62.639 x1 + -155.738 x2 +  67.420 x3 + -27.893 x4 +  6.471 x5 | (x2)' =  0.034 1 + -9.699 x0 +  76.209 x1 +  17.497 x2 + -106.168 x3 +  27.660 x4 + -5.705 x5 | (x3)' = -0.033 1 +  5.709 x0 + -27.662 x1 +  106.164 x2 + -17.494 x3 + -76.205 x4 +  9.696 x5 | (x4)' = -0.018 1 + -6.466 x0 +  27.874 x1 + -67.387 x2 +  155.699 x3 + -62.608 x4 + -47.492 x5 | (x5)' = -0.049 1 +  20.316 x0 + -85.659 x1 +  183.180 x2 + -275.286 x3 +  356.453 x4 + -196.921 x5
23,35.0,1,6,2,8.0,40.0,5,20.0,smoothed_finite_difference_savgol_order_3,success,,42,0.26059014815837145,"[""1"", ""x0"", ""x1"", ""x2"", ""x3"", ""x4"", ""x5""]","[[-0.02981443033151875, 199.15056459844504, -362.4044092564514, 282.9324288146957, -189.19147430200132, 88.4993678663546, -20.97872270255998], [0.030963111308156318, 47.096991477295305, 63.61717229971375, -156.89708330980233, 68.21270302131413, -28.173392038025032, 6.502451188099826], [0.038136987015967475, -9.555421886920772, 75.8781565970103, 17.806521193397845, -106.26779541829798, 27.587295634378684, -5.644283348281786], [-0.0360594556786088, 5.6510302396347685, -27.599353313271976, 106.2759101130792, -17.81358481144886, -75.87016392698571, 9.551050986319574], [-0.01976611072244133, -6.496795821697794, 28.152687874090855, -68.17402716607664, 156.84760299644134, -63.57563004535824, -47.112826921162764], [-0.04595130919566567, 20.953193260615745, -88.41278964765206, 189.05115486054856, -282.80423423090565, 362.3472791579244, -199.144466428381]]",(x0)' = -0.030 1 +  199.151 x0 + -362.404 x1 +  282.932 x2 + -189.191 x3 +  88.499 x4 + -20.979 x5 | (x1)' =  0.031 1 +  47.097 x0 +  63.617 x1 + -156.897 x2 +  68.213 x3 + -28.173 x4 +  6.502 x5 | (x2)' =  0.038 1 + -9.555 x0 +  75.878 x1 +  17.807 x2 + -106.268 x3 +  27.587 x4 + -5.644 x5 | (x3)' = -0.036 1 +  5.651 x0 + -27.599 x1 +  106.276 x2 + -17.814 x3 + -75.870 x4 +  9.551 x5 | (x4)' = -0.020 1 + -6.497 x0 +  28.153 x1 + -68.174 x2 +  156.848 x3 + -63.576 x4 + -47.113 x5 | (x5)' = -0.046 1 +  20.953 x0 + -88.413 x1 +  189.051 x2 + -282.804 x3 +  362.347 x4 + -199.144 x5
24,35.0,1,6,2,8.0,40.0,9,36.0,smoothed_finite_difference_savgol_order_3,success,,42,0.2610946921631694,"[""1"", ""x0"", ""x1"", ""x2"", ""x3"", ""x4"", ""x5""]","[[-0.04601120266384922, 216.37472805915704, -409.08016195734285, 342.2527298938856, -233.5910041241776, 107.31266184612862, -24.551196257353386], [0.09182355962662381, 44.381416169145474, 70.53878959733257, -164.72611342097528, 72.88476968787334, -29.211777335000843, 6.343934354196696], [0.08027483998464849, -8.437197186184873, 73.12596147316387, 20.63735594104183, -107.41891245302038, 27.176399487522648, -5.19646392202541], [-0.062418527455359384, 5.030141653712899, -26.5083683973287, 106.2045676884166, -19.414276199221447, -73.83025861880446, 8.6300340877034], [-0.09936329666383939, -6.487203301066222, 29.739101415925088, -73.7886560867815, 165.58725431799078, -70.97683130776025, -44.28569418094993], [-0.020714050679718092, 24.653807053414603, -107.74213075053521, 234.4259738105537, -343.1714282676793, 409.6725017949157, -216.55756381719527]]",(x0)' = -0.046 1 +  216.375 x0 + -409.080 x1 +  342.253 x2 + -233.591 x3 +  107.313 x4 + -24.551 x5 | (x1)' =  0.092 1 +  44.381 x0 +  70.539 x1 + -164.726 x2 +  72.885 x3 + -29.212 x4 +  6.344 x5 | (x2)' =  0.080 1 + -8.437 x0 +  73.126 x1 +  20.637 x2 + -107.419 x3 +  27.176 x4 + -5.196 x5 | (x3)' = -0.062 1 +  5.030 x0 + -26.508 x1 +  106.205 x2 + -19.414 x3 + -73.830 x4 +  8.630 x5 | (x4)' = -0.099 1 + -6.487 x0 +  29.739 x1 + -73.789 x2 +  165.587 x3 + -70.977 x4 + -44.286 x5 | (x5)' = -0.021 1 +  24.654 x0 + -107.742 x1 +  234.426 x2 + -343.171 x3 +  409.673 x4 + -216.558 x5
25,35.0,1,6,5,20.0,100.0,0,0.0,finite_difference,success,,42,0.24749412294477224,"[""1"", ""x0"", ""x1"", ""x2"", ""x3"", ""x4"", ""x5""]","[[0.24553306904727482, 20.160676654082184, -46.805190716679256, 15.190940370645468, 0.995580046512279, 5.730866633834525, -1.6194372491504263], [-0.21834675763631453, 35.151967564122174, 1.626161619354219, -41.96217126942718, 10.499509285190085, -4.927264121149879, 1.481241134933874], [0.1536673072426937, -10.064543039613715, 40.56726395812536, 0.40810471630327105, -40.48568778865316, 12.062492121629099, -3.1957756899430283], [-0.15809119214528072, 3.160399399950678, -12.043301505620144, 40.49426605912696, -0.4203018904433436, -40.57929395508882, 10.097158153691788], [0.3055471096695355, -1.4636610255043006, 4.925421635212348, -10.530711345020054, 42.00638103001142, -1.642740355624616, -35.163563462593345], [-0.7909458426358652, 1.6441165768496226, -5.763283403556661, -0.9114023566225974, -15.299541585708026, 46.85765360093158, -20.194062213193114]]",(x0)' =  0.246 1 +  20.161 x0 + -46.805 x1 +  15.191 x2 +  0.996 x3 +  5.731 x4 + -1.619 x5 | (x1)' = -0.218 1 +  35.152 x0 +  1.626 x1 + -41.962 x2 +  10.500 x3 + -4.927 x4 +  1.481 x5 | (x2)' =  0.154 1 + -10.065 x0 +  40.567 x1 +  0.408 x2 + -40.486 x3 +  12.062 x4 + -3.196 x5 | (x3)' = -0.158 1 +  3.160 x0 + -12.043 x1 +  40.494 x2 + -0.420 x3 + -40.579 x4 +  10.097 x5 | (x4)' =  0.306 1 + -1.464 x0 +  4.925 x1 + -10.531 x2 +  42.006 x3 + -1.643 x4 + -35.164 x5 | (x5)' = -0.791 1 +  1.644 x0 + -5.763 x1 + -0.911 x2 + -15.300 x3 +  46.858 x4 + -20.194 x5
26,35.0,1,6,5,20.0,100.0,5,20.0,smoothed_finite_difference_savgol_order_3,success,,42,0.2614159546792507,"[""1"", ""x0"", ""x1"", ""x2"", ""x3"", ""x4"", ""x5""]","[[0.231475113770859, 20.492949158630683, -47.33130119469725, 15.63512994222395, 0.7117016396056618, 5.8105217975727905, -1.6381417016356201], [-0.21550085996686594, 35.22298698723835, 1.731413965294891, -42.29216879857905, 10.829839094931756, -5.16132067879211, 1.5577967946741123], [0.15604456622705248, -10.274873639500738, 40.809947851619114, 0.43958494791722263, -40.74606644579004, 12.395300476426065, -3.3677071813047217], [-0.16123609687562077, 3.3328096007492127, -12.376711624148756, 40.754792303647186, -0.45182563051226576, -40.821455635541525, 10.306863744542591], [0.3088587057932956, -1.5404845360004524, 5.160258256484542, -10.861501048798653, 42.33686796830497, -1.7486629633214437, -35.23394933329414], [-0.7786828549741667, 1.6631853187908876, -5.844066669449741, -0.6267325303029233, -15.74384323088065, 47.38297025316652, -20.525724232205995]]",(x0)' =  0.231 1 +  20.493 x0 + -47.331 x1 +  15.635 x2 +  0.712 x3 +  5.811 x4 + -1.638 x5 | (x1)' = -0.216 1 +  35.223 x0 +  1.731 x1 + -42.292 x2 +  10.830 x3 + -5.161 x4 +  1.558 x5 | (x2)' =  0.156 1 + -10.275 x0 +  40.810 x1 +  0.440 x2 + -40.746 x3 +  12.395 x4 + -3.368 x5 | (x3)' = -0.161 1 +  3.333 x0 + -12.377 x1 +  40.755 x2 + -0.452 x3 + -40.821 x4 +  10.307 x5 | (x4)' =  0.309 1 + -1.540 x0 +  5.160 x1 + -10.862 x2 +  42.337 x3 + -1.749 x4 + -35.234 x5 | (x5)' = -0.779 1 +  1.663 x0 + -5.844 x1 + -0.627 x2 + -15.744 x3 +  47.383 x4 + -20.526 x5
27,35.0,1,6,5,20.0,100.0,9,36.0,smoothed_finite_difference_savgol_order_3,success,,42,0.26484655123203993,"[""1"", ""x0"", ""x1"", ""x2"", ""x3"", ""x4"", ""x5""]","[[0.2385653751998096, 24.14333206117285, -52.76753029152248, 20.39932617300125, -2.62754530722841, 6.939630019198173, -2.0614379669163414], [-0.2671774638359174, 35.34527057657998, 3.064554717789438, -45.42312815173101, 14.097653664990554, -7.553410749643084, 2.493496874902473], [0.20170101669426793, -11.957944169654796, 42.65425077804539, 0.8432682058376553, -42.98796295999674, 15.393336533033436, -5.007866413621303], [-0.21026587228746332, 4.972652980599982, -15.377060033336747, 43.00028570745069, -0.8615534709961786, -42.65821177507626, 11.986457976389987], [0.36174244597067284, -2.4757248411179487, 7.557768304545208, -14.138358866171306, 45.477751884319055, -3.092054361191421, -35.35055105846205], [-0.6535839825285574, 2.090389239979654, -6.9899308544528695, 2.7219092928238275, -20.50550000578594, 52.816585987296115, -24.17004880911711]]",(x0)' =  0.239 1 +  24.143 x0 + -52.768 x1 +  20.399 x2 + -2.628 x3 +  6.940 x4 + -2.061 x5 | (x1)' = -0.267 1 +  35.345 x0 +  3.065 x1 + -45.423 x2 +  14.098 x3 + -7.553 x4 +  2.493 x5 | (x2)' =  0.202 1 + -11.958 x0 +  42.654 x1 +  0.843 x2 + -42.988 x3 +  15.393 x4 + -5.008 x5 | (x3)' = -0.210 1 +  4.973 x0 + -15.377 x1 +  43.000 x2 + -0.862 x3 + -42.658 x4 +  11.986 x5 | (x4)' =  0.362 1 + -2.476 x0 +  7.558 x1 + -14.138 x2 +  45.478 x3 + -3.092 x4 + -35.351 x5 | (x5)' = -0.654 1 +  2.090 x0 + -6.990 x1 +  2.722 x2 + -20.506 x3 +  52.817 x4 + -24.170 x5
28,35.0,1,8,1,4.0,28.0,0,0.0,finite_difference,success,,72,0.3965569566935301,"[""1"", ""x0"", ""x1"", ""x2"", ""x3"", ""x4"", ""x5"", ""x6"", ""x7""]","[[-0.01783163228547795, 724.9697079729477, -2101.108299341521, 3310.344076131761, -3729.5365460388484, 2894.5974365135, -1511.321448789295, 484.9794928537763, -73.04373929308008], [0.006243258968726727, 125.00538331178332, -0.06994255896537939, -124.55366696251578, -1.0953735508585016, 1.3825020300083883, -1.0069364839330117, 0.40692103003575786, -0.0677283166284983], [0.02073032758710307, 0.20921685186127917, 124.028301721921, 2.085565764556559, -127.76439966062125, 2.6003804511178643, -1.7954423935288089, 0.8028782027278895, -0.16528683452540288], [0.013804378596112615, 0.30608497005399454, -1.5089873630911657, 128.4372572103126, -4.96616724046924, -119.81210617664676, -3.8774904709523157, 1.8047497578267515, -0.38308418052495896], [0.00019772245256237148, 0.29383252763654, -1.6467935764656183, 4.292246181164576, 117.98705813426774, 7.866952711245933, -130.91648871398087, 2.667031416156122, -0.5448802284899715], [-0.004645091238694225, 0.16769211975719103, -1.1212704856642044, 3.289914913306617, -5.720770748607391, 131.42149634476198, -4.597105541756782, -123.0785605495397, -0.3629806928511962], [-0.001709647631406608, -0.0841887172834852, 0.31523385274050975, -0.6488040241424385, 1.0769963460221286, -1.5198312234787208, 126.52945111679325, -0.88448306440764, -124.78535017406878], [-0.003797657130046731, 72.59136582614292, -482.3911481475143, 1504.4243313178663, -2883.5365275305844, 3718.023048212987, -3302.5701550111585, 2097.9473569711745, -724.3685930042495]]",(x0)' = -0.018 1 +  724.970 x0 + -2101.108 x1 +  3310.344 x2 + -3729.537 x3 +  2894.597 x4 + -1511.321 x5 +  484.979 x6 + -73.044 x7 | (x1)' =  0.006 1 +  125.005 x0 + -0.070 x1 + -124.554 x2 + -1.095 x3 +  1.383 x4 + -1.007 x5 +  0.407 x6 + -0.068 x7 | (x2)' =  0.021 1 +  0.209 x0 +  124.028 x1 +  2.086 x2 + -127.764 x3 +  2.600 x4 + -1.795 x5 +  0.803 x6 + -0.165 x7 | (x3)' =  0.014 1 +  0.306 x0 + -1.509 x1 +  128.437 x2 + -4.966 x3 + -119.812 x4 + -3.877 x5 +  1.805 x6 + -0.383 x7 | (x4)' =  0.294 x0 + -1.647 x1 +  4.292 x2 +  117.987 x3 +  7.867 x4 + -130.916 x5 +  2.667 x6 + -0.545 x7 | (x5)' = -0.005 1 +  0.168 x0 + -1.121 x1 +  3.290 x2 + -5.721 x3 +  131.421 x4 + -4.597 x5 + -123.079 x6 + -0.363 x7 | (x6)' = -0.002 1 + -0.084 x0 +  0.315 x1 + -0.649 x2 +  1.077 x3 + -1.520 x4 +  126.529 x5 + -0.884 x6 + -124.785 x7 | (x7)' = -0.004 1 +  72.591 x0 + -482.391 x1 +  1504.424 x2 + -2883.537 x3 +  3718.023 x4 + -3302.570 x5 +  2097.947 x6 + -724.369 x7
29,35.0,1,8,1,4.0,28.0,5,20.0,smoothed_finite_difference_savgol_order_3,success,,72,0.406692280434072,"[""1"", ""x0"", ""x1"", ""x2"", ""x3"", ""x4"", ""x5"", ""x6"", ""x7""]","[[-0.022131259643362496, 745.9306060508744, -2211.142530373439, 3572.9008946022877, -4098.299020264696, 3223.325206334089, -1697.0329545920604, 546.4704836313958, -82.25107956914366], [0.006069376554039825, 124.95819254322322, 0.04432152566757581, -124.45296143741764, -1.8055057035117363, 2.5660575721414647, -2.0343965840971205, 0.8931544591051819, -0.16770919115691865], [0.02224085818684281, 0.06053328037396919, 124.97902850414944, -0.6014707662550345, -123.41575082242211, -1.7260726322145257, 0.8287464382968225, -0.08751107188606036, -0.03611122037343681], [0.014619064643406041, 0.16575341878395114, -0.5031075217142179, 125.38383054166438, 0.17320455059436027, -125.00612314777172, -0.7294532478476579, 0.7513619533758268, -0.23512522506487923], [-1.9153220183466906e-05, 0.32912534232564494, -1.7179587735557247, 4.22454437595314, 118.28332320024084, 7.616657060111228, -130.9286597202595, 2.781531378592411, -0.5897132588503862], [-0.004209159752023994, 0.3951521944931314, -2.40784466419422, 6.616162186824506, -10.83067609337878, 136.44281981789314, -7.729051718682884, -121.93891507009478, -0.5493344617079907], [0.00013087257371319032, 0.13458401946984738, -0.9597506439689609, 2.6405054761712305, -3.7623010455733628, 2.788474159085474, 124.28572850507317, -0.2957850585867416, -124.83229373665421], [-0.0011070043984404497, 81.4795365954966, -542.1115173417302, 1685.5995788888347, -3205.310771898035, 4079.895712786134, -3560.707643102323, 2206.2762743052003, -745.0223220269493]]",(x0)' = -0.022 1 +  745.931 x0 + -2211.143 x1 +  3572.901 x2 + -4098.299 x3 +  3223.325 x4 + -1697.033 x5 +  546.470 x6 + -82.251 x7 | (x1)' =  0.006 1 +  124.958 x0 +  0.044 x1 + -124.453 x2 + -1.806 x3 +  2.566 x4 + -2.034 x5 +  0.893 x6 + -0.168 x7 | (x2)' =  0.022 1 +  0.061 x0 +  124.979 x1 + -0.601 x2 + -123.416 x3 + -1.726 x4 +  0.829 x5 + -0.088 x6 + -0.036 x7 | (x3)' =  0.015 1 +  0.166 x0 + -0.503 x1 +  125.384 x2 +  0.173 x3 + -125.006 x4 + -0.729 x5 +  0.751 x6 + -0.235 x7 | (x4)' =  0.329 x0 + -1.718 x1 +  4.225 x2 +  118.283 x3 +  7.617 x4 + -130.929 x5 +  2.782 x6 + -0.590 x7 | (x5)' = -0.004 1 +  0.395 x0 + -2.408 x1 +  6.616 x2 + -10.831 x3 +  136.443 x4 + -7.729 x5 + -121.939 x6 + -0.549 x7 | (x6)' =  0.135 x0 + -0.960 x1 +  2.641 x2 + -3.762 x3 +  2.788 x4 +  124.286 x5 + -0.296 x6 + -124.832 x7 | (x7)' = -0.001 1 +  81.480 x0 + -542.112 x1 +  1685.600 x2 + -3205.311 x3 +  4079.896 x4 + -3560.708 x5 +  2206.276 x6 + -745.022 x7
30,35.0,1,8,1,4.0,28.0,9,36.0,smoothed_finite_difference_savgol_order_3,success,,72,0.40407131612300873,"[""1"", ""x0"", ""x1"", ""x2"", ""x3"", ""x4"", ""x5"", ""x6"", ""x7""]","[[-0.029029461241363616, 796.9844297927042, -2464.8791241194003, 4128.315823511463, -4782.116070279677, 3720.492667807502, -1897.2467532902076, 579.5482553331032, -81.12965947325031], [0.08123290960507351, 129.71902555290967, -18.982859933530843, -96.80519628085358, -10.718777214279232, -20.41344852781976, 30.6401260313512, -17.138802119534617, 3.7122538183005136], [0.11931840035935368, 10.331096053092955, 70.11548398955168, 132.78794733688522, -315.7872977221748, 176.77339577305412, -105.88616629586714, 37.87540979047926, -6.200902782934708], [0.0709676736441591, 10.847122099384762, -66.51989361218587, 313.0373667845615, -316.95016113322924, 217.44577627227082, -235.5825251071445, 94.88682079196097, -17.166466658863033], [-0.01498944269023003, 1.8467281282674093, -19.593918117003497, 79.98321164880925, -50.79391498257355, 231.19316139109134, -309.2230820438787, 82.92828396071995, -16.353415171713284], [-0.06943545030801956, -12.660053861271809, 67.38657654661915, -156.72213710637365, 202.71679326186236, -27.28082959401343, 61.37466341605993, -133.89790405799363, -0.9334003833007212], [-0.05855310043469246, -21.874097220511885, 129.11409163586998, -344.12004123120875, 535.692741191571, -525.1433905284044, 448.7195494279156, -115.99287069070967, -106.40551393661826], [-0.006586862766244735, 65.9915693598142, -479.300296780505, 1596.2151131713263, -3192.3353336147375, 4199.705666268706, -3725.6087377967365, 2303.33773561106, -767.9656484261797]]",(x0)' = -0.029 1 +  796.984 x0 + -2464.879 x1 +  4128.316 x2 + -4782.116 x3 +  3720.493 x4 + -1897.247 x5 +  579.548 x6 + -81.130 x7 | (x1)' =  0.081 1 +  129.719 x0 + -18.983 x1 + -96.805 x2 + -10.719 x3 + -20.413 x4 +  30.640 x5 + -17.139 x6 +  3.712 x7 | (x2)' =  0.119 1 +  10.331 x0 +  70.115 x1 +  132.788 x2 + -315.787 x3 +  176.773 x4 + -105.886 x5 +  37.875 x6 + -6.201 x7 | (x3)' =  0.071 1 +  10.847 x0 + -66.520 x1 +  313.037 x2 + -316.950 x3 +  217.446 x4 + -235.583 x5 +  94.887 x6 + -17.166 x7 | (x4)' = -0.015 1 +  1.847 x0 + -19.594 x1 +  79.983 x2 + -50.794 x3 +  231.193 x4 + -309.223 x5 +  82.928 x6 + -16.353 x7 | (x5)' = -0.069 1 + -12.660 x0 +  67.387 x1 + -156.722 x2 +  202.717 x3 + -27.281 x4 +  61.375 x5 + -133.898 x6 + -0.933 x7 | (x6)' = -0.059 1 + -21.874 x0 +  129.114 x1 + -344.120 x2 +  535.693 x3 + -525.143 x4 +  448.720 x5 + -115.993 x6 + -106.406 x7 | (x7)' = -0.007 1 +  65.992 x0 + -479.300 x1 +  1596.215 x2 + -3192.335 x3 +  4199.706 x4 + -3725.609 x5 +  2303.338 x6 + -767.966 x7
31,35.0,1,8,2,8.0,56.0,0,0.0,finite_difference,success,,72,0.388041652739048,"[""1"", ""x0"", ""x1"", ""x2"", ""x3"", ""x4"", ""x5"", ""x6"", ""x7""]","[[-0.02891171112604372, 209.4237090862422, -406.3034565485078, 378.6700938759277, -330.4578363219484, 240.01328721266557, -137.75776348246063, 56.825071436896415, -11.723461615413989], [0.027315941712827543, 44.30246000153768, 75.23251354281498, -181.85148563793643, 104.6964408833425, -67.12997040464866, 36.549521841425836, -14.794369563687084, 3.1979697753723513], [0.01732858597857157, -7.532997731054859, 67.63631546482581, 35.25445625494032, -131.50216081551267, 54.31749842316466, -26.139017438461597, 10.0546435006879, -2.176307418627273], [-0.005141081179625579, 3.309074861138062, -18.113641653985077, 86.37248473119529, 10.700347224304686, -105.76958557460254, 32.218213501982476, -10.924466579755492, 2.267252810432559], [-0.006118046796285922, -2.265353142478121, 10.913547600496376, -32.193251340200234, 105.7290845176057, -10.652255207604771, -86.4104498077001, 18.130385590935433, -3.313078879422897], [-0.027022035132581806, 2.1820659736926373, -10.076770007731678, 26.18171720798323, -54.3688042184214, 131.54694923539802, -35.287862218929575, -67.61429374472418, 7.524389995001276], [0.006090526948300219, -3.1938809805983532, 14.775840769222809, -36.50457372985431, 67.06835844483562, -104.63477255873899, 181.80313537886016, -75.20734520420295, -44.30821711144347], [-0.05533651314845471, 11.709345170152389, -56.76535891468717, 137.63229036702066, -239.84736270801523, 330.30431675672867, -378.5812866294539, 406.28792544498816, -209.43222297585075]]",(x0)' = -0.029 1 +  209.424 x0 + -406.303 x1 +  378.670 x2 + -330.458 x3 +  240.013 x4 + -137.758 x5 +  56.825 x6 + -11.723 x7 | (x1)' =  0.027 1 +  44.302 x0 +  75.233 x1 + -181.851 x2 +  104.696 x3 + -67.130 x4 +  36.550 x5 + -14.794 x6 +  3.198 x7 | (x2)' =  0.017 1 + -7.533 x0 +  67.636 x1 +  35.254 x2 + -131.502 x3 +  54.317 x4 + -26.139 x5 +  10.055 x6 + -2.176 x7 | (x3)' = -0.005 1 +  3.309 x0 + -18.114 x1 +  86.372 x2 +  10.700 x3 + -105.770 x4 +  32.218 x5 + -10.924 x6 +  2.267 x7 | (x4)' = -0.006 1 + -2.265 x0 +  10.914 x1 + -32.193 x2 +  105.729 x3 + -10.652 x4 + -86.410 x5 +  18.130 x6 + -3.313 x7 | (x5)' = -0.027 1 +  2.182 x0 + -10.077 x1 +  26.182 x2 + -54.369 x3 +  131.547 x4 + -35.288 x5 + -67.614 x6 +  7.524 x7 | (x6)' =  0.006 1 + -3.194 x0 +  14.776 x1 + -36.505 x2 +  67.068 x3 + -104.635 x4 +  181.803 x5 + -75.207 x6 + -44.308 x7 | (x7)' = -0.055 1 +  11.709 x0 + -56.765 x1 +  137.632 x2 + -239.847 x3 +  330.304 x4 + -378.581 x5 +  406.288 x6 + -209.432 x7
32,35.0,1,8,2,8.0,56.0,5,20.0,smoothed_finite_difference_savgol_order_3,success,,72,0.4041572380810976,"[""1"", ""x0"", ""x1"", ""x2"", ""x3"", ""x4"", ""x5"", ""x6"", ""x7""]","[[-0.028027284049137152, 213.02972793871828, -417.74196145625615, 397.7491040121827, -352.33552588051185, 258.5004567451729, -149.22721046648482, 61.651074798796145, -12.856038286663965], [0.0284469927245047, 43.69190318543128, 77.14526080772762, -184.97395138401507, 108.1685052614536, -69.93911922006116, 38.18596223862651, -15.417860572525314, 3.3268011419983194], [0.01923526112479365, -7.296992536154685, 66.90989731644646, 36.399636468416844, -132.7015811507722, 55.19095789959835, -26.557718818746373, 10.15568746912627, -2.1798119742308355], [-0.004999865131965027, 3.187615322277908, -17.763760770891736, 85.87919371348109, 11.130334747777477, -105.97084200537319, 32.19453476744876, -10.819915065722716, 2.2166546787133026], [-0.006060844819727742, -2.211234191974895, 10.795729342233585, -32.14212870362457, 105.89187209796212, -11.045042235742208, -85.94201289904306, 17.791607605601964, -3.194375735897051], [-0.029595654559706728, 2.191131685541373, -10.198632104343286, 26.641853984672323, -55.298328592965476, 132.8008705140416, -36.47145623771511, -66.8686509577539, 7.282970224331071], [0.004504271569954058, -3.323465416234723, 15.401516935580506, -38.14346655030517, 69.87793979366296, -108.10245421480424, 184.9175707086525, -77.11314816392029, -43.700385075518184], [-0.04851440109690373, 12.83640166770098, -61.56991917998774, 149.05909639601106, -258.2786718107279, 352.1296070074516, -397.6234915819352, 417.70625299912865, -213.03114163849656]]",(x0)' = -0.028 1 +  213.030 x0 + -417.742 x1 +  397.749 x2 + -352.336 x3 +  258.500 x4 + -149.227 x5 +  61.651 x6 + -12.856 x7 | (x1)' =  0.028 1 +  43.692 x0 +  77.145 x1 + -184.974 x2 +  108.169 x3 + -69.939 x4 +  38.186 x5 + -15.418 x6 +  3.327 x7 | (x2)' =  0.019 1 + -7.297 x0 +  66.910 x1 +  36.400 x2 + -132.702 x3 +  55.191 x4 + -26.558 x5 +  10.156 x6 + -2.180 x7 | (x3)' = -0.005 1 +  3.188 x0 + -17.764 x1 +  85.879 x2 +  11.130 x3 + -105.971 x4 +  32.195 x5 + -10.820 x6 +  2.217 x7 | (x4)' = -0.006 1 + -2.211 x0 +  10.796 x1 + -32.142 x2 +  105.892 x3 + -11.045 x4 + -85.942 x5 +  17.792 x6 + -3.194 x7 | (x5)' = -0.030 1 +  2.191 x0 + -10.199 x1 +  26.642 x2 + -55.298 x3 +  132.801 x4 + -36.471 x5 + -66.869 x6 +  7.283 x7 | (x6)' =  0.005 1 + -3.323 x0 +  15.402 x1 + -38.143 x2 +  69.878 x3 + -108.102 x4 +  184.918 x5 + -77.113 x6 + -43.700 x7 | (x7)' = -0.049 1 +  12.836 x0 + -61.570 x1 +  149.059 x2 + -258.279 x3 +  352.130 x4 + -397.623 x5 +  417.706 x6 + -213.031 x7
33,35.0,1,8,2,8.0,56.0,9,36.0,smoothed_finite_difference_savgol_order_3,success,,72,0.4055781699717045,"[""1"", ""x0"", ""x1"", ""x2"", ""x3"", ""x4"", ""x5"", ""x6"", ""x7""]","[[0.0032841071034187866, 239.96259625480957, -507.92332920201045, 553.2782950262938, -531.835941371882, 406.48204238281204, -235.42717985533008, 94.00116459257357, -19.218979591449514], [0.09512516389468857, 39.83692535551281, 89.65231306811702, -205.56996977267312, 130.56123766129213, -86.94493162799489, 46.88060748706837, -17.931523766618984, 3.6079551371110457], [0.031953954087735895, -5.882423426975778, 62.41474792590319, 43.38068872896199, -139.35085988667754, 58.93925227111851, -27.29553820480072, 9.606495933295422, -1.8470920005247375], [-0.046638029441484825, 2.437330294055532, -15.557243183472153, 82.87191006926885, 13.345150924077592, -106.27578532877072, 30.998453176320282, -9.515611359556715, 1.7143643301546787], [-0.005047625823798436, -1.9001361078603742, 10.145100538134951, -32.01216573559968, 107.19094429629517, -13.740884412693022, -82.90266612807523, 15.665059063468066, -2.4716250668710926], [-0.041582773470639954, 1.8877898993895812, -9.761222968788754, 27.458376622449357, -58.75620551698223, 138.6625016186877, -42.54084870126166, -62.950445484863494, 6.037799637220246], [-0.03581764104750663, -3.4534406269173896, 17.355476206800915, -45.85002300873911, 85.85478625905206, -129.84028822886773, 205.27223757290977, -89.57130395409277, -39.85488048979293], [0.024603067359516253, 19.2755556777835, -94.21205150416982, 235.8995386335443, -407.2992385915275, 532.9308495804055, -554.3181468013114, 508.54684402456655, -240.14308944124625]]",(x0)' =  0.003 1 +  239.963 x0 + -507.923 x1 +  553.278 x2 + -531.836 x3 +  406.482 x4 + -235.427 x5 +  94.001 x6 + -19.219 x7 | (x1)' =  0.095 1 +  39.837 x0 +  89.652 x1 + -205.570 x2 +  130.561 x3 + -86.945 x4 +  46.881 x5 + -17.932 x6 +  3.608 x7 | (x2)' =  0.032 1 + -5.882 x0 +  62.415 x1 +  43.381 x2 + -139.351 x3 +  58.939 x4 + -27.296 x5 +  9.606 x6 + -1.847 x7 | (x3)' = -0.047 1 +  2.437 x0 + -15.557 x1 +  82.872 x2 +  13.345 x3 + -106.276 x4 +  30.998 x5 + -9.516 x6 +  1.714 x7 | (x4)' = -0.005 1 + -1.900 x0 +  10.145 x1 + -32.012 x2 +  107.191 x3 + -13.741 x4 + -82.903 x5 +  15.665 x6 + -2.472 x7 | (x5)' = -0.042 1 +  1.888 x0 + -9.761 x1 +  27.458 x2 + -58.756 x3 +  138.663 x4 + -42.541 x5 + -62.950 x6 +  6.038 x7 | (x6)' = -0.036 1 + -3.453 x0 +  17.355 x1 + -45.850 x2 +  85.855 x3 + -129.840 x4 +  205.272 x5 + -89.571 x6 + -39.855 x7 | (x7)' =  0.025 1 +  19.276 x0 + -94.212 x1 +  235.900 x2 + -407.299 x3 +  532.931 x4 + -554.318 x5 +  508.547 x6 + -240.143 x7
34,35.0,1,8,5,20.0,140.0,0,0.0,finite_difference,success,,72,0.3839737009257078,"[""1"", ""x0"", ""x1"", ""x2"", ""x3"", ""x4"", ""x5"", ""x6"", ""x7""]","[[-0.16682145439270588, 20.142925464631563, -46.88939432213843, 14.864899248304534, 0.6592124907080628, 5.7591417087814945, -2.11527918615727, 0.6945916640805226, 1.0873345250161297], [-0.12352463169000046, 35.12611337675225, 1.7394210836606065, -41.79668347904638, 10.610254105802703, -5.06103677039587, 2.026808211525963, -1.0868531429052528, 0.08053550176296394], [0.14573402434611726, -10.010846061736355, 40.40129020388242, 0.26539642089853144, -40.53424748518409, 12.310489410594627, -3.9659715558869117, 1.6774110042434272, -0.7054168044304165], [-0.10294523148731272, 3.06114896055117, -11.665642309210341, 40.88806557803369, -0.2017842129661966, -41.164207285956856, 11.900110750338078, -3.7667720848516235, 1.209301285687219], [0.06952404133653362, -1.1829752179957702, 3.7375132485986033, -11.88735241487221, 41.170594022709835, 0.19613000023697136, -40.89344032049021, 11.700185788383145, -3.1067580493261167], [-0.010347904196953944, 0.6940804362582182, -1.6607577644074427, 3.9539759813571287, -12.320140226188702, 40.54971405606927, -0.2751190376461983, -40.43099049109904, 10.064909634012698], [-0.047205118765379264, -0.07227941926832362, 1.0787156965852474, -2.026356826078046, 5.086212338260988, -10.664116815415627, 41.850628268512565, -1.7499451943122148, -35.154333289794856], [0.004691223940431979, -1.0937366162414595, -0.6899514086110806, 2.1460569347873912, -5.801805800462948, -0.550530582911525, -14.999551100721712, 46.96348970170132, -20.178953553253187]]",(x0)' = -0.167 1 +  20.143 x0 + -46.889 x1 +  14.865 x2 +  0.659 x3 +  5.759 x4 + -2.115 x5 +  0.695 x6 +  1.087 x7 | (x1)' = -0.124 1 +  35.126 x0 +  1.739 x1 + -41.797 x2 +  10.610 x3 + -5.061 x4 +  2.027 x5 + -1.087 x6 +  0.081 x7 | (x2)' =  0.146 1 + -10.011 x0 +  40.401 x1 +  0.265 x2 + -40.534 x3 +  12.310 x4 + -3.966 x5 +  1.677 x6 + -0.705 x7 | (x3)' = -0.103 1 +  3.061 x0 + -11.666 x1 +  40.888 x2 + -0.202 x3 + -41.164 x4 +  11.900 x5 + -3.767 x6 +  1.209 x7 | (x4)' =  0.070 1 + -1.183 x0 +  3.738 x1 + -11.887 x2 +  41.171 x3 +  0.196 x4 + -40.893 x5 +  11.700 x6 + -3.107 x7 | (x5)' = -0.010 1 +  0.694 x0 + -1.661 x1 +  3.954 x2 + -12.320 x3 +  40.550 x4 + -0.275 x5 + -40.431 x6 +  10.065 x7 | (x6)' = -0.047 1 + -0.072 x0 +  1.079 x1 + -2.026 x2 +  5.086 x3 + -10.664 x4 +  41.851 x5 + -1.750 x6 + -35.154 x7 | (x7)' =  0.005 1 + -1.094 x0 + -0.690 x1 +  2.146 x2 + -5.802 x3 + -0.551 x4 + -15.000 x5 +  46.963 x6 + -20.179 x7
35,35.0,1,8,5,20.0,140.0,5,20.0,smoothed_finite_difference_savgol_order_3,success,,72,0.41345669981092215,"[""1"", ""x0"", ""x1"", ""x2"", ""x3"", ""x4"", ""x5"", ""x6"", ""x7""]","[[-0.1735144683037552, 20.47639582947792, -47.417749728110714, 15.310612762283967, 0.37448218819559853, 5.848931859500298, -2.15018930892171, 0.7227380378255248, 1.063520158624966], [-0.12407985202260698, 35.19711622131498, 1.845650374728354, -42.12668289032977, 10.945571534790258, -5.303570603939391, 2.1162010798729667, -1.1001168361981744, 0.08215212288748232], [0.14171817270365272, -10.220284781982691, 40.63717560528605, 0.28622757482886274, -40.80910015828487, 12.663355125253048, -4.1867720038502085, 1.7526855581968446, -0.7055806868978446], [-0.09825825253769475, 3.2279044931546106, -11.980097748553218, 41.165397743584286, -0.21044495389590348, -41.460352250616346, 12.232851732959942, -3.9757176197128024, 1.2736994220081375], [0.07082568701353227, -1.2475317227319047, 3.9469264176562713, -12.219718252177058, 41.46650349705834, 0.2047119013653335, -41.17062740408515, 12.012793500595428, -3.271753834895151], [-0.012194770013729865, 0.6936328204692049, -1.7356944423430525, 4.174534055819094, -12.672527909266691, 40.824560231972505, -0.29620997206170874, -40.665416461509125, 10.27236065650537], [-0.04619584604895528, -0.07352330552253963, 1.0915184936016409, -2.1154940177398704, 5.328251673332878, -10.998915760304705, 42.180351565227824, -1.856403845510323, -35.22433121704586], [0.009381941185890573, -1.0702449673689873, -0.7171775897172169, 2.1809889597339898, -5.8924060400280505, -0.26536735937620143, -15.44504303344699, 47.49067346429372, -20.511429217911946]]",(x0)' = -0.174 1 +  20.476 x0 + -47.418 x1 +  15.311 x2 +  0.374 x3 +  5.849 x4 + -2.150 x5 +  0.723 x6 +  1.064 x7 | (x1)' = -0.124 1 +  35.197 x0 +  1.846 x1 + -42.127 x2 +  10.946 x3 + -5.304 x4 +  2.116 x5 + -1.100 x6 +  0.082 x7 | (x2)' =  0.142 1 + -10.220 x0 +  40.637 x1 +  0.286 x2 + -40.809 x3 +  12.663 x4 + -4.187 x5 +  1.753 x6 + -0.706 x7 | (x3)' = -0.098 1 +  3.228 x0 + -11.980 x1 +  41.165 x2 + -0.210 x3 + -41.460 x4 +  12.233 x5 + -3.976 x6 +  1.274 x7 | (x4)' =  0.071 1 + -1.248 x0 +  3.947 x1 + -12.220 x2 +  41.467 x3 +  0.205 x4 + -41.171 x5 +  12.013 x6 + -3.272 x7 | (x5)' = -0.012 1 +  0.694 x0 + -1.736 x1 +  4.175 x2 + -12.673 x3 +  40.825 x4 + -0.296 x5 + -40.665 x6 +  10.272 x7 | (x6)' = -0.046 1 + -0.074 x0 +  1.092 x1 + -2.115 x2 +  5.328 x3 + -10.999 x4 +  42.180 x5 + -1.856 x6 + -35.224 x7 | (x7)' =  0.009 1 + -1.070 x0 + -0.717 x1 +  2.181 x2 + -5.892 x3 + -0.265 x4 + -15.445 x5 +  47.491 x6 + -20.511 x7
36,35.0,1,8,5,20.0,140.0,9,36.0,smoothed_finite_difference_savgol_order_3,success,,72,0.41045642644166946,"[""1"", ""x0"", ""x1"", ""x2"", ""x3"", ""x4"", ""x5"", ""x6"", ""x7""]","[[-0.18273030649502978, 24.140270633396447, -52.8926586003236, 20.090908503739954, -2.9983315124953998, 7.1413852663147175, -2.8471862395926064, 1.1667801574107044, 0.7631720571717564], [-0.19157097388210279, 35.30734028880138, 3.2190664342513395, -45.25238087847002, 14.300753364890667, -7.869626054725476, 3.359470583779802, -1.5252059310266048, 0.20864860943558877], [0.16932023757144352, -11.875280939847693, 42.37984081072114, 0.6217028519754121, -43.24823709055388, 16.009376323282158, -6.532360965288595, 2.80437996832057, -0.9223917682243644], [-0.11621361100015822, 4.7936425200125665, -14.781771231529305, 43.476155118772645, -0.2921204688150252, -44.03865297651112, 15.325256813866199, -6.120538594465701, 2.06766717172707], [0.0955108766589051, -2.0468799330603575, 6.102280148864386, -15.314481755075196, 44.04819541968582, 0.28292577455304074, -43.47698325903612, 14.800508721283023, -4.829389486206063], [0.022933754497253083, 0.9049838262643451, -2.78292764980787, 6.51003401986895, -16.00446966798235, 43.25843585772924, -0.6307620536039863, -42.40333984992506, 11.922451132952549], [-0.03236838439011014, -0.1883092970265382, 1.5036877346626314, -3.3478922774061295, 7.884745619481145, -14.357164625396694, 45.30866628839376, -3.2359631697759172, -35.329350540299764], [0.08550924746697684, -0.7747950615380136, -1.15196237322523, 2.88056617512077, -7.1993355109512995, 3.1207912963246405, -20.22672160238413, 52.96459897834427, -24.174220075088414]]",(x0)' = -0.183 1 +  24.140 x0 + -52.893 x1 +  20.091 x2 + -2.998 x3 +  7.141 x4 + -2.847 x5 +  1.167 x6 +  0.763 x7 | (x1)' = -0.192 1 +  35.307 x0 +  3.219 x1 + -45.252 x2 +  14.301 x3 + -7.870 x4 +  3.359 x5 + -1.525 x6 +  0.209 x7 | (x2)' =  0.169 1 + -11.875 x0 +  42.380 x1 +  0.622 x2 + -43.248 x3 +  16.009 x4 + -6.532 x5 +  2.804 x6 + -0.922 x7 | (x3)' = -0.116 1 +  4.794 x0 + -14.782 x1 +  43.476 x2 + -0.292 x3 + -44.039 x4 +  15.325 x5 + -6.121 x6 +  2.068 x7 | (x4)' =  0.096 1 + -2.047 x0 +  6.102 x1 + -15.314 x2 +  44.048 x3 +  0.283 x4 + -43.477 x5 +  14.801 x6 + -4.829 x7 | (x5)' =  0.023 1 +  0.905 x0 + -2.783 x1 +  6.510 x2 + -16.004 x3 +  43.258 x4 + -0.631 x5 + -42.403 x6 +  11.922 x7 | (x6)' = -0.032 1 + -0.188 x0 +  1.504 x1 + -3.348 x2 +  7.885 x3 + -14.357 x4 +  45.309 x5 + -3.236 x6 + -35.329 x7 | (x7)' =  0.086 1 + -0.775 x0 + -1.152 x1 +  2.881 x2 + -7.199 x3 +  3.121 x4 + -20.227 x5 +  52.965 x6 + -24.174 x7
