time_s,corr_median,corr_q25,corr_q75,amp_median,conc_sim_median,conc_measured_median
0.25,0.0319,-0.09831,0.221,1.104,0.5897,0.2442
0.35,0.04792,-0.07366,0.1024,1.079,0.5899,0.2843
0.45,-0.07204,-0.239,0.1167,1.138,0.5821,0.3143
0.55,0.009684,-0.1982,0.2376,1.494,0.5856,0.2032
0.65,-0.01886,-0.1057,0.0547,1.495,0.5767,0.2378
0.75,-0.06661,-0.12,0.09199,1.424,0.5804,0.306
0.85,-0.01219,-0.04514,0.05118,1.312,0.5836,0.2442
0.95,0.003025,-0.06862,0.08678,1.393,0.5848,0.2491
1.05,0.1397,0.07792,0.1702,1.36,0.5947,0.2543
1.15,0.1275,0.09599,0.1695,1.253,0.5931,0.2339
1.25,0.08226,0.002564,0.2245,1.385,0.5936,0.2304
1.35,0.1555,0.05611,0.3041,1.56,0.5964,0.2814
1.45,0.05109,-0.09232,0.2528,1.239,0.5897,0.24
1.55,0.07806,0.005335,0.1363,1.2,0.5882,0.3167
1.65,0.1126,-0.07981,0.214,1.057,0.5933,0.3016
1.75,0.05631,-0.08398,0.1557,1.083,0.5876,0.3104
1.85,0.0736,0.03181,0.1743,1.158,0.59,0.273
1.95,0.1314,0.1046,0.169,1.198,0.594,0.315
2.05,0.1047,0.02942,0.1324,1.346,0.5879,0.2945
2.15,-0.08269,-0.1888,0.04524,1.322,0.5847,0.3161
2.25,-0.000679,-0.2398,0.1232,1.296,0.5888,0.3367
2.35,-0.04676,-0.1577,0.00181,1.108,0.5837,0.3573
2.45,-0.08333,-0.1942,0.08298,1.111,0.5782,0.3441
2.55,-0.04544,-0.1845,0.02572,1.156,0.5829,0.2908
2.65,0.05738,-0.04885,0.1959,1.192,0.5749,0.3209
2.75,0.00768,-0.1679,0.1262,1.283,0.5669,0.306
2.85,0.02184,-0.09135,0.1414,1.318,0.5734,0.3357
2.95,0.02107,-0.09354,0.136,1.379,0.5869,0.3042
3.05,0.06765,-0.06654,0.1522,1.377,0.5975,0.3395
3.15,0.05838,0.004445,0.1736,1.399,0.5926,0.2487
3.25,0.0838,0.03432,0.1248,1.636,0.5963,0.2242
3.35,0.1129,-0.03504,0.1509,1.611,0.5941,0.2394
3.45,0.1776,0.07302,0.2755,1.522,0.5886,0.331
3.55,0.0627,0.03841,0.1356,1.387,0.5968,0.3054
3.65,0.06402,-0.007482,0.1828,1.563,0.5945,0.2435
3.75,0.06009,-0.04569,0.1641,1.462,0.5902,0.285
3.85,0.09933,0.04665,0.156,1.499,0.5861,0.2852
3.95,-0.03321,-0.1105,0.09132,1.523,0.5828,0.2869
4.05,0.05473,-0.05414,0.0859,1.775,0.5845,0.2691
4.15,0.0778,-0.02318,0.1713,1.717,0.5882,0.2835
4.25,0.181,0.004519,0.255,1.513,0.5931,0.2613
4.35,0.07533,-0.08971,0.1946,1.594,0.5975,0.2868
4.45,0.2049,0.03958,0.2578,1.727,0.5695,0.2882
4.55,0.1696,0.07548,0.2849,1.761,0.567,0.2959
4.65,0.1238,0.08571,0.1992,1.596,0.5532,0.2971
4.75,0.1839,0.1315,0.2423,1.69,0.5628,0.339
4.85,0.09384,0.02584,0.249,1.808,0.5691,0.2361
4.95,-0.004506,-0.03995,0.07826,1.865,0.5718,0.2651
5.05,0.07391,0.03744,0.163,2.287,0.5699,0.3043
5.15,-0.01712,-0.139,0.03076,2.296,0.5725,0.2331
5.25,-0.08227,-0.1519,-0.04787,1.866,0.5796,0.2242
5.35,-0.06453,-0.1486,0.001822,1.75,0.5853,0.2321
5.45,-0.1547,-0.2031,-0.1115,1.568,0.589,0.256
5.55,-0.1304,-0.2236,-0.03585,1.527,0.5958,0.3168
5.65,-0.1334,-0.1987,-0.03305,1.96,0.5921,0.302
5.75,-0.1535,-0.2235,-0.01285,2.013,0.5924,0.266
5.85,0.03114,-0.1159,0.1256,1.841,0.5974,0.2826
5.95,-0.02778,-0.1703,0.04268,1.771,0.5912,0.2549
6.05,0.06878,0.004515,0.1365,1.816,0.5957,0.2577
6.15,-0.01344,-0.08382,0.2015,1.684,0.5929,0.2392
6.25,0.02729,-0.01808,0.1315,1.853,0.5948,0.2264
6.35,0.06044,-0.09027,0.2312,1.773,0.5991,0.2529
6.45,0.07585,-0.000804,0.3384,1.892,0.5925,0.2674
6.55,-0.0006181,-0.04972,0.1233,1.716,0.5957,0.2671
6.65,0.14,0.07508,0.201,1.66,0.5956,0.2522
6.75,-0.004614,-0.1068,0.2205,1.652,0.5996,0.3406
6.85,0.06154,-0.01857,0.1477,1.565,0.604,0.31
6.95,0.03686,-0.1123,0.1651,1.611,0.5976,0.2849
7.05,0.05423,-0.08759,0.2014,1.7,0.6005,0.2894
7.15,-0.01165,-0.1393,0.07737,1.691,0.5972,0.2742
7.25,0.04725,-0.1026,0.231,1.442,0.6018,0.2909
7.35,0.07956,-0.04322,0.1488,1.565,0.6031,0.2998
7.45,0.06054,-0.008395,0.1515,1.52,0.6044,0.3042
7.55,0.1494,0.07244,0.1657,1.522,0.6056,0.3035
7.65,0.1188,0.02397,0.1697,1.611,0.5992,0.2801
7.75,-0.003405,-0.1043,0.1105,1.694,0.6029,0.2378
7.85,0.01532,-0.03789,0.2315,1.674,0.6036,0.2818
7.95,0.02797,-0.08997,0.1379,1.525,0.5995,0.3049
8.05,-0.07266,-0.126,0.07728,1.523,0.6031,0.2704
8.15,0.0238,-0.07538,0.1317,1.639,0.6024,0.2627
8.25,-0.06967,-0.1725,0.1053,1.607,0.6007,0.2703
8.35,-0.1248,-0.2026,0.03682,1.421,0.6032,0.3133
8.45,-0.09187,-0.2776,0.1919,1.234,0.5972,0.3115
8.55,0.02071,-0.1206,0.2165,1.162,0.5991,0.2723
8.65,-0.1242,-0.2134,0.2133,1.188,0.6035,0.2787
8.75,-0.003929,-0.1638,0.1081,1.182,0.6007,0.2831
8.85,-0.03682,-0.0867,0.009855,1.18,0.6071,0.2785
8.95,-0.04293,-0.2165,0.08471,1.04,0.6031,0.2723
9.05,-0.05663,-0.1652,-0.02677,1.055,0.6062,0.3069
9.15,-0.01167,-0.1278,0.06366,1.086,0.6025,0.3946
9.25,-0.1414,-0.2218,-0.05105,1.091,0.6004,0.3562
9.35,-0.02905,-0.1539,0.1335,1.252,0.6058,0.2938
9.45,0.01912,-0.1038,0.1125,1.302,0.6038,0.2256
9.55,-0.06873,-0.09781,0.04075,1.236,0.6023,0.257
9.65,0.001249,-0.1236,0.09381,1.113,0.604,0.2601
9.75,-0.005738,-0.06721,0.1512,1.198,0.6034,0.3233
9.85,0.08544,-0.08923,0.1911,1.341,0.5996,0.2661
9.95,0.007861,-0.07238,0.07246,1.049,0.5965,0.2871
10.05,0.01485,-0.07282,0.07178,1.237,0.5954,0.2275
10.15,-0.07148,-0.104,0.05073,1.383,0.5963,0.2856
10.25,-0.1074,-0.1685,-0.005671,1.423,0.5958,0.3234
10.35,0.0402,-0.1164,0.05731,1.413,0.5946,0.3396
10.45,-0.01004,-0.1181,0.1009,1.499,0.5954,0.3073
10.55,-0.06822,-0.1599,0.06868,1.737,0.5954,0.1968
10.65,0.07573,-0.1226,0.111,1.628,0.5906,0.2432
10.75,0.02933,-0.03513,0.1302,1.515,0.5933,0.2464
10.85,0.0408,-0.05148,0.08705,1.485,0.5976,0.2659
10.95,0.136,0.07936,0.2335,1.6,0.5919,0.2945
11.05,0.2093,0.1742,0.2664,1.367,0.5935,0.2853
11.15,0.113,0.01687,0.1649,1.087,0.6016,0.3145
11.25,0.08021,0.04076,0.15,1.083,0.5937,0.4138
11.35,0.1196,0.0931,0.2415,1.199,0.5947,0.2992
11.45,0.05472,-0.0478,0.2172,1.632,0.5972,0.2702
11.55,0.06525,-0.06265,0.1668,1.747,0.5871,0.244
11.65,0.1168,-0.09669,0.2125,1.907,0.5892,0.2758
11.75,0.04664,-0.03194,0.07429,1.751,0.5941,0.2703
11.85,0.01435,-0.08399,0.2012,1.786,0.5856,0.2468
11.95,-0.02548,-0.1861,0.04637,1.32,0.5933,0.2286
12.05,-0.007622,-0.08603,0.146,1.357,0.5946,0.2577
12.15,-0.07101,-0.1536,0.1335,1.257,0.59,0.277
12.25,0.03893,-0.2127,0.2221,1.282,0.5916,0.2899
12.35,-0.07654,-0.1083,0.1296,1.158,0.5952,0.2558
12.45,-0.0645,-0.147,0.0695,1.245,0.591,0.3262
12.55,-0.06528,-0.1335,-0.04718,1.323,0.5951,0.2867
12.65,-0.1012,-0.1272,0.1158,1.334,0.5966,0.3539
12.75,-0.05108,-0.1707,0.04947,1.405,0.5938,0.3021
12.85,-0.03308,-0.1705,0.0924,1.597,0.5992,0.304
12.95,0.0635,-0.111,0.1277,1.761,0.5999,0.2668
13.05,-0.02066,-0.1807,0.1265,2.074,0.5909,0.2994
13.15,-0.08832,-0.1702,-0.005514,2.246,0.5962,0.3018
13.25,-0.2037,-0.238,-0.05811,1.985,0.5997,0.2355
13.35,0.02944,-0.04957,0.08061,1.863,0.5926,0.2919
13.45,0.008347,-0.05318,0.04954,1.946,0.596,0.3487
13.55,-0.08057,-0.129,0.02528,1.674,0.5906,0.3169
13.65,-0.04343,-0.1738,0.1296,1.727,0.5966,0.4156
13.75,-0.06182,-0.111,0.0423,1.745,0.6008,0.3138
