configuration_index,degree,lowpass_hz,n_delays,delay_samples,smooth_window_samples,alpha,threshold,max_iter,trial_id,completed,failure_reason,reached_horizon_s,trajectory_rmse,x0_correlation,max_amplitude_ratio,collapse_std_ratio,psd_similarity,distribution_ks
46,3,35.0,4,1,0,0.05,1.0,20,4,True,,2.0,0.7140157387321013,-0.0136031706185967,0.3643623880476886,0.5466330611131436,0.1461963920241158,0.1836327345309381
46,3,35.0,4,1,0,0.05,1.0,150,4,True,,2.0,0.7140157387321013,-0.0136031706185967,0.3643623880476886,0.5466330611131436,0.1461963920241158,0.1836327345309381
46,3,35.0,4,1,0,0.0,1.0,20,4,True,,2.0,0.6880523695247605,0.0383560256275157,0.3196191149737046,0.4846913529889384,0.1400425318432074,0.1936127744510978
46,3,35.0,4,1,0,0.0,1.0,150,4,True,,2.0,0.6880523695247605,0.0383560256275157,0.3196191149737046,0.4846913529889384,0.1400425318432074,0.1936127744510978
46,3,35.0,4,1,0,0.05,1.0,20,1088,True,,2.0,1.5615140572642388,0.0715574285020669,0.8163721554473368,1.138294033346474,0.197047862835498,0.0938123752495009
46,3,35.0,4,1,0,0.05,1.0,150,1088,True,,2.0,1.5615140572642388,0.0715574285020669,0.8163721554473368,1.138294033346474,0.197047862835498,0.0938123752495009
46,3,35.0,4,1,0,0.0,1.0,20,1088,True,,2.0,1.410373531798683,0.1273412965921466,0.5923743421438634,0.9113632173635492,0.1959113769143117,0.0678642714570858
46,3,35.0,4,1,0,0.0,1.0,150,1088,True,,2.0,1.410373531798683,0.1273412965921466,0.5923743421438634,0.9113632173635492,0.1959113769143117,0.0678642714570858
46,3,35.0,4,1,0,0.05,1.0,20,622,True,,2.0,1.430441144587647,0.0013369314691748,0.776400447040051,0.8809551215544119,0.0099683705525084,0.1297405189620758
46,3,35.0,4,1,0,0.05,1.0,150,622,True,,2.0,1.430441144587647,0.0013369314691748,0.776400447040051,0.8809551215544119,0.0099683705525084,0.1297405189620758
46,3,35.0,4,1,0,0.0,1.0,20,622,True,,2.0,1.3767545566193145,-0.0222363415507062,0.7491109323444464,0.7223771290083426,0.011544558131884,0.0958083832335329
46,3,35.0,4,1,0,0.0,1.0,150,622,True,,2.0,1.3767545566193145,-0.0222363415507062,0.7491109323444464,0.7223771290083426,0.011544558131884,0.0958083832335329
46,3,35.0,4,1,0,0.05,1.0,20,620,True,,2.0,1.0063693942479346,-0.0157972450194125,0.2944005390788773,0.3630310937403674,0.0039708901126761,0.437125748502994
46,3,35.0,4,1,0,0.05,1.0,150,620,True,,2.0,1.0063693942479346,-0.0157972450194125,0.2944005390788773,0.3630310937403674,0.0039708901126761,0.437125748502994
46,3,35.0,4,1,0,0.0,1.0,20,620,True,,2.0,0.9973039828806703,-0.0136311855288546,0.2848105669884461,0.334882777945505,0.0050691782823379,0.4451097804391217
46,3,35.0,4,1,0,0.0,1.0,150,620,True,,2.0,0.9973039828806703,-0.0136311855288546,0.2848105669884461,0.334882777945505,0.0050691782823379,0.4451097804391217
46,3,35.0,4,1,0,0.05,1.0,20,2,True,,2.0,1.566169821563256,-0.035063805978433,0.7911851895512682,0.699155315144048,0.0138290012870843,0.1157684630738523
46,3,35.0,4,1,0,0.05,1.0,150,2,True,,2.0,1.566169821563256,-0.035063805978433,0.7911851895512682,0.699155315144048,0.0138290012870843,0.1157684630738523
46,3,35.0,4,1,0,0.0,1.0,20,2,True,,2.0,1.521714772009358,-0.0411622025329066,0.7787712495584285,0.5936746464579591,0.0127386603912349,0.1516966067864271
46,3,35.0,4,1,0,0.0,1.0,150,2,True,,2.0,1.521714772009358,-0.0411622025329066,0.7787712495584285,0.5936746464579591,0.0127386603912349,0.1516966067864271
46,3,35.0,4,1,0,0.05,1.0,20,3,True,,2.0,1.0521263135697383,0.1268480235350253,0.8795142589215988,1.2226118597183309,0.170001174592695,0.2115768463073852
46,3,35.0,4,1,0,0.05,1.0,150,3,True,,2.0,1.0521263135697383,0.1268480235350253,0.8795142589215988,1.2226118597183309,0.170001174592695,0.2115768463073852
46,3,35.0,4,1,0,0.0,1.0,20,3,True,,2.0,1.0126090802249583,0.0911926577790406,0.8656442379618545,1.0475303630070318,0.1736473694592536,0.1976047904191616
46,3,35.0,4,1,0,0.0,1.0,150,3,True,,2.0,1.0126090802249583,0.0911926577790406,0.8656442379618545,1.0475303630070318,0.1736473694592536,0.1976047904191616
46,3,35.0,4,1,0,0.05,1.0,20,1244,True,,2.0,1.5016160135951913,0.1619614585737218,0.6941088109833822,1.256416265004236,0.2741338396795606,0.2355289421157684
46,3,35.0,4,1,0,0.05,1.0,150,1244,True,,2.0,1.5016160135951913,0.1619614585737218,0.6941088109833822,1.256416265004236,0.2741338396795606,0.2355289421157684
46,3,35.0,4,1,0,0.0,1.0,20,1244,True,,2.0,1.3775484181858642,0.1555901337174572,0.6731291967080761,0.9737196931946384,0.2743135070323453,0.2055888223552894
46,3,35.0,4,1,0,0.0,1.0,150,1244,True,,2.0,1.3775484181858642,0.1555901337174572,0.6731291967080761,0.9737196931946384,0.2743135070323453,0.2055888223552894
46,3,35.0,4,1,0,0.05,1.0,20,778,True,,2.0,1.369203389540158,-0.0411260634542155,1.0249304105192047,1.378826858851465,0.5147755125041401,0.1776447105788423
46,3,35.0,4,1,0,0.05,1.0,150,778,True,,2.0,1.369203389540158,-0.0411260634542155,1.0249304105192047,1.378826858851465,0.5147755125041401,0.1776447105788423
46,3,35.0,4,1,0,0.0,1.0,20,778,True,,2.0,1.261580878536673,-0.0133264829398559,0.8398583585760709,1.1713302993048216,0.513049230535397,0.1477045908183632
46,3,35.0,4,1,0,0.0,1.0,150,778,True,,2.0,1.261580878536673,-0.0133264829398559,0.8398583585760709,1.1713302993048216,0.513049230535397,0.1477045908183632
46,3,35.0,4,1,0,0.05,1.0,20,312,True,,2.0,1.0825030056544491,-0.033403766882408,0.5261488753654547,0.7520263325352262,0.2381285217581512,0.0758483033932135
46,3,35.0,4,1,0,0.05,1.0,150,312,True,,2.0,1.0825030056544491,-0.033403766882408,0.5261488753654547,0.7520263325352262,0.2381285217581512,0.0758483033932135
46,3,35.0,4,1,0,0.0,1.0,20,312,True,,2.0,1.0371528030808406,-0.0003375169513733,0.491779708632313,0.6465744872894995,0.231628381916514,0.0938123752495009
46,3,35.0,4,1,0,0.0,1.0,150,312,True,,2.0,1.0371528030808406,-0.0003375169513733,0.491779708632313,0.6465744872894995,0.231628381916514,0.0938123752495009
47,3,35.0,4,1,5,0.05,1.0,20,4,True,,2.0,0.6790328517592098,0.087169499754668,0.3277703009054548,0.5033742966605944,0.1267353781085387,0.2055888223552894
47,3,35.0,4,1,5,0.05,1.0,150,4,True,,2.0,0.6790328517592098,0.087169499754668,0.3277703009054548,0.5033742966605944,0.1267353781085387,0.2055888223552894
47,3,35.0,4,1,5,0.0,1.0,20,4,True,,2.0,0.6743461549160114,0.0921600942990812,0.3085363317631275,0.4848955275795469,0.1307374758856076,0.1996007984031936
47,3,35.0,4,1,5,0.0,1.0,150,4,True,,2.0,0.6743461549160114,0.0921600942990812,0.3085363317631275,0.4848955275795469,0.1307374758856076,0.1996007984031936
47,3,35.0,4,1,5,0.05,1.0,20,1088,True,,2.0,1.4984033993537174,0.1346912632216178,0.6706092445414941,1.0725516844468914,0.1946893938108755,0.0978043912175648
47,3,35.0,4,1,5,0.05,1.0,150,1088,True,,2.0,1.4984033993537174,0.1346912632216178,0.6706092445414941,1.0725516844468914,0.1946893938108755,0.0978043912175648
47,3,35.0,4,1,5,0.0,1.0,20,1088,True,,2.0,1.4130460244219316,0.1289164083715506,0.6015914710702274,0.912537164849238,0.1951584326049663,0.0638722554890219
47,3,35.0,4,1,5,0.0,1.0,150,1088,True,,2.0,1.4130460244219316,0.1289164083715506,0.6015914710702274,0.912537164849238,0.1951584326049663,0.0638722554890219
47,3,35.0,4,1,5,0.05,1.0,20,622,True,,2.0,1.4056260287118103,-0.0332221875387817,0.7187569700215957,0.7559420615382836,0.0133465323003734,0.1137724550898203
47,3,35.0,4,1,5,0.05,1.0,150,622,True,,2.0,1.4056260287118103,-0.0332221875387817,0.7187569700215957,0.7559420615382836,0.0133465323003734,0.1137724550898203
47,3,35.0,4,1,5,0.0,1.0,20,622,True,,2.0,1.3837819690410174,-0.0310711770050037,0.7555772679482189,0.7158583835773226,0.0131893433138798,0.1037924151696606
47,3,35.0,4,1,5,0.0,1.0,150,622,True,,2.0,1.3837819690410174,-0.0310711770050037,0.7555772679482189,0.7158583835773226,0.0131893433138798,0.1037924151696606
47,3,35.0,4,1,5,0.05,1.0,20,620,True,,2.0,1.0278047950009284,-0.1015574273275996,0.3156751567821373,0.3570836741726418,0.0036007518126496,0.4471057884231537
47,3,35.0,4,1,5,0.05,1.0,150,620,True,,2.0,1.0278047950009284,-0.1015574273275996,0.3156751567821373,0.3570836741726418,0.0036007518126496,0.4471057884231537
47,3,35.0,4,1,5,0.0,1.0,20,620,True,,2.0,1.0170243520405216,-0.0937840667141403,0.2879385746862568,0.3357916759059595,0.0054101253959341,0.4411177644710579
47,3,35.0,4,1,5,0.0,1.0,150,620,True,,2.0,1.0170243520405216,-0.0937840667141403,0.2879385746862568,0.3357916759059595,0.0054101253959341,0.4411177644710579
47,3,35.0,4,1,5,0.05,1.0,20,2,True,,2.0,1.5885386287981431,-0.0507215782255031,0.7974218220144996,0.6874165901609124,0.0120043441049828,0.0958083832335329
47,3,35.0,4,1,5,0.05,1.0,150,2,True,,2.0,1.5885386287981431,-0.0507215782255031,0.7974218220144996,0.6874165901609124,0.0120043441049828,0.0958083832335329
47,3,35.0,4,1,5,0.0,1.0,20,2,True,,2.0,1.5253987594671363,-0.0494533037150749,0.77926406296284,0.5867298990631629,0.0121634278662916,0.1497005988023952
47,3,35.0,4,1,5,0.0,1.0,150,2,True,,2.0,1.5253987594671363,-0.0494533037150749,0.77926406296284,0.5867298990631629,0.0121634278662916,0.1497005988023952
47,3,35.0,4,1,5,0.05,1.0,20,3,True,,2.0,1.0498649884945928,0.0565163937611284,0.8309874726254597,1.0890395344456387,0.1771424325848269,0.1896207584830339
47,3,35.0,4,1,5,0.05,1.0,150,3,True,,2.0,1.0498649884945928,0.0565163937611284,0.8309874726254597,1.0890395344456387,0.1771424325848269,0.1896207584830339
47,3,35.0,4,1,5,0.0,1.0,20,3,True,,2.0,1.0275464187011245,0.0659707599187887,0.8741968482912453,1.0439929073828305,0.1767181513804051,0.1956087824351297
47,3,35.0,4,1,5,0.0,1.0,150,3,True,,2.0,1.0275464187011245,0.0659707599187887,0.8741968482912453,1.0439929073828305,0.1767181513804051,0.1956087824351297
47,3,35.0,4,1,5,0.05,1.0,20,1244,True,,2.0,1.439387305079119,0.1237203651647154,0.6383274544310279,1.046378760540973,0.2780762983350985,0.2375249500998004
47,3,35.0,4,1,5,0.05,1.0,150,1244,True,,2.0,1.439387305079119,0.1237203651647154,0.6383274544310279,1.046378760540973,0.2780762983350985,0.2375249500998004
47,3,35.0,4,1,5,0.0,1.0,20,1244,True,,2.0,1.402096680033425,0.1322295440372351,0.6836031207795732,0.96676061022675,0.2814021467845901,0.2075848303393213
47,3,35.0,4,1,5,0.0,1.0,150,1244,True,,2.0,1.402096680033425,0.1322295440372351,0.6836031207795732,0.96676061022675,0.2814021467845901,0.2075848303393213
47,3,35.0,4,1,5,0.05,1.0,20,778,True,,2.0,1.3146544445719002,0.0173426058950268,0.9186357347309438,1.3073971155290922,0.5106979645595745,0.1676646706586826
47,3,35.0,4,1,5,0.05,1.0,150,778,True,,2.0,1.3146544445719002,0.0173426058950268,0.9186357347309438,1.3073971155290922,0.5106979645595745,0.1676646706586826
47,3,35.0,4,1,5,0.0,1.0,20,778,True,,2.0,1.2572134013826477,0.0117234595953702,0.8304450163821362,1.179108245252284,0.5114596103111281,0.1497005988023952
47,3,35.0,4,1,5,0.0,1.0,150,778,True,,2.0,1.2572134013826477,0.0117234595953702,0.8304450163821362,1.179108245252284,0.5114596103111281,0.1497005988023952
47,3,35.0,4,1,5,0.05,1.0,20,312,True,,2.0,1.020920374613972,0.0122184400746415,0.4755394474539826,0.6390708345979804,0.2290533280869483,0.1117764471057884
47,3,35.0,4,1,5,0.05,1.0,150,312,True,,2.0,1.020920374613972,0.0122184400746415,0.4755394474539826,0.6390708345979804,0.2290533280869483,0.1117764471057884
47,3,35.0,4,1,5,0.0,1.0,20,312,True,,2.0,1.0317771902170108,0.0092835205493074,0.4953063910823398,0.651864213901222,0.2290198052784662,0.0938123752495009
47,3,35.0,4,1,5,0.0,1.0,150,312,True,,2.0,1.0317771902170108,0.0092835205493074,0.4953063910823398,0.651864213901222,0.2290198052784662,0.0938123752495009
49,3,35.0,4,2,0,0.05,1.0,20,4,True,,2.0,0.7691015205270967,0.0254546482884048,0.451276520003975,0.7384794830964454,0.1306252633539866,0.1097804391217564
49,3,35.0,4,2,0,0.05,1.0,150,4,True,,2.0,0.7691015205270967,0.0254546482884048,0.451276520003975,0.7384794830964454,0.1306252633539866,0.1097804391217564
49,3,35.0,4,2,0,0.0,1.0,20,4,True,,2.0,0.7742503947970436,0.0710564413772685,0.5451852481366153,0.8195401856943295,0.1459559047161749,0.1137724550898203
49,3,35.0,4,2,0,0.0,1.0,150,4,True,,2.0,0.7742503947970436,0.0710564413772685,0.5451852481366153,0.8195401856943295,0.1459559047161749,0.1137724550898203
49,3,35.0,4,2,0,0.05,1.0,20,1088,True,,2.0,1.6729516209363628,-0.0467465211450431,0.6533148769399516,0.996843382183952,0.1780436744988926,0.1477045908183632
49,3,35.0,4,2,0,0.05,1.0,150,1088,True,,2.0,1.6729516209363628,-0.0467465211450431,0.6533148769399516,0.996843382183952,0.1780436744988926,0.1477045908183632
49,3,35.0,4,2,0,0.0,1.0,20,1088,True,,2.0,1.6705938441488917,-0.064075410786674,0.6640486913831037,0.993925841141904,0.1804860550761294,0.1177644710578842
49,3,35.0,4,2,0,0.0,1.0,150,1088,True,,2.0,1.6705938441488917,-0.064075410786674,0.6640486913831037,0.993925841141904,0.1804860550761294,0.1177644710578842
49,3,35.0,4,2,0,0.05,1.0,20,622,True,,2.0,1.432167120339239,-0.0235036341315109,0.7142821244793958,1.0433548383536149,0.0369645191711204,0.1516966067864271
49,3,35.0,4,2,0,0.05,1.0,150,622,True,,2.0,1.432167120339239,-0.0235036341315109,0.7142821244793958,1.0433548383536149,0.0369645191711204,0.1516966067864271
49,3,35.0,4,2,0,0.0,1.0,20,622,True,,2.0,1.414942068302782,0.0049683377247428,0.7695140932506449,1.0886057842805656,0.0318948555746974,0.1457085828343313
49,3,35.0,4,2,0,0.0,1.0,150,622,True,,2.0,1.414942068302782,0.0049683377247428,0.7695140932506449,1.0886057842805656,0.0318948555746974,0.1457085828343313
49,3,35.0,4,2,0,0.05,1.0,20,620,True,,2.0,0.9734588333881844,0.12892645358187,0.3154085756386766,0.407285637621064,0.1075294229460443,0.3273453093812375
49,3,35.0,4,2,0,0.05,1.0,150,620,True,,2.0,0.9734588333881844,0.12892645358187,0.3154085756386766,0.407285637621064,0.1075294229460443,0.3273453093812375
49,3,35.0,4,2,0,0.0,1.0,20,620,True,,2.0,0.9916809228987672,0.1020860499291432,0.3435717817450141,0.436198284796618,0.1148144423987403,0.3233532934131736
49,3,35.0,4,2,0,0.0,1.0,150,620,True,,2.0,0.9916809228987672,0.1020860499291432,0.3435717817450141,0.436198284796618,0.1148144423987403,0.3233532934131736
49,3,35.0,4,2,0,0.05,1.0,20,2,True,,2.0,1.6358044586450262,-0.0756425920306068,0.7901727692124144,0.8598214600810572,0.0118315573265977,0.0778443113772455
49,3,35.0,4,2,0,0.05,1.0,150,2,True,,2.0,1.6358044586450262,-0.0756425920306068,0.7901727692124144,0.8598214600810572,0.0118315573265977,0.0778443113772455
49,3,35.0,4,2,0,0.0,1.0,20,2,True,,2.0,1.609917348281206,-0.0330947904161728,0.8501426413414811,0.900932050714042,0.0108086869288504,0.06187624750499
49,3,35.0,4,2,0,0.0,1.0,150,2,True,,2.0,1.609917348281206,-0.0330947904161728,0.8501426413414811,0.900932050714042,0.0108086869288504,0.06187624750499
49,3,35.0,4,2,0,0.05,1.0,20,3,True,,2.0,1.113944732195414,0.0976806776112113,0.810492429020615,1.4316968270976893,0.2115691339215144,0.2235528942115768
49,3,35.0,4,2,0,0.05,1.0,150,3,True,,2.0,1.113944732195414,0.0976806776112113,0.810492429020615,1.4316968270976893,0.2115691339215144,0.2235528942115768
49,3,35.0,4,2,0,0.0,1.0,20,3,True,,2.0,1.0613981420221408,0.1444074969211271,0.8095314353270129,1.3841566536048355,0.2106522428214311,0.217564870259481
49,3,35.0,4,2,0,0.0,1.0,150,3,True,,2.0,1.0613981420221408,0.1444074969211271,0.8095314353270129,1.3841566536048355,0.2106522428214311,0.217564870259481
49,3,35.0,4,2,0,0.05,1.0,20,1244,True,,2.0,2.3865286903246665,0.0197104974132675,1.1074784163968108,2.14696989302132,0.4835849856041948,0.3253493013972056
49,3,35.0,4,2,0,0.05,1.0,150,1244,True,,2.0,2.3865286903246665,0.0197104974132675,1.1074784163968108,2.14696989302132,0.4835849856041948,0.3253493013972056
49,3,35.0,4,2,0,0.0,1.0,20,1244,True,,2.0,2.3419852914840376,-0.0369687673801137,1.0926943274470935,1.9875368766788544,0.4777935413162768,0.3053892215568862
49,3,35.0,4,2,0,0.0,1.0,150,1244,True,,2.0,2.3419852914840376,-0.0369687673801137,1.0926943274470935,1.9875368766788544,0.4777935413162768,0.3053892215568862
49,3,35.0,4,2,0,0.05,1.0,20,778,True,,2.0,1.2307913528888044,0.1758740130477816,0.8874737293574577,1.2882786451077977,0.3353942488651953,0.155688622754491
49,3,35.0,4,2,0,0.05,1.0,150,778,True,,2.0,1.2307913528888044,0.1758740130477816,0.8874737293574577,1.2882786451077977,0.3353942488651953,0.155688622754491
49,3,35.0,4,2,0,0.0,1.0,20,778,True,,2.0,1.366269084146998,0.0283566141652595,1.0327734184868624,1.3918848187341537,0.3634602755010769,0.1836327345309381
49,3,35.0,4,2,0,0.0,1.0,150,778,True,,2.0,1.366269084146998,0.0283566141652595,1.0327734184868624,1.3918848187341537,0.3634602755010769,0.1836327345309381
49,3,35.0,4,2,0,0.05,1.0,20,312,True,,2.0,1.0533924057991435,0.0449828987717324,0.6062797923005339,0.867515050506897,0.2263461569372096,0.059880239520958
49,3,35.0,4,2,0,0.05,1.0,150,312,True,,2.0,1.0533924057991435,0.0449828987717324,0.6062797923005339,0.867515050506897,0.2263461569372096,0.059880239520958
49,3,35.0,4,2,0,0.0,1.0,20,312,True,,2.0,1.029733642761328,0.1203010146926091,0.68815236749877,0.9218280828966058,0.2199577040616348,0.0499001996007984
49,3,35.0,4,2,0,0.0,1.0,150,312,True,,2.0,1.029733642761328,0.1203010146926091,0.68815236749877,0.9218280828966058,0.2199577040616348,0.0499001996007984
50,3,35.0,4,2,5,0.05,1.0,20,4,True,,2.0,0.7717769518104644,0.0439546596470731,0.4605835661484534,0.7657729952326292,0.1375864021927969,0.1097804391217564
50,3,35.0,4,2,5,0.05,1.0,150,4,True,,2.0,0.7717769518104644,0.0439546596470731,0.4605835661484534,0.7657729952326292,0.1375864021927969,0.1097804391217564
50,3,35.0,4,2,5,0.0,1.0,20,4,True,,2.0,0.7659220065451479,0.1021329430488624,0.5381546059767556,0.8220149148407084,0.1554389461048402,0.1177644710578842
50,3,35.0,4,2,5,0.0,1.0,150,4,True,,2.0,0.7659220065451479,0.1021329430488624,0.5381546059767556,0.8220149148407084,0.1554389461048402,0.1177644710578842
50,3,35.0,4,2,5,0.05,1.0,20,1088,True,,2.0,1.6867302438705178,-0.0457502534485574,0.6651592526638289,1.0194572609522308,0.1771712400499535,0.1457085828343313
50,3,35.0,4,2,5,0.05,1.0,150,1088,True,,2.0,1.6867302438705178,-0.0457502534485574,0.6651592526638289,1.0194572609522308,0.1771712400499535,0.1457085828343313
50,3,35.0,4,2,5,0.0,1.0,20,1088,True,,2.0,1.6938358575528656,-0.0627243188471364,0.6794445918904726,1.0141259194825036,0.1792812489673679,0.1277445109780439
50,3,35.0,4,2,5,0.0,1.0,150,1088,True,,2.0,1.6938358575528656,-0.0627243188471364,0.6794445918904726,1.0141259194825036,0.1792812489673679,0.1277445109780439
50,3,35.0,4,2,5,0.05,1.0,20,622,True,,2.0,1.41921943943645,0.0051852585609292,0.7117137544358464,1.0562903271592663,0.0390529031547619,0.1516966067864271
50,3,35.0,4,2,5,0.05,1.0,150,622,True,,2.0,1.41921943943645,0.0051852585609292,0.7117137544358464,1.0562903271592663,0.0390529031547619,0.1516966067864271
50,3,35.0,4,2,5,0.0,1.0,20,622,True,,2.0,1.380728396447063,0.0466782808014631,0.7145285129580577,1.048736272943324,0.0341300507715953,0.1497005988023952
50,3,35.0,4,2,5,0.0,1.0,150,622,True,,2.0,1.380728396447063,0.0466782808014631,0.7145285129580577,1.048736272943324,0.0341300507715953,0.1497005988023952
50,3,35.0,4,2,5,0.05,1.0,20,620,True,,2.0,0.9614685919087924,0.1768213149539249,0.3276366060537535,0.4167509687724831,0.1051012063781684,0.3213572854291417
50,3,35.0,4,2,5,0.05,1.0,150,620,True,,2.0,0.9614685919087924,0.1768213149539249,0.3276366060537535,0.4167509687724831,0.1051012063781684,0.3213572854291417
50,3,35.0,4,2,5,0.0,1.0,20,620,True,,2.0,0.9808282507265892,0.1424584274241189,0.3534574333029167,0.4396471628348237,0.1116234940817849,0.3193612774451098
50,3,35.0,4,2,5,0.0,1.0,150,620,True,,2.0,0.9808282507265892,0.1424584274241189,0.3534574333029167,0.4396471628348237,0.1116234940817849,0.3193612774451098
50,3,35.0,4,2,5,0.05,1.0,20,2,True,,2.0,1.647750769921897,-0.0825461800976923,0.7945080218023057,0.871255058235936,0.012062764331796,0.0758483033932135
50,3,35.0,4,2,5,0.05,1.0,150,2,True,,2.0,1.647750769921897,-0.0825461800976923,0.7945080218023057,0.871255058235936,0.012062764331796,0.0758483033932135
50,3,35.0,4,2,5,0.0,1.0,20,2,True,,2.0,1.6131839705420594,-0.0445587852237069,0.8299369319858381,0.8857832628090421,0.0112151618074587,0.06187624750499
50,3,35.0,4,2,5,0.0,1.0,150,2,True,,2.0,1.6131839705420594,-0.0445587852237069,0.8299369319858381,0.8857832628090421,0.0112151618074587,0.06187624750499
50,3,35.0,4,2,5,0.05,1.0,20,3,True,,2.0,1.1305488053841637,0.0843932435608986,0.8147100119846534,1.4525915890552163,0.2116452804759231,0.2275449101796407
50,3,35.0,4,2,5,0.05,1.0,150,3,True,,2.0,1.1305488053841637,0.0843932435608986,0.8147100119846534,1.4525915890552163,0.2116452804759231,0.2275449101796407
50,3,35.0,4,2,5,0.0,1.0,20,3,True,,2.0,1.0877858785915282,0.1135330523700417,0.8147246699953337,1.3977957012725657,0.2113231554157951,0.2215568862275449
50,3,35.0,4,2,5,0.0,1.0,150,3,True,,2.0,1.0877858785915282,0.1135330523700417,0.8147246699953337,1.3977957012725657,0.2113231554157951,0.2215568862275449
50,3,35.0,4,2,5,0.05,1.0,20,1244,True,,2.0,2.4377565388076703,0.0234931143176157,1.1378118769277006,2.244744450691699,0.4955001333333878,0.3373253493013972
50,3,35.0,4,2,5,0.05,1.0,150,1244,True,,2.0,2.4377565388076703,0.0234931143176157,1.1378118769277006,2.244744450691699,0.4955001333333878,0.3373253493013972
50,3,35.0,4,2,5,0.0,1.0,20,1244,True,,2.0,2.4679840150063845,-0.0250788170697171,1.1126185450667898,2.209444791823914,0.4829517003479689,0.3373253493013972
50,3,35.0,4,2,5,0.0,1.0,150,1244,True,,2.0,2.4679840150063845,-0.0250788170697171,1.1126185450667898,2.209444791823914,0.4829517003479689,0.3373253493013972
50,3,35.0,4,2,5,0.05,1.0,20,778,True,,2.0,1.1990224340527875,0.2264988679341483,0.8944717393191312,1.3018103896394126,0.3288272681157529,0.1576846307385229
50,3,35.0,4,2,5,0.05,1.0,150,778,True,,2.0,1.1990224340527875,0.2264988679341483,0.8944717393191312,1.3018103896394126,0.3288272681157529,0.1576846307385229
50,3,35.0,4,2,5,0.0,1.0,20,778,True,,2.0,1.315785138038137,0.0849277132702568,0.996324157979002,1.363139917855155,0.3552216778533718,0.1836327345309381
50,3,35.0,4,2,5,0.0,1.0,150,778,True,,2.0,1.315785138038137,0.0849277132702568,0.996324157979002,1.363139917855155,0.3552216778533718,0.1836327345309381
50,3,35.0,4,2,5,0.05,1.0,20,312,True,,2.0,1.0673722478284915,0.0239099756661317,0.5863210207674093,0.8606430964431506,0.2311858711663165,0.059880239520958
50,3,35.0,4,2,5,0.05,1.0,150,312,True,,2.0,1.0673722478284915,0.0239099756661317,0.5863210207674093,0.8606430964431506,0.2311858711663165,0.059880239520958
50,3,35.0,4,2,5,0.0,1.0,20,312,True,,2.0,1.0291023593653923,0.1094148668571623,0.6548806141883909,0.8971737003240324,0.2245279438449952,0.0558882235528942
50,3,35.0,4,2,5,0.0,1.0,150,312,True,,2.0,1.0291023593653923,0.1094148668571623,0.6548806141883909,0.8971737003240324,0.2245279438449952,0.0558882235528942
55,3,35.0,6,1,0,0.05,1.0,20,4,False,integration error: simulation exceeded 30 wall-clock seconds,0.8773009148805568,,,,,,
55,3,35.0,6,1,0,0.05,1.0,150,4,False,integration error: simulation exceeded 30 wall-clock seconds,0.8478857080260231,,,,,,
55,3,35.0,6,1,0,0.0,1.0,20,4,False,integration error: simulation exceeded 30 wall-clock seconds,0.9699785073009132,,,,,,
55,3,35.0,6,1,0,0.0,1.0,150,4,False,integration error: simulation exceeded 30 wall-clock seconds,0.9728523878175648,,,,,,
55,3,35.0,6,1,0,0.05,1.0,20,1088,False,integration error: simulation exceeded 30 wall-clock seconds,1.3126551755595628,,,,,,
55,3,35.0,6,1,0,0.05,1.0,150,1088,False,integration error: simulation exceeded 30 wall-clock seconds,1.3149434249923375,,,,,,
55,3,35.0,6,1,0,0.0,1.0,20,1088,False,integration error: simulation exceeded 30 wall-clock seconds,1.2199269604958305,,,,,,
55,3,35.0,6,1,0,0.0,1.0,150,1088,False,integration error: simulation exceeded 30 wall-clock seconds,1.223659912251169,,,,,,
55,3,35.0,6,1,0,0.05,1.0,20,622,False,integration error: simulation exceeded 30 wall-clock seconds,0.8769709544620526,,,,,,
55,3,35.0,6,1,0,0.05,1.0,150,622,False,integration error: simulation exceeded 30 wall-clock seconds,0.8738496374475465,,,,,,
55,3,35.0,6,1,0,0.0,1.0,20,622,False,integration error: simulation exceeded 30 wall-clock seconds,0.8186481861437651,,,,,,
55,3,35.0,6,1,0,0.0,1.0,150,622,False,integration error: simulation exceeded 30 wall-clock seconds,0.8197400876666966,,,,,,
55,3,35.0,6,1,0,0.05,1.0,20,620,False,integration error: simulation exceeded 30 wall-clock seconds,0.9352559062777244,,,,,,
55,3,35.0,6,1,0,0.05,1.0,150,620,False,integration error: simulation exceeded 30 wall-clock seconds,0.9299554425628888,,,,,,
55,3,35.0,6,1,0,0.0,1.0,20,620,False,integration error: simulation exceeded 30 wall-clock seconds,0.9884051116887068,,,,,,
55,3,35.0,6,1,0,0.0,1.0,150,620,False,integration error: simulation exceeded 30 wall-clock seconds,0.9861112238081532,,,,,,
55,3,35.0,6,1,0,0.05,1.0,20,2,False,integration error: simulation exceeded 30 wall-clock seconds,1.198821591302555,,,,,,
55,3,35.0,6,1,0,0.05,1.0,150,2,False,integration error: simulation exceeded 30 wall-clock seconds,1.21410452498881,,,,,,
55,3,35.0,6,1,0,0.0,1.0,20,2,False,integration error: simulation exceeded 30 wall-clock seconds,1.27921379299873,,,,,,
55,3,35.0,6,1,0,0.0,1.0,150,2,False,integration error: simulation exceeded 30 wall-clock seconds,1.2852533595998006,,,,,,
55,3,35.0,6,1,0,0.05,1.0,20,3,False,integration error: simulation exceeded 30 wall-clock seconds,1.4531554250033152,,,,,,
55,3,35.0,6,1,0,0.05,1.0,150,3,False,integration error: simulation exceeded 30 wall-clock seconds,1.4623852396015051,,,,,,
55,3,35.0,6,1,0,0.0,1.0,20,3,False,integration error: simulation exceeded 30 wall-clock seconds,1.2589834081707247,,,,,,
55,3,35.0,6,1,0,0.0,1.0,150,3,False,integration error: simulation exceeded 30 wall-clock seconds,1.256673428758509,,,,,,
55,3,35.0,6,1,0,0.05,1.0,20,1244,False,integration error: simulation exceeded 30 wall-clock seconds,0.2044952225125027,,,,,,
55,3,35.0,6,1,0,0.05,1.0,150,1244,False,integration error: simulation exceeded 30 wall-clock seconds,0.2044952225125027,,,,,,
55,3,35.0,6,1,0,0.0,1.0,20,1244,False,integration error: simulation exceeded 30 wall-clock seconds,0.4624518769252522,,,,,,
55,3,35.0,6,1,0,0.0,1.0,150,1244,False,integration error: simulation exceeded 30 wall-clock seconds,0.4624518769252522,,,,,,
55,3,35.0,6,1,0,0.05,1.0,20,778,False,integration error: simulation exceeded 30 wall-clock seconds,1.4083320090756697,,,,,,
55,3,35.0,6,1,0,0.05,1.0,150,778,False,integration error: simulation exceeded 30 wall-clock seconds,1.4218110388450476,,,,,,
55,3,35.0,6,1,0,0.0,1.0,20,778,False,integration error: simulation exceeded 30 wall-clock seconds,1.4391856402247387,,,,,,
55,3,35.0,6,1,0,0.0,1.0,150,778,False,integration error: simulation exceeded 30 wall-clock seconds,1.4282939335838645,,,,,,
55,3,35.0,6,1,0,0.05,1.0,20,312,False,integration error: simulation exceeded 30 wall-clock seconds,0.9888176293450522,,,,,,
55,3,35.0,6,1,0,0.05,1.0,150,312,False,integration error: simulation exceeded 30 wall-clock seconds,0.9888176293450522,,,,,,
55,3,35.0,6,1,0,0.0,1.0,20,312,False,integration error: simulation exceeded 30 wall-clock seconds,1.1077676717449378,,,,,,
55,3,35.0,6,1,0,0.0,1.0,150,312,False,integration error: simulation exceeded 30 wall-clock seconds,1.1038178685696765,,,,,,
56,3,35.0,6,1,5,0.05,1.0,20,4,False,integration error: simulation exceeded 30 wall-clock seconds,0.9779431772555504,,,,,,
56,3,35.0,6,1,5,0.05,1.0,150,4,False,integration error: simulation exceeded 30 wall-clock seconds,0.9775844612759896,,,,,,
56,3,35.0,6,1,5,0.0,1.0,20,4,False,integration error: simulation exceeded 30 wall-clock seconds,0.951239855059528,,,,,,
56,3,35.0,6,1,5,0.0,1.0,150,4,False,integration error: simulation exceeded 30 wall-clock seconds,0.951239855059528,,,,,,
56,3,35.0,6,1,5,0.05,1.0,20,1088,False,integration error: simulation exceeded 30 wall-clock seconds,1.4264034256626752,,,,,,
56,3,35.0,6,1,5,0.05,1.0,150,1088,False,integration error: simulation exceeded 30 wall-clock seconds,1.4255349504542425,,,,,,
56,3,35.0,6,1,5,0.0,1.0,20,1088,False,integration error: simulation exceeded 30 wall-clock seconds,1.3161815372658252,,,,,,
56,3,35.0,6,1,5,0.0,1.0,150,1088,False,integration error: simulation exceeded 30 wall-clock seconds,1.3180121976149886,,,,,,
56,3,35.0,6,1,5,0.05,1.0,20,622,False,integration error: simulation exceeded 30 wall-clock seconds,0.8433957241982628,,,,,,
56,3,35.0,6,1,5,0.05,1.0,150,622,False,integration error: simulation exceeded 30 wall-clock seconds,0.8458456168382125,,,,,,
56,3,35.0,6,1,5,0.0,1.0,20,622,False,integration error: simulation exceeded 30 wall-clock seconds,0.93916381675582,,,,,,
56,3,35.0,6,1,5,0.0,1.0,150,622,False,integration error: simulation exceeded 30 wall-clock seconds,0.9416676586387654,,,,,,
56,3,35.0,6,1,5,0.05,1.0,20,620,False,integration error: simulation exceeded 30 wall-clock seconds,0.9442218371292062,,,,,,
56,3,35.0,6,1,5,0.05,1.0,150,620,False,integration error: simulation exceeded 30 wall-clock seconds,0.9492307329551676,,,,,,
56,3,35.0,6,1,5,0.0,1.0,20,620,False,integration error: simulation exceeded 30 wall-clock seconds,1.0128689472713075,,,,,,
56,3,35.0,6,1,5,0.0,1.0,150,620,False,integration error: simulation exceeded 30 wall-clock seconds,1.0149461386596177,,,,,,
56,3,35.0,6,1,5,0.05,1.0,20,2,False,integration error: simulation exceeded 30 wall-clock seconds,1.1774901963823396,,,,,,
56,3,35.0,6,1,5,0.05,1.0,150,2,False,integration error: simulation exceeded 30 wall-clock seconds,1.1748927282450754,,,,,,
56,3,35.0,6,1,5,0.0,1.0,20,2,False,integration error: simulation exceeded 30 wall-clock seconds,1.345380865356032,,,,,,
56,3,35.0,6,1,5,0.0,1.0,150,2,False,integration error: simulation exceeded 30 wall-clock seconds,1.357784488238306,,,,,,
56,3,35.0,6,1,5,0.05,1.0,20,3,False,integration error: simulation exceeded 30 wall-clock seconds,1.410346761320625,,,,,,
56,3,35.0,6,1,5,0.05,1.0,150,3,False,integration error: simulation exceeded 30 wall-clock seconds,1.410346761320625,,,,,,
56,3,35.0,6,1,5,0.0,1.0,20,3,False,integration error: simulation exceeded 30 wall-clock seconds,1.318222104774908,,,,,,
56,3,35.0,6,1,5,0.0,1.0,150,3,False,integration error: simulation exceeded 30 wall-clock seconds,1.3163103954291409,,,,,,
56,3,35.0,6,1,5,0.05,1.0,20,1244,False,integration error: simulation exceeded 30 wall-clock seconds,0.1913403016498177,,,,,,
56,3,35.0,6,1,5,0.05,1.0,150,1244,False,integration error: simulation exceeded 30 wall-clock seconds,0.1913403016498177,,,,,,
56,3,35.0,6,1,5,0.0,1.0,20,1244,False,integration error: simulation exceeded 30 wall-clock seconds,0.4726869884538029,,,,,,
56,3,35.0,6,1,5,0.0,1.0,150,1244,False,integration error: simulation exceeded 30 wall-clock seconds,0.4726869884538029,,,,,,
56,3,35.0,6,1,5,0.05,1.0,20,778,False,integration error: simulation exceeded 30 wall-clock seconds,1.3457871193964672,,,,,,
56,3,35.0,6,1,5,0.05,1.0,150,778,False,integration error: simulation exceeded 30 wall-clock seconds,1.347912012381754,,,,,,
56,3,35.0,6,1,5,0.0,1.0,20,778,False,integration error: simulation exceeded 30 wall-clock seconds,1.4140792992936346,,,,,,
56,3,35.0,6,1,5,0.0,1.0,150,778,False,integration error: simulation exceeded 30 wall-clock seconds,1.418028807915994,,,,,,
56,3,35.0,6,1,5,0.05,1.0,20,312,False,integration error: simulation exceeded 30 wall-clock seconds,1.0308607686282685,,,,,,
56,3,35.0,6,1,5,0.05,1.0,150,312,False,integration error: simulation exceeded 30 wall-clock seconds,1.035197989612486,,,,,,
56,3,35.0,6,1,5,0.0,1.0,20,312,False,integration error: simulation exceeded 30 wall-clock seconds,1.0527806280246668,,,,,,
56,3,35.0,6,1,5,0.0,1.0,150,312,False,integration error: simulation exceeded 30 wall-clock seconds,1.0703450065538684,,,,,,
58,3,35.0,6,2,0,0.05,1.0,20,4,False,integration error: simulation exceeded 30 wall-clock seconds,1.2001773241297784,,,,,,
58,3,35.0,6,2,0,0.05,1.0,150,4,False,integration error: simulation exceeded 30 wall-clock seconds,1.203882078702619,,,,,,
58,3,35.0,6,2,0,0.0,1.0,20,4,False,integration error: simulation exceeded 30 wall-clock seconds,1.1415587744964877,,,,,,
58,3,35.0,6,2,0,0.0,1.0,150,4,False,integration error: simulation exceeded 30 wall-clock seconds,1.139597246626744,,,,,,
58,3,35.0,6,2,0,0.05,1.0,20,1088,False,integration error: simulation exceeded 30 wall-clock seconds,1.359525541574216,,,,,,
58,3,35.0,6,2,0,0.05,1.0,150,1088,False,integration error: simulation exceeded 30 wall-clock seconds,1.3593523487219987,,,,,,
58,3,35.0,6,2,0,0.0,1.0,20,1088,False,integration error: simulation exceeded 30 wall-clock seconds,1.2863298510373906,,,,,,
58,3,35.0,6,2,0,0.0,1.0,150,1088,False,integration error: simulation exceeded 30 wall-clock seconds,1.282830677175703,,,,,,
58,3,35.0,6,2,0,0.05,1.0,20,622,False,integration error: simulation exceeded 30 wall-clock seconds,1.4765810187176756,,,,,,
58,3,35.0,6,2,0,0.05,1.0,150,622,False,integration error: simulation exceeded 30 wall-clock seconds,1.482963210063286,,,,,,
58,3,35.0,6,2,0,0.0,1.0,20,622,False,integration error: simulation exceeded 30 wall-clock seconds,1.4878911948986806,,,,,,
58,3,35.0,6,2,0,0.0,1.0,150,622,False,integration error: simulation exceeded 30 wall-clock seconds,1.4889281223954,,,,,,
58,3,35.0,6,2,0,0.05,1.0,20,620,False,integration error: simulation exceeded 30 wall-clock seconds,1.2554199695211965,,,,,,
58,3,35.0,6,2,0,0.05,1.0,150,620,False,integration error: simulation exceeded 30 wall-clock seconds,1.2541473483742225,,,,,,
58,3,35.0,6,2,0,0.0,1.0,20,620,False,integration error: simulation exceeded 30 wall-clock seconds,1.2390740453243347,,,,,,
58,3,35.0,6,2,0,0.0,1.0,150,620,False,integration error: simulation exceeded 30 wall-clock seconds,1.2407883439297238,,,,,,
58,3,35.0,6,2,0,0.05,1.0,20,2,False,integration error: simulation exceeded 30 wall-clock seconds,1.564487056937027,,,,,,
58,3,35.0,6,2,0,0.05,1.0,150,2,False,integration error: simulation exceeded 30 wall-clock seconds,1.5664836158691977,,,,,,
58,3,35.0,6,2,0,0.0,1.0,20,2,False,integration error: simulation exceeded 30 wall-clock seconds,1.491981941190481,,,,,,
58,3,35.0,6,2,0,0.0,1.0,150,2,False,integration error: simulation exceeded 30 wall-clock seconds,1.487991421142012,,,,,,
58,3,35.0,6,2,0,0.05,1.0,20,3,False,integration error: simulation exceeded 30 wall-clock seconds,1.5736429042786086,,,,,,
58,3,35.0,6,2,0,0.05,1.0,150,3,False,integration error: simulation exceeded 30 wall-clock seconds,1.571303007106271,,,,,,
58,3,35.0,6,2,0,0.0,1.0,20,3,False,integration error: simulation exceeded 30 wall-clock seconds,1.529910131669712,,,,,,
58,3,35.0,6,2,0,0.0,1.0,150,3,False,integration error: simulation exceeded 30 wall-clock seconds,1.5310006331955828,,,,,,
58,3,35.0,6,2,0,0.05,1.0,20,1244,False,integration error: simulation exceeded 30 wall-clock seconds,1.1910105115821958,,,,,,
58,3,35.0,6,2,0,0.05,1.0,150,1244,False,integration error: simulation exceeded 30 wall-clock seconds,1.195648960693556,,,,,,
58,3,35.0,6,2,0,0.0,1.0,20,1244,False,integration error: simulation exceeded 30 wall-clock seconds,1.061650281997138,,,,,,
58,3,35.0,6,2,0,0.0,1.0,150,1244,False,integration error: simulation exceeded 30 wall-clock seconds,1.0457131847640275,,,,,,
58,3,35.0,6,2,0,0.05,1.0,20,778,False,integration error: simulation exceeded 30 wall-clock seconds,1.6635290437767405,,,,,,
58,3,35.0,6,2,0,0.05,1.0,150,778,False,integration error: simulation exceeded 30 wall-clock seconds,1.6669341295563165,,,,,,
58,3,35.0,6,2,0,0.0,1.0,20,778,False,integration error: simulation exceeded 30 wall-clock seconds,1.7052505952856296,,,,,,
58,3,35.0,6,2,0,0.0,1.0,150,778,False,integration error: simulation exceeded 30 wall-clock seconds,1.7081848598427127,,,,,,
58,3,35.0,6,2,0,0.05,1.0,20,312,False,integration error: simulation exceeded 30 wall-clock seconds,1.3508619720612822,,,,,,
58,3,35.0,6,2,0,0.05,1.0,150,312,False,integration error: simulation exceeded 30 wall-clock seconds,1.3545252731533468,,,,,,
58,3,35.0,6,2,0,0.0,1.0,20,312,False,integration error: simulation exceeded 30 wall-clock seconds,1.2808290711171413,,,,,,
58,3,35.0,6,2,0,0.0,1.0,150,312,False,integration error: simulation exceeded 30 wall-clock seconds,1.2792299223249055,,,,,,
59,3,35.0,6,2,5,0.05,1.0,20,4,False,integration error: simulation exceeded 30 wall-clock seconds,0.8758510521777844,,,,,,
59,3,35.0,6,2,5,0.05,1.0,150,4,False,integration error: simulation exceeded 30 wall-clock seconds,0.8430293531021842,,,,,,
59,3,35.0,6,2,5,0.0,1.0,20,4,False,integration error: simulation exceeded 30 wall-clock seconds,1.0039502709347377,,,,,,
59,3,35.0,6,2,5,0.0,1.0,150,4,False,integration error: simulation exceeded 30 wall-clock seconds,1.0285063073280158,,,,,,
59,3,35.0,6,2,5,0.05,1.0,20,1088,False,integration error: simulation exceeded 30 wall-clock seconds,1.131273399138466,,,,,,
59,3,35.0,6,2,5,0.05,1.0,150,1088,False,integration error: simulation exceeded 30 wall-clock seconds,1.14154631024326,,,,,,
59,3,35.0,6,2,5,0.0,1.0,20,1088,False,integration error: simulation exceeded 30 wall-clock seconds,1.111958014662144,,,,,,
59,3,35.0,6,2,5,0.0,1.0,150,1088,False,integration error: simulation exceeded 30 wall-clock seconds,1.1215217536840296,,,,,,
59,3,35.0,6,2,5,0.05,1.0,20,622,False,integration error: simulation exceeded 30 wall-clock seconds,1.2368988509012946,,,,,,
59,3,35.0,6,2,5,0.05,1.0,150,622,False,integration error: simulation exceeded 30 wall-clock seconds,1.2448257041227324,,,,,,
59,3,35.0,6,2,5,0.0,1.0,20,622,False,integration error: simulation exceeded 30 wall-clock seconds,1.1740430385077525,,,,,,
59,3,35.0,6,2,5,0.0,1.0,150,622,False,integration error: simulation exceeded 30 wall-clock seconds,1.1885284169873915,,,,,,
59,3,35.0,6,2,5,0.05,1.0,20,620,False,integration error: simulation exceeded 30 wall-clock seconds,1.0455295427809217,,,,,,
59,3,35.0,6,2,5,0.05,1.0,150,620,False,integration error: simulation exceeded 30 wall-clock seconds,1.0397698438258538,,,,,,
59,3,35.0,6,2,5,0.0,1.0,20,620,False,integration error: simulation exceeded 30 wall-clock seconds,1.0759165708483975,,,,,,
59,3,35.0,6,2,5,0.0,1.0,150,620,False,integration error: simulation exceeded 30 wall-clock seconds,1.082455029007369,,,,,,
59,3,35.0,6,2,5,0.05,1.0,20,2,False,integration error: simulation exceeded 30 wall-clock seconds,1.3090622132234313,,,,,,
59,3,35.0,6,2,5,0.05,1.0,150,2,False,integration error: simulation exceeded 30 wall-clock seconds,1.3134647316601955,,,,,,
59,3,35.0,6,2,5,0.0,1.0,20,2,False,integration error: simulation exceeded 30 wall-clock seconds,1.305642817377123,,,,,,
59,3,35.0,6,2,5,0.0,1.0,150,2,False,integration error: simulation exceeded 30 wall-clock seconds,1.295999133708107,,,,,,
59,3,35.0,6,2,5,0.05,1.0,20,3,False,integration error: simulation exceeded 30 wall-clock seconds,1.387833736035587,,,,,,
59,3,35.0,6,2,5,0.05,1.0,150,3,False,integration error: simulation exceeded 30 wall-clock seconds,1.3804518553518237,,,,,,
59,3,35.0,6,2,5,0.0,1.0,20,3,False,integration error: simulation exceeded 30 wall-clock seconds,1.3810016763535349,,,,,,
59,3,35.0,6,2,5,0.0,1.0,150,3,False,integration error: simulation exceeded 30 wall-clock seconds,1.38010461792155,,,,,,
59,3,35.0,6,2,5,0.05,1.0,20,1244,False,integration error: simulation exceeded 30 wall-clock seconds,0.9144994033259978,,,,,,
59,3,35.0,6,2,5,0.05,1.0,150,1244,False,integration error: simulation exceeded 30 wall-clock seconds,0.904126114007894,,,,,,
59,3,35.0,6,2,5,0.0,1.0,20,1244,False,integration error: simulation exceeded 30 wall-clock seconds,0.9681957689775228,,,,,,
59,3,35.0,6,2,5,0.0,1.0,150,1244,False,integration error: simulation exceeded 30 wall-clock seconds,0.9629432202476788,,,,,,
59,3,35.0,6,2,5,0.05,1.0,20,778,False,integration error: simulation exceeded 30 wall-clock seconds,1.4498792141392791,,,,,,
59,3,35.0,6,2,5,0.05,1.0,150,778,False,integration error: simulation exceeded 30 wall-clock seconds,1.4554917509857423,,,,,,
59,3,35.0,6,2,5,0.0,1.0,20,778,False,integration error: simulation exceeded 30 wall-clock seconds,1.4488027561293388,,,,,,
59,3,35.0,6,2,5,0.0,1.0,150,778,False,integration error: simulation exceeded 30 wall-clock seconds,1.4435827590830812,,,,,,
59,3,35.0,6,2,5,0.05,1.0,20,312,False,integration error: simulation exceeded 30 wall-clock seconds,1.2032886018324924,,,,,,
59,3,35.0,6,2,5,0.05,1.0,150,312,False,integration error: simulation exceeded 30 wall-clock seconds,1.1923804235953912,,,,,,
59,3,35.0,6,2,5,0.0,1.0,20,312,False,integration error: simulation exceeded 30 wall-clock seconds,1.206243511008771,,,,,,
59,3,35.0,6,2,5,0.0,1.0,150,312,False,integration error: simulation exceeded 30 wall-clock seconds,1.1982594947651524,,,,,,
82,5,35.0,4,1,0,0.05,1.0,20,4,False,integration error: simulation exceeded 30 wall-clock seconds,0.9919667483916084,,,,,,
82,5,35.0,4,1,0,0.05,1.0,150,4,False,integration error: simulation exceeded 30 wall-clock seconds,0.9902554841143832,,,,,,
82,5,35.0,4,1,0,0.0,1.0,20,4,False,integration error: simulation exceeded 30 wall-clock seconds,0.9960712673165456,,,,,,
82,5,35.0,4,1,0,0.0,1.0,150,4,False,integration error: simulation exceeded 30 wall-clock seconds,0.9972599797360236,,,,,,
82,5,35.0,4,1,0,0.05,1.0,20,1088,False,integration error: simulation exceeded 30 wall-clock seconds,0.9173563464033114,,,,,,
82,5,35.0,4,1,0,0.05,1.0,150,1088,False,integration error: simulation exceeded 30 wall-clock seconds,0.9192670116408516,,,,,,
82,5,35.0,4,1,0,0.0,1.0,20,1088,False,integration error: simulation exceeded 30 wall-clock seconds,0.9796565032555664,,,,,,
82,5,35.0,4,1,0,0.0,1.0,150,1088,False,integration error: simulation exceeded 30 wall-clock seconds,0.9796935191073488,,,,,,
82,5,35.0,4,1,0,0.05,1.0,20,622,False,integration error: simulation exceeded 30 wall-clock seconds,1.152094631617369,,,,,,
82,5,35.0,4,1,0,0.05,1.0,150,622,False,integration error: simulation exceeded 30 wall-clock seconds,1.157187152741556,,,,,,
82,5,35.0,4,1,0,0.0,1.0,20,622,False,integration error: simulation exceeded 30 wall-clock seconds,1.223216102520026,,,,,,
82,5,35.0,4,1,0,0.0,1.0,150,622,False,integration error: simulation exceeded 30 wall-clock seconds,1.2274458614682933,,,,,,
82,5,35.0,4,1,0,0.05,1.0,20,620,False,integration error: simulation exceeded 30 wall-clock seconds,0.8236498090782622,,,,,,
82,5,35.0,4,1,0,0.05,1.0,150,620,False,integration error: simulation exceeded 30 wall-clock seconds,0.8258532875488451,,,,,,
82,5,35.0,4,1,0,0.0,1.0,20,620,False,integration error: simulation exceeded 30 wall-clock seconds,0.8078323307320199,,,,,,
82,5,35.0,4,1,0,0.0,1.0,150,620,False,integration error: simulation exceeded 30 wall-clock seconds,0.807662046036903,,,,,,
82,5,35.0,4,1,0,0.05,1.0,20,2,False,integration error: simulation exceeded 30 wall-clock seconds,1.108351480453195,,,,,,
82,5,35.0,4,1,0,0.05,1.0,150,2,False,integration error: simulation exceeded 30 wall-clock seconds,1.103868725912073,,,,,,
82,5,35.0,4,1,0,0.0,1.0,20,2,False,integration error: simulation exceeded 30 wall-clock seconds,1.152547733041803,,,,,,
82,5,35.0,4,1,0,0.0,1.0,150,2,False,integration error: simulation exceeded 30 wall-clock seconds,1.1504461610301453,,,,,,
82,5,35.0,4,1,0,0.05,1.0,20,3,False,integration error: simulation exceeded 30 wall-clock seconds,1.1715945539984784,,,,,,
82,5,35.0,4,1,0,0.05,1.0,150,3,False,integration error: simulation exceeded 30 wall-clock seconds,1.1734647763495163,,,,,,
82,5,35.0,4,1,0,0.0,1.0,20,3,False,integration error: simulation exceeded 30 wall-clock seconds,1.1306120040385217,,,,,,
82,5,35.0,4,1,0,0.0,1.0,150,3,False,integration error: simulation exceeded 30 wall-clock seconds,1.1306120040385217,,,,,,
82,5,35.0,4,1,0,0.05,1.0,20,1244,False,integration error: simulation exceeded 30 wall-clock seconds,1.0755236315943568,,,,,,
82,5,35.0,4,1,0,0.05,1.0,150,1244,False,integration error: simulation exceeded 30 wall-clock seconds,1.0775486075642429,,,,,,
82,5,35.0,4,1,0,0.0,1.0,20,1244,False,integration error: simulation exceeded 30 wall-clock seconds,1.1563509309979016,,,,,,
82,5,35.0,4,1,0,0.0,1.0,150,1244,False,integration error: simulation exceeded 30 wall-clock seconds,1.1563509309979016,,,,,,
82,5,35.0,4,1,0,0.05,1.0,20,778,False,integration error: simulation exceeded 30 wall-clock seconds,0.9552952328200351,,,,,,
82,5,35.0,4,1,0,0.05,1.0,150,778,False,integration error: simulation exceeded 30 wall-clock seconds,0.9607906995917984,,,,,,
82,5,35.0,4,1,0,0.0,1.0,20,778,False,integration error: simulation exceeded 30 wall-clock seconds,0.9829313085206688,,,,,,
82,5,35.0,4,1,0,0.0,1.0,150,778,False,integration error: simulation exceeded 30 wall-clock seconds,0.9791795882444116,,,,,,
82,5,35.0,4,1,0,0.05,1.0,20,312,False,integration error: simulation exceeded 30 wall-clock seconds,1.1431016387350688,,,,,,
82,5,35.0,4,1,0,0.05,1.0,150,312,False,integration error: simulation exceeded 30 wall-clock seconds,1.143628115312329,,,,,,
82,5,35.0,4,1,0,0.0,1.0,20,312,False,integration error: simulation exceeded 30 wall-clock seconds,1.0710839265858356,,,,,,
82,5,35.0,4,1,0,0.0,1.0,150,312,False,integration error: simulation exceeded 30 wall-clock seconds,1.0771707928131655,,,,,,
83,5,35.0,4,1,5,0.05,1.0,20,4,False,integration error: simulation exceeded 30 wall-clock seconds,1.0433609959539516,,,,,,
83,5,35.0,4,1,5,0.05,1.0,150,4,False,integration error: simulation exceeded 30 wall-clock seconds,1.0441282056892665,,,,,,
83,5,35.0,4,1,5,0.0,1.0,20,4,False,integration error: simulation exceeded 30 wall-clock seconds,1.0017382286308465,,,,,,
83,5,35.0,4,1,5,0.0,1.0,150,4,False,integration error: simulation exceeded 30 wall-clock seconds,1.0007281222107165,,,,,,
83,5,35.0,4,1,5,0.05,1.0,20,1088,False,integration error: simulation exceeded 30 wall-clock seconds,0.9795520102940304,,,,,,
83,5,35.0,4,1,5,0.05,1.0,150,1088,False,integration error: simulation exceeded 30 wall-clock seconds,0.981257628328994,,,,,,
83,5,35.0,4,1,5,0.0,1.0,20,1088,False,integration error: simulation exceeded 30 wall-clock seconds,0.9827114706043458,,,,,,
83,5,35.0,4,1,5,0.0,1.0,150,1088,False,integration error: simulation exceeded 30 wall-clock seconds,0.9703102837139506,,,,,,
83,5,35.0,4,1,5,0.05,1.0,20,622,False,integration error: simulation exceeded 30 wall-clock seconds,1.1768587561294537,,,,,,
83,5,35.0,4,1,5,0.05,1.0,150,622,False,integration error: simulation exceeded 30 wall-clock seconds,1.1799549384037131,,,,,,
83,5,35.0,4,1,5,0.0,1.0,20,622,False,integration error: simulation exceeded 30 wall-clock seconds,1.1507065952290094,,,,,,
83,5,35.0,4,1,5,0.0,1.0,150,622,False,integration error: simulation exceeded 30 wall-clock seconds,1.1613220498970394,,,,,,
83,5,35.0,4,1,5,0.05,1.0,20,620,False,integration error: simulation exceeded 30 wall-clock seconds,0.8737993591634735,,,,,,
83,5,35.0,4,1,5,0.05,1.0,150,620,False,integration error: simulation exceeded 30 wall-clock seconds,0.8788573809152872,,,,,,
83,5,35.0,4,1,5,0.0,1.0,20,620,False,integration error: simulation exceeded 30 wall-clock seconds,0.8336594225005092,,,,,,
83,5,35.0,4,1,5,0.0,1.0,150,620,False,integration error: simulation exceeded 30 wall-clock seconds,0.8257822316170461,,,,,,
83,5,35.0,4,1,5,0.05,1.0,20,2,False,integration error: simulation exceeded 30 wall-clock seconds,1.1287050428996424,,,,,,
83,5,35.0,4,1,5,0.05,1.0,150,2,False,integration error: simulation exceeded 30 wall-clock seconds,1.1504281189835608,,,,,,
83,5,35.0,4,1,5,0.0,1.0,20,2,False,integration error: simulation exceeded 30 wall-clock seconds,1.1141345432716716,,,,,,
83,5,35.0,4,1,5,0.0,1.0,150,2,False,integration error: simulation exceeded 30 wall-clock seconds,1.1165135695715491,,,,,,
83,5,35.0,4,1,5,0.05,1.0,20,3,False,integration error: simulation exceeded 30 wall-clock seconds,1.169596717077657,,,,,,
83,5,35.0,4,1,5,0.05,1.0,150,3,False,integration error: simulation exceeded 30 wall-clock seconds,1.1711432782270372,,,,,,
83,5,35.0,4,1,5,0.0,1.0,20,3,False,integration error: simulation exceeded 30 wall-clock seconds,1.1864910708073264,,,,,,
83,5,35.0,4,1,5,0.0,1.0,150,3,False,integration error: simulation exceeded 30 wall-clock seconds,1.1864910708073264,,,,,,
83,5,35.0,4,1,5,0.05,1.0,20,1244,False,integration error: simulation exceeded 30 wall-clock seconds,1.1537601461244218,,,,,,
83,5,35.0,4,1,5,0.05,1.0,150,1244,False,integration error: simulation exceeded 30 wall-clock seconds,1.1442496117952576,,,,,,
83,5,35.0,4,1,5,0.0,1.0,20,1244,False,integration error: simulation exceeded 30 wall-clock seconds,1.2212500963350048,,,,,,
83,5,35.0,4,1,5,0.0,1.0,150,1244,False,integration error: simulation exceeded 30 wall-clock seconds,1.22591350134126,,,,,,
83,5,35.0,4,1,5,0.05,1.0,20,778,False,integration error: simulation exceeded 30 wall-clock seconds,0.9688600033190764,,,,,,
83,5,35.0,4,1,5,0.05,1.0,150,778,False,integration error: simulation exceeded 30 wall-clock seconds,0.9688600033190764,,,,,,
83,5,35.0,4,1,5,0.0,1.0,20,778,False,integration error: simulation exceeded 30 wall-clock seconds,0.9752770678192716,,,,,,
83,5,35.0,4,1,5,0.0,1.0,150,778,False,integration error: simulation exceeded 30 wall-clock seconds,0.979450627398024,,,,,,
83,5,35.0,4,1,5,0.05,1.0,20,312,False,integration error: simulation exceeded 30 wall-clock seconds,1.1929512834109235,,,,,,
83,5,35.0,4,1,5,0.05,1.0,150,312,False,integration error: simulation exceeded 30 wall-clock seconds,1.2052225108199706,,,,,,
83,5,35.0,4,1,5,0.0,1.0,20,312,False,integration error: simulation exceeded 30 wall-clock seconds,1.1787804621172506,,,,,,
83,5,35.0,4,1,5,0.0,1.0,150,312,False,integration error: simulation exceeded 30 wall-clock seconds,1.182453055239962,,,,,,
85,5,35.0,4,2,0,0.05,1.0,20,4,False,integration error: simulation exceeded 30 wall-clock seconds,0.796909383896252,,,,,,
85,5,35.0,4,2,0,0.05,1.0,150,4,False,integration error: simulation exceeded 30 wall-clock seconds,0.8026342385875079,,,,,,
85,5,35.0,4,2,0,0.0,1.0,20,4,False,integration error: simulation exceeded 30 wall-clock seconds,0.782711765216162,,,,,,
85,5,35.0,4,2,0,0.0,1.0,150,4,False,integration error: simulation exceeded 30 wall-clock seconds,0.7910639908989492,,,,,,
85,5,35.0,4,2,0,0.05,1.0,20,1088,False,integration error: simulation exceeded 30 wall-clock seconds,1.1040352726266711,,,,,,
85,5,35.0,4,2,0,0.05,1.0,150,1088,False,integration error: simulation exceeded 30 wall-clock seconds,1.1094955002182645,,,,,,
85,5,35.0,4,2,0,0.0,1.0,20,1088,False,integration error: simulation exceeded 30 wall-clock seconds,1.1262263093991467,,,,,,
85,5,35.0,4,2,0,0.0,1.0,150,1088,False,integration error: simulation exceeded 30 wall-clock seconds,1.1262263093991467,,,,,,
85,5,35.0,4,2,0,0.05,1.0,20,622,False,integration error: simulation exceeded 30 wall-clock seconds,0.9681889539134276,,,,,,
85,5,35.0,4,2,0,0.05,1.0,150,622,False,integration error: simulation exceeded 30 wall-clock seconds,0.9807626021530798,,,,,,
85,5,35.0,4,2,0,0.0,1.0,20,622,False,integration error: simulation exceeded 30 wall-clock seconds,0.9767620110021002,,,,,,
85,5,35.0,4,2,0,0.0,1.0,150,622,False,integration error: simulation exceeded 30 wall-clock seconds,0.969867058254553,,,,,,
85,5,35.0,4,2,0,0.05,1.0,20,620,False,integration error: simulation exceeded 30 wall-clock seconds,0.9664380008960278,,,,,,
85,5,35.0,4,2,0,0.05,1.0,150,620,False,integration error: simulation exceeded 30 wall-clock seconds,0.9597157884398116,,,,,,
85,5,35.0,4,2,0,0.0,1.0,20,620,False,integration error: simulation exceeded 30 wall-clock seconds,0.9846144604595588,,,,,,
85,5,35.0,4,2,0,0.0,1.0,150,620,False,integration error: simulation exceeded 30 wall-clock seconds,0.984206817327402,,,,,,
85,5,35.0,4,2,0,0.05,1.0,20,2,False,integration error: simulation exceeded 30 wall-clock seconds,1.0446742989930582,,,,,,
85,5,35.0,4,2,0,0.05,1.0,150,2,False,integration error: simulation exceeded 30 wall-clock seconds,1.037586591990394,,,,,,
85,5,35.0,4,2,0,0.0,1.0,20,2,False,integration error: simulation exceeded 30 wall-clock seconds,1.0408693997215748,,,,,,
85,5,35.0,4,2,0,0.0,1.0,150,2,False,integration error: simulation exceeded 30 wall-clock seconds,1.0520658137411885,,,,,,
85,5,35.0,4,2,0,0.05,1.0,20,3,False,integration error: simulation exceeded 30 wall-clock seconds,1.1998059620457782,,,,,,
85,5,35.0,4,2,0,0.05,1.0,150,3,False,integration error: simulation exceeded 30 wall-clock seconds,1.2110723491420272,,,,,,
85,5,35.0,4,2,0,0.0,1.0,20,3,False,integration error: simulation exceeded 30 wall-clock seconds,1.1904300161422223,,,,,,
85,5,35.0,4,2,0,0.0,1.0,150,3,False,integration error: simulation exceeded 30 wall-clock seconds,1.1919862173204332,,,,,,
85,5,35.0,4,2,0,0.05,1.0,20,1244,False,integration error: simulation exceeded 30 wall-clock seconds,0.9997423791998532,,,,,,
85,5,35.0,4,2,0,0.05,1.0,150,1244,False,integration error: simulation exceeded 30 wall-clock seconds,0.9905373602479468,,,,,,
85,5,35.0,4,2,0,0.0,1.0,20,1244,False,integration error: simulation exceeded 30 wall-clock seconds,0.9425132914670088,,,,,,
85,5,35.0,4,2,0,0.0,1.0,150,1244,False,integration error: simulation exceeded 30 wall-clock seconds,0.9389733938638758,,,,,,
85,5,35.0,4,2,0,0.05,1.0,20,778,False,integration error: simulation exceeded 30 wall-clock seconds,1.0354599682061725,,,,,,
85,5,35.0,4,2,0,0.05,1.0,150,778,False,integration error: simulation exceeded 30 wall-clock seconds,1.0373325945150331,,,,,,
85,5,35.0,4,2,0,0.0,1.0,20,778,False,integration error: simulation exceeded 30 wall-clock seconds,1.004423683705776,,,,,,
85,5,35.0,4,2,0,0.0,1.0,150,778,False,integration error: simulation exceeded 30 wall-clock seconds,0.9935293503527808,,,,,,
85,5,35.0,4,2,0,0.05,1.0,20,312,False,integration error: simulation exceeded 30 wall-clock seconds,0.9780627022243013,,,,,,
85,5,35.0,4,2,0,0.05,1.0,150,312,False,integration error: simulation exceeded 30 wall-clock seconds,0.9957383299806954,,,,,,
85,5,35.0,4,2,0,0.0,1.0,20,312,False,integration error: simulation exceeded 30 wall-clock seconds,0.9830143832458274,,,,,,
85,5,35.0,4,2,0,0.0,1.0,150,312,False,integration error: simulation exceeded 30 wall-clock seconds,0.9889527679708732,,,,,,
86,5,35.0,4,2,5,0.05,1.0,20,4,False,integration error: simulation exceeded 30 wall-clock seconds,0.769978048666913,,,,,,
86,5,35.0,4,2,5,0.05,1.0,150,4,False,integration error: simulation exceeded 30 wall-clock seconds,0.7733409814445047,,,,,,
86,5,35.0,4,2,5,0.0,1.0,20,4,False,integration error: simulation exceeded 30 wall-clock seconds,0.8151079546960285,,,,,,
86,5,35.0,4,2,5,0.0,1.0,150,4,False,integration error: simulation exceeded 30 wall-clock seconds,0.8089426342189742,,,,,,
86,5,35.0,4,2,5,0.05,1.0,20,1088,False,integration error: simulation exceeded 30 wall-clock seconds,1.0902442994865649,,,,,,
86,5,35.0,4,2,5,0.05,1.0,150,1088,False,integration error: simulation exceeded 30 wall-clock seconds,1.098349874678977,,,,,,
86,5,35.0,4,2,5,0.0,1.0,20,1088,False,integration error: simulation exceeded 30 wall-clock seconds,1.1722591958758208,,,,,,
86,5,35.0,4,2,5,0.0,1.0,150,1088,False,integration error: simulation exceeded 30 wall-clock seconds,1.1815029385874347,,,,,,
86,5,35.0,4,2,5,0.05,1.0,20,622,False,integration error: simulation exceeded 30 wall-clock seconds,0.9391789384519535,,,,,,
86,5,35.0,4,2,5,0.05,1.0,150,622,False,integration error: simulation exceeded 30 wall-clock seconds,0.8785638254720073,,,,,,
86,5,35.0,4,2,5,0.0,1.0,20,622,False,integration error: simulation exceeded 30 wall-clock seconds,0.9236403434100052,,,,,,
86,5,35.0,4,2,5,0.0,1.0,150,622,False,integration error: simulation exceeded 30 wall-clock seconds,0.9876452986784754,,,,,,
86,5,35.0,4,2,5,0.05,1.0,20,620,False,integration error: simulation exceeded 30 wall-clock seconds,1.0546201379357292,,,,,,
86,5,35.0,4,2,5,0.05,1.0,150,620,False,integration error: simulation exceeded 30 wall-clock seconds,1.063186100689526,,,,,,
86,5,35.0,4,2,5,0.0,1.0,20,620,False,integration error: simulation exceeded 30 wall-clock seconds,1.0038163892783822,,,,,,
86,5,35.0,4,2,5,0.0,1.0,150,620,False,integration error: simulation exceeded 30 wall-clock seconds,1.0048207978812411,,,,,,
86,5,35.0,4,2,5,0.05,1.0,20,2,False,integration error: simulation exceeded 30 wall-clock seconds,1.025059893319048,,,,,,
86,5,35.0,4,2,5,0.05,1.0,150,2,False,integration error: simulation exceeded 30 wall-clock seconds,1.020410973168501,,,,,,
86,5,35.0,4,2,5,0.0,1.0,20,2,False,integration error: simulation exceeded 30 wall-clock seconds,1.068898380783993,,,,,,
86,5,35.0,4,2,5,0.0,1.0,150,2,False,integration error: simulation exceeded 30 wall-clock seconds,1.081373925798377,,,,,,
86,5,35.0,4,2,5,0.05,1.0,20,3,False,integration error: simulation exceeded 30 wall-clock seconds,1.1942894629202712,,,,,,
86,5,35.0,4,2,5,0.05,1.0,150,3,False,integration error: simulation exceeded 30 wall-clock seconds,1.1821888873939197,,,,,,
86,5,35.0,4,2,5,0.0,1.0,20,3,False,integration error: simulation exceeded 30 wall-clock seconds,1.1856991967483612,,,,,,
86,5,35.0,4,2,5,0.0,1.0,150,3,False,integration error: simulation exceeded 30 wall-clock seconds,1.1887380266634056,,,,,,
86,5,35.0,4,2,5,0.05,1.0,20,1244,False,integration error: simulation exceeded 30 wall-clock seconds,0.8770053819630655,,,,,,
86,5,35.0,4,2,5,0.05,1.0,150,1244,False,integration error: simulation exceeded 30 wall-clock seconds,0.8829090465116788,,,,,,
86,5,35.0,4,2,5,0.0,1.0,20,1244,False,integration error: simulation exceeded 30 wall-clock seconds,0.950095568062942,,,,,,
86,5,35.0,4,2,5,0.0,1.0,150,1244,False,integration error: simulation exceeded 30 wall-clock seconds,0.9553006430423532,,,,,,
86,5,35.0,4,2,5,0.05,1.0,20,778,False,integration error: simulation exceeded 30 wall-clock seconds,0.9688148262009254,,,,,,
86,5,35.0,4,2,5,0.05,1.0,150,778,False,integration error: simulation exceeded 30 wall-clock seconds,0.978812863112298,,,,,,
86,5,35.0,4,2,5,0.0,1.0,20,778,False,integration error: simulation exceeded 30 wall-clock seconds,1.0123532811047686,,,,,,
86,5,35.0,4,2,5,0.0,1.0,150,778,False,integration error: simulation exceeded 30 wall-clock seconds,0.9996820584497416,,,,,,
86,5,35.0,4,2,5,0.05,1.0,20,312,False,integration error: simulation exceeded 30 wall-clock seconds,0.945570604355947,,,,,,
86,5,35.0,4,2,5,0.05,1.0,150,312,False,integration error: simulation exceeded 30 wall-clock seconds,0.950543561867364,,,,,,
86,5,35.0,4,2,5,0.0,1.0,20,312,False,integration error: simulation exceeded 30 wall-clock seconds,0.9639459355556078,,,,,,
86,5,35.0,4,2,5,0.0,1.0,150,312,False,integration error: simulation exceeded 30 wall-clock seconds,0.9630935096676064,,,,,,
118,7,35.0,4,1,0,0.05,1.0,20,4,False,integration error: simulation exceeded 30 wall-clock seconds,0.3431943726872284,,,,,,
118,7,35.0,4,1,0,0.05,1.0,150,4,False,integration error: simulation exceeded 30 wall-clock seconds,0.3448624213471095,,,,,,
118,7,35.0,4,1,0,0.0,1.0,20,4,False,integration error: simulation exceeded 30 wall-clock seconds,0.3623212787018904,,,,,,
118,7,35.0,4,1,0,0.0,1.0,150,4,False,integration error: simulation exceeded 30 wall-clock seconds,0.3633636718811801,,,,,,
118,7,35.0,4,1,0,0.05,1.0,20,1088,False,integration error: simulation exceeded 30 wall-clock seconds,0.2219800693093273,,,,,,
118,7,35.0,4,1,0,0.05,1.0,150,1088,False,integration error: simulation exceeded 30 wall-clock seconds,0.2219800693093273,,,,,,
118,7,35.0,4,1,0,0.0,1.0,20,1088,False,integration error: simulation exceeded 30 wall-clock seconds,0.1076634879097196,,,,,,
118,7,35.0,4,1,0,0.0,1.0,150,1088,False,integration error: simulation exceeded 30 wall-clock seconds,0.1076634879097196,,,,,,
118,7,35.0,4,1,0,0.05,1.0,20,622,False,integration error: simulation exceeded 30 wall-clock seconds,0.1006237968637956,,,,,,
118,7,35.0,4,1,0,0.05,1.0,150,622,False,integration error: simulation exceeded 30 wall-clock seconds,0.1006554545341788,,,,,,
118,7,35.0,4,1,0,0.0,1.0,20,622,False,integration error: simulation exceeded 30 wall-clock seconds,0.187872745013939,,,,,,
118,7,35.0,4,1,0,0.0,1.0,150,622,False,integration error: simulation exceeded 30 wall-clock seconds,0.187872745013939,,,,,,
118,7,35.0,4,1,0,0.05,1.0,20,620,False,integration error: simulation exceeded 30 wall-clock seconds,0.3345001015358996,,,,,,
118,7,35.0,4,1,0,0.05,1.0,150,620,False,integration error: simulation exceeded 30 wall-clock seconds,0.3345001015358996,,,,,,
118,7,35.0,4,1,0,0.0,1.0,20,620,False,integration error: simulation exceeded 30 wall-clock seconds,0.3333405204393436,,,,,,
118,7,35.0,4,1,0,0.0,1.0,150,620,False,integration error: simulation exceeded 30 wall-clock seconds,0.335025505765712,,,,,,
118,7,35.0,4,1,0,0.05,1.0,20,2,False,integration error: simulation exceeded 30 wall-clock seconds,0.2569975699764756,,,,,,
118,7,35.0,4,1,0,0.05,1.0,150,2,False,integration error: simulation exceeded 30 wall-clock seconds,0.2593005692591704,,,,,,
118,7,35.0,4,1,0,0.0,1.0,20,2,False,integration error: simulation exceeded 30 wall-clock seconds,0.1249888777520113,,,,,,
118,7,35.0,4,1,0,0.0,1.0,150,2,False,integration error: simulation exceeded 30 wall-clock seconds,0.1249886856834245,,,,,,
118,7,35.0,4,1,0,0.05,1.0,20,3,False,integration error: simulation exceeded 30 wall-clock seconds,0.3085403354850686,,,,,,
118,7,35.0,4,1,0,0.05,1.0,150,3,False,integration error: simulation exceeded 30 wall-clock seconds,0.3085403354850686,,,,,,
118,7,35.0,4,1,0,0.0,1.0,20,3,False,integration error: simulation exceeded 30 wall-clock seconds,0.1611001328287893,,,,,,
118,7,35.0,4,1,0,0.0,1.0,150,3,False,integration error: simulation exceeded 30 wall-clock seconds,0.1611001328287893,,,,,,
118,7,35.0,4,1,0,0.05,1.0,20,1244,False,integration error: simulation exceeded 30 wall-clock seconds,0.2937964022190468,,,,,,
118,7,35.0,4,1,0,0.05,1.0,150,1244,False,integration error: simulation exceeded 30 wall-clock seconds,0.2937964022190468,,,,,,
118,7,35.0,4,1,0,0.0,1.0,20,1244,False,integration error: simulation exceeded 30 wall-clock seconds,0.1668026066954371,,,,,,
118,7,35.0,4,1,0,0.0,1.0,150,1244,False,integration error: simulation exceeded 30 wall-clock seconds,0.1668011218936838,,,,,,
118,7,35.0,4,1,0,0.05,1.0,20,778,False,integration error: simulation exceeded 30 wall-clock seconds,0.2597046897727877,,,,,,
118,7,35.0,4,1,0,0.05,1.0,150,778,False,integration error: simulation exceeded 30 wall-clock seconds,0.2606667172071953,,,,,,
118,7,35.0,4,1,0,0.0,1.0,20,778,False,integration error: simulation exceeded 30 wall-clock seconds,0.2970030469683077,,,,,,
118,7,35.0,4,1,0,0.0,1.0,150,778,False,integration error: simulation exceeded 30 wall-clock seconds,0.297981114622064,,,,,,
118,7,35.0,4,1,0,0.05,1.0,20,312,False,integration error: simulation exceeded 30 wall-clock seconds,0.3238300391742869,,,,,,
118,7,35.0,4,1,0,0.05,1.0,150,312,False,integration error: simulation exceeded 30 wall-clock seconds,0.324728643841554,,,,,,
118,7,35.0,4,1,0,0.0,1.0,20,312,False,integration error: simulation exceeded 30 wall-clock seconds,0.2494912025362639,,,,,,
118,7,35.0,4,1,0,0.0,1.0,150,312,False,integration error: simulation exceeded 30 wall-clock seconds,0.249485508897401,,,,,,
119,7,35.0,4,1,5,0.05,1.0,20,4,False,integration error: simulation exceeded 30 wall-clock seconds,0.3251623089338443,,,,,,
119,7,35.0,4,1,5,0.05,1.0,150,4,False,integration error: simulation exceeded 30 wall-clock seconds,0.3235222783635886,,,,,,
119,7,35.0,4,1,5,0.0,1.0,20,4,False,integration error: simulation exceeded 30 wall-clock seconds,0.3645966457894998,,,,,,
119,7,35.0,4,1,5,0.0,1.0,150,4,False,integration error: simulation exceeded 30 wall-clock seconds,0.3811038799704295,,,,,,
119,7,35.0,4,1,5,0.05,1.0,20,1088,False,integration error: simulation exceeded 30 wall-clock seconds,0.3089011044452006,,,,,,
119,7,35.0,4,1,5,0.05,1.0,150,1088,False,integration error: simulation exceeded 30 wall-clock seconds,0.3113867250138811,,,,,,
119,7,35.0,4,1,5,0.0,1.0,20,1088,False,integration error: simulation exceeded 30 wall-clock seconds,0.1067898133355328,,,,,,
119,7,35.0,4,1,5,0.0,1.0,150,1088,False,integration error: simulation exceeded 30 wall-clock seconds,0.1067898133355328,,,,,,
119,7,35.0,4,1,5,0.05,1.0,20,622,False,integration error: simulation exceeded 30 wall-clock seconds,0.2262131070219738,,,,,,
119,7,35.0,4,1,5,0.05,1.0,150,622,False,integration error: simulation exceeded 30 wall-clock seconds,0.226760112504518,,,,,,
119,7,35.0,4,1,5,0.0,1.0,20,622,False,integration error: simulation exceeded 30 wall-clock seconds,0.1700266274683531,,,,,,
119,7,35.0,4,1,5,0.0,1.0,150,622,False,integration error: simulation exceeded 30 wall-clock seconds,0.1701152932678613,,,,,,
119,7,35.0,4,1,5,0.05,1.0,20,620,False,integration error: simulation exceeded 30 wall-clock seconds,0.3462856301683154,,,,,,
119,7,35.0,4,1,5,0.05,1.0,150,620,False,integration error: simulation exceeded 30 wall-clock seconds,0.3467641480811461,,,,,,
119,7,35.0,4,1,5,0.0,1.0,20,620,False,integration error: simulation exceeded 30 wall-clock seconds,0.3600401457752931,,,,,,
119,7,35.0,4,1,5,0.0,1.0,150,620,False,integration error: simulation exceeded 30 wall-clock seconds,0.3593619351308177,,,,,,
119,7,35.0,4,1,5,0.05,1.0,20,2,False,integration error: simulation exceeded 30 wall-clock seconds,0.3288012548307371,,,,,,
119,7,35.0,4,1,5,0.05,1.0,150,2,False,integration error: simulation exceeded 30 wall-clock seconds,0.327671885728292,,,,,,
119,7,35.0,4,1,5,0.0,1.0,20,2,False,integration error: simulation exceeded 30 wall-clock seconds,0.1235612893044732,,,,,,
119,7,35.0,4,1,5,0.0,1.0,150,2,False,integration error: simulation exceeded 30 wall-clock seconds,0.1235613335029239,,,,,,
119,7,35.0,4,1,5,0.05,1.0,20,3,False,integration error: simulation exceeded 30 wall-clock seconds,0.2881606984523161,,,,,,
119,7,35.0,4,1,5,0.05,1.0,150,3,False,integration error: simulation exceeded 30 wall-clock seconds,0.2917925355616502,,,,,,
119,7,35.0,4,1,5,0.0,1.0,20,3,False,integration error: simulation exceeded 30 wall-clock seconds,0.1657273228691513,,,,,,
119,7,35.0,4,1,5,0.0,1.0,150,3,False,integration error: simulation exceeded 30 wall-clock seconds,0.1657278982350495,,,,,,
119,7,35.0,4,1,5,0.05,1.0,20,1244,False,integration error: simulation exceeded 30 wall-clock seconds,0.2976242026789842,,,,,,
119,7,35.0,4,1,5,0.05,1.0,150,1244,False,integration error: simulation exceeded 30 wall-clock seconds,0.2976242026789842,,,,,,
119,7,35.0,4,1,5,0.0,1.0,20,1244,False,integration error: simulation exceeded 30 wall-clock seconds,0.1710600749070471,,,,,,
119,7,35.0,4,1,5,0.0,1.0,150,1244,False,integration error: simulation exceeded 30 wall-clock seconds,0.1710600749070471,,,,,,
119,7,35.0,4,1,5,0.05,1.0,20,778,False,integration error: simulation exceeded 30 wall-clock seconds,0.3093061602523435,,,,,,
119,7,35.0,4,1,5,0.05,1.0,150,778,False,integration error: simulation exceeded 30 wall-clock seconds,0.3081689827158636,,,,,,
119,7,35.0,4,1,5,0.0,1.0,20,778,False,integration error: simulation exceeded 30 wall-clock seconds,0.3005625066500854,,,,,,
119,7,35.0,4,1,5,0.0,1.0,150,778,False,integration error: simulation exceeded 30 wall-clock seconds,0.2957748757116519,,,,,,
119,7,35.0,4,1,5,0.05,1.0,20,312,False,integration error: simulation exceeded 30 wall-clock seconds,0.3078999933023047,,,,,,
119,7,35.0,4,1,5,0.05,1.0,150,312,False,integration error: simulation exceeded 30 wall-clock seconds,0.3125188347591318,,,,,,
119,7,35.0,4,1,5,0.0,1.0,20,312,False,integration error: simulation exceeded 30 wall-clock seconds,0.2512801603986113,,,,,,
119,7,35.0,4,1,5,0.0,1.0,150,312,False,integration error: simulation exceeded 30 wall-clock seconds,0.2512734203166066,,,,,,
121,7,35.0,4,2,0,0.05,1.0,20,4,False,integration error: simulation exceeded 30 wall-clock seconds,0.3393220032116233,,,,,,
121,7,35.0,4,2,0,0.05,1.0,150,4,False,integration error: simulation exceeded 30 wall-clock seconds,0.3422591280108782,,,,,,
121,7,35.0,4,2,0,0.0,1.0,20,4,False,integration error: simulation exceeded 30 wall-clock seconds,0.2719693151966955,,,,,,
121,7,35.0,4,2,0,0.0,1.0,150,4,False,integration error: simulation exceeded 30 wall-clock seconds,0.2754930886456948,,,,,,
121,7,35.0,4,2,0,0.05,1.0,20,1088,False,integration error: simulation exceeded 30 wall-clock seconds,0.4409114579757243,,,,,,
121,7,35.0,4,2,0,0.05,1.0,150,1088,False,integration error: simulation exceeded 30 wall-clock seconds,0.4356314621192845,,,,,,
121,7,35.0,4,2,0,0.0,1.0,20,1088,False,integration error: simulation exceeded 30 wall-clock seconds,0.3684988294856443,,,,,,
121,7,35.0,4,2,0,0.0,1.0,150,1088,False,integration error: simulation exceeded 30 wall-clock seconds,0.3690899654352194,,,,,,
121,7,35.0,4,2,0,0.05,1.0,20,622,False,integration error: simulation exceeded 30 wall-clock seconds,0.3868934236674776,,,,,,
121,7,35.0,4,2,0,0.05,1.0,150,622,False,integration error: simulation exceeded 30 wall-clock seconds,0.39435481837031,,,,,,
121,7,35.0,4,2,0,0.0,1.0,20,622,False,integration error: simulation exceeded 30 wall-clock seconds,0.3997871061451581,,,,,,
121,7,35.0,4,2,0,0.0,1.0,150,622,False,integration error: simulation exceeded 30 wall-clock seconds,0.3997871061451581,,,,,,
121,7,35.0,4,2,0,0.05,1.0,20,620,False,integration error: simulation exceeded 30 wall-clock seconds,0.4226200347071265,,,,,,
121,7,35.0,4,2,0,0.05,1.0,150,620,False,integration error: simulation exceeded 30 wall-clock seconds,0.4226200347071265,,,,,,
121,7,35.0,4,2,0,0.0,1.0,20,620,False,integration error: simulation exceeded 30 wall-clock seconds,0.3996963661433174,,,,,,
121,7,35.0,4,2,0,0.0,1.0,150,620,False,integration error: simulation exceeded 30 wall-clock seconds,0.398778563847993,,,,,,
121,7,35.0,4,2,0,0.05,1.0,20,2,False,integration error: simulation exceeded 30 wall-clock seconds,0.3839571942597198,,,,,,
121,7,35.0,4,2,0,0.05,1.0,150,2,False,integration error: simulation exceeded 30 wall-clock seconds,0.3839571942597198,,,,,,
121,7,35.0,4,2,0,0.0,1.0,20,2,False,integration error: simulation exceeded 30 wall-clock seconds,0.3780240243756166,,,,,,
121,7,35.0,4,2,0,0.0,1.0,150,2,False,integration error: simulation exceeded 30 wall-clock seconds,0.3791302421932309,,,,,,
121,7,35.0,4,2,0,0.05,1.0,20,3,False,integration error: simulation exceeded 30 wall-clock seconds,0.487229977798128,,,,,,
121,7,35.0,4,2,0,0.05,1.0,150,3,False,integration error: simulation exceeded 30 wall-clock seconds,0.49040103256169,,,,,,
121,7,35.0,4,2,0,0.0,1.0,20,3,False,integration error: simulation exceeded 30 wall-clock seconds,0.4088177553585891,,,,,,
121,7,35.0,4,2,0,0.0,1.0,150,3,False,integration error: simulation exceeded 30 wall-clock seconds,0.4097368936184409,,,,,,
121,7,35.0,4,2,0,0.05,1.0,20,1244,False,integration error: simulation exceeded 30 wall-clock seconds,0.3682539727122311,,,,,,
121,7,35.0,4,2,0,0.05,1.0,150,1244,False,integration error: simulation exceeded 30 wall-clock seconds,0.3684565963789677,,,,,,
121,7,35.0,4,2,0,0.0,1.0,20,1244,False,integration error: simulation exceeded 30 wall-clock seconds,0.0228782467424365,,,,,,
121,7,35.0,4,2,0,0.0,1.0,150,1244,False,integration error: simulation exceeded 30 wall-clock seconds,0.0228782275802464,,,,,,
121,7,35.0,4,2,0,0.05,1.0,20,778,False,integration error: simulation exceeded 30 wall-clock seconds,0.4017529922055267,,,,,,
121,7,35.0,4,2,0,0.05,1.0,150,778,False,integration error: simulation exceeded 30 wall-clock seconds,0.4009962064627568,,,,,,
121,7,35.0,4,2,0,0.0,1.0,20,778,False,integration error: simulation exceeded 30 wall-clock seconds,0.3716615433882547,,,,,,
121,7,35.0,4,2,0,0.0,1.0,150,778,False,integration error: simulation exceeded 30 wall-clock seconds,0.3741941686849087,,,,,,
121,7,35.0,4,2,0,0.05,1.0,20,312,False,integration error: simulation exceeded 30 wall-clock seconds,0.3832785858938799,,,,,,
121,7,35.0,4,2,0,0.05,1.0,150,312,False,integration error: simulation exceeded 30 wall-clock seconds,0.382079438243658,,,,,,
121,7,35.0,4,2,0,0.0,1.0,20,312,False,integration error: simulation exceeded 30 wall-clock seconds,0.3628059253342538,,,,,,
121,7,35.0,4,2,0,0.0,1.0,150,312,False,integration error: simulation exceeded 30 wall-clock seconds,0.3628059253342538,,,,,,
122,7,35.0,4,2,5,0.05,1.0,20,4,False,integration error: simulation exceeded 30 wall-clock seconds,0.2908069593641689,,,,,,
122,7,35.0,4,2,5,0.05,1.0,150,4,False,integration error: simulation exceeded 30 wall-clock seconds,0.2912635076398476,,,,,,
122,7,35.0,4,2,5,0.0,1.0,20,4,False,integration error: simulation exceeded 30 wall-clock seconds,0.2657416748812374,,,,,,
122,7,35.0,4,2,5,0.0,1.0,150,4,False,integration error: simulation exceeded 30 wall-clock seconds,0.2657416748812374,,,,,,
122,7,35.0,4,2,5,0.05,1.0,20,1088,False,integration error: simulation exceeded 30 wall-clock seconds,0.450864639564357,,,,,,
122,7,35.0,4,2,5,0.05,1.0,150,1088,False,integration error: simulation exceeded 30 wall-clock seconds,0.451307677981313,,,,,,
122,7,35.0,4,2,5,0.0,1.0,20,1088,False,integration error: simulation exceeded 30 wall-clock seconds,0.3714722024246131,,,,,,
122,7,35.0,4,2,5,0.0,1.0,150,1088,False,integration error: simulation exceeded 30 wall-clock seconds,0.3703069362790806,,,,,,
122,7,35.0,4,2,5,0.05,1.0,20,622,False,integration error: simulation exceeded 30 wall-clock seconds,0.3761779005218261,,,,,,
122,7,35.0,4,2,5,0.05,1.0,150,622,False,integration error: simulation exceeded 30 wall-clock seconds,0.3801043189050025,,,,,,
122,7,35.0,4,2,5,0.0,1.0,20,622,False,integration error: simulation exceeded 30 wall-clock seconds,0.3919778524100274,,,,,,
122,7,35.0,4,2,5,0.0,1.0,150,622,False,integration error: simulation exceeded 30 wall-clock seconds,0.3954039875089242,,,,,,
122,7,35.0,4,2,5,0.05,1.0,20,620,False,integration error: simulation exceeded 30 wall-clock seconds,0.4381099975623665,,,,,,
122,7,35.0,4,2,5,0.05,1.0,150,620,False,integration error: simulation exceeded 30 wall-clock seconds,0.4366942910988767,,,,,,
122,7,35.0,4,2,5,0.0,1.0,20,620,False,integration error: simulation exceeded 30 wall-clock seconds,0.3679584807387852,,,,,,
122,7,35.0,4,2,5,0.0,1.0,150,620,False,integration error: simulation exceeded 30 wall-clock seconds,0.3656338086790787,,,,,,
122,7,35.0,4,2,5,0.05,1.0,20,2,False,integration error: simulation exceeded 30 wall-clock seconds,0.399789277791938,,,,,,
122,7,35.0,4,2,5,0.05,1.0,150,2,False,integration error: simulation exceeded 30 wall-clock seconds,0.4077098148800669,,,,,,
122,7,35.0,4,2,5,0.0,1.0,20,2,False,integration error: simulation exceeded 30 wall-clock seconds,0.3657941116203847,,,,,,
122,7,35.0,4,2,5,0.0,1.0,150,2,False,integration error: simulation exceeded 30 wall-clock seconds,0.3667684934678386,,,,,,
122,7,35.0,4,2,5,0.05,1.0,20,3,False,integration error: simulation exceeded 30 wall-clock seconds,0.4756140239935689,,,,,,
122,7,35.0,4,2,5,0.05,1.0,150,3,False,integration error: simulation exceeded 30 wall-clock seconds,0.4756140239935689,,,,,,
122,7,35.0,4,2,5,0.0,1.0,20,3,False,integration error: simulation exceeded 30 wall-clock seconds,0.4250334809170839,,,,,,
122,7,35.0,4,2,5,0.0,1.0,150,3,False,integration error: simulation exceeded 30 wall-clock seconds,0.4250334809170839,,,,,,
122,7,35.0,4,2,5,0.05,1.0,20,1244,False,integration error: simulation exceeded 30 wall-clock seconds,0.4293704085047538,,,,,,
122,7,35.0,4,2,5,0.05,1.0,150,1244,False,integration error: simulation exceeded 30 wall-clock seconds,0.4293704085047538,,,,,,
122,7,35.0,4,2,5,0.0,1.0,20,1244,False,integration error: simulation exceeded 30 wall-clock seconds,0.02021215809952,,,,,,
122,7,35.0,4,2,5,0.0,1.0,150,1244,False,integration error: simulation exceeded 30 wall-clock seconds,0.02021215809952,,,,,,
122,7,35.0,4,2,5,0.05,1.0,20,778,False,integration error: simulation exceeded 30 wall-clock seconds,0.4103281569221953,,,,,,
122,7,35.0,4,2,5,0.05,1.0,150,778,False,integration error: simulation exceeded 30 wall-clock seconds,0.4096187480326842,,,,,,
122,7,35.0,4,2,5,0.0,1.0,20,778,False,integration error: simulation exceeded 30 wall-clock seconds,0.3745835041300285,,,,,,
122,7,35.0,4,2,5,0.0,1.0,150,778,False,integration error: simulation exceeded 30 wall-clock seconds,0.3693939973325036,,,,,,
122,7,35.0,4,2,5,0.05,1.0,20,312,False,integration error: simulation exceeded 30 wall-clock seconds,0.3865722084303521,,,,,,
122,7,35.0,4,2,5,0.05,1.0,150,312,False,integration error: simulation exceeded 30 wall-clock seconds,0.3876865931222479,,,,,,
122,7,35.0,4,2,5,0.0,1.0,20,312,False,integration error: simulation exceeded 30 wall-clock seconds,0.3681175891881241,,,,,,
122,7,35.0,4,2,5,0.0,1.0,150,312,False,integration error: simulation exceeded 30 wall-clock seconds,0.3681175891881241,,,,,,
