8.8297806,-3.0698195,-10.228034,-19.99733,3.0452847,0.6117031,1.5614874,2.8442564,-9.8200893,9.1747065,-0.86468196,-3.9662116
-9.2265253,-1.8441756,-0.68000722,10.565278,14.981357,-3.45645,-4.6974726,-8.465579,4.3013945,-10.748943,-4.459713,-9.9883814
9.0263929,11.240287,-9.3370962,3.0493155,9.4628601,7.744916,-2.088562,9.9228773,-4.0912986,-11.403859,-5.0400987,-8.4395075
8.9779482,-0.61732292,1.1691015,-12.21639,-2.0596945,8.198143,-8.8918781,0,-8.7921247,10.618717,-20.008535,-9.2657375
-23.768101,5.2997169,10.091534,2.0887969,-17.616385,13.428677,-3.9358332,-12.644135,-6.396091,15.664442,5.4666986,-9.6764021
4.3498654,-6.4083352,6.9878616,-1.1031497,9.3278799,-18.417929,14.398368,-5.9005575,-6.8287597,6.0002818,2.0374594,4.2442975
11.805304,4.2911797,-19.546431,-6.2309113,2.2446971,-3.6439102,6.5644097,-3.0950291,-3.6233673,0.51790887,0.75667983,-8.5149984
5.8254542,11.822714,-10.895045,-13.032367,2.8976109,1.4860003,-4.2736559,8.5896759,-2.1749568,3.1286869,0.87147361,2.4867876
-9.6132784,2.6744444,-2.944845,-5.4230871,-10.048666,0,-5.0715327,-2.7700474,-0.72355902,10.366639,-3.8764658,1.7565922
-6.7191095,-13.707113,-17.461857,-12.07131,-0.77263349,-9.4317665,-1.9405398,13.942808,-9.5596457,-4.176125,8.6946688,14.220203
-10.215701,-19.566858,-20.009258,-17.998219,-20.140217,6.8648362,-2.5608828,6.0149946,7.1900878,5.3417139,-4.4834285,-3.1453476
0,5.028018,-16.667519,4.6762152,4.5336075,-5.3475308,-4.3453865,4.5096068,-2.1500869,2.4006898,3.076149,-9.8331919
-0.92897993,0,-4.3936157,4.2074404,-2.3075066,-8.2477713,-10.316307,0,4.3017359,-4.850564,4.9436035,2.3194435
-7.9984121,-19.470041,11.120549,-10.985042,12.748187,-11.560692,-5.2353201,-1.3454888,11.773308,12.261895,-2.8983088,17.912745
11.708671,9.3015041,-7.6218853,2.3850656,3.5621374,-11.893835,-12.007165,-0.93146771,0.81635022,16.952259,-10.951453,-20.43825
-3.9418461,4.13309,1.7790273,-1.1791111,16.942137,2.992058,7.9667253,-21.650185,-6.4326439,-1.2286741,-1.226845,3.6072776
6.6360364,17.918282,8.9816952,-9.9057808,-10.7516,5.5578256,-7.5312734,0.99358934,-11.014638,-7.7128253,-10.465614,-3.8292301
-2.1335888,4.6029444,-4.6826968,-11.244352,0.43768203,8.2435293,-18.115967,-0,-3.8252637,5.6365519,-6.313437,-6.9527731
-0.50294352,4.2349501,-11.296702,-11.604654,9.8529911,3.5292065,-6.3833051,-3.9822295,-17.349472,-2.9024158,11.05264,8.3599491
6.619349,0.9591229,1.4475315,-0,-11.42122,4.7247391,3.4593019,0.73519593,1.7724223,-3.6208832,-3.0753787,-18.323
-17.751543,-3.0254719,2.6619041,14.275604,7.5916181,-8.0848112,8.5369596,4.7154093,-3.3460858,-1.2472317,8.6709852,3.5149662
5.3152852,2.0153174,0,12.835055,-8.6290035,3.3956721,4.4817562,-1.3413012,11.640272,-13.723936,-6.7816167,-8.8591156
-4.722436,-15.652594,-17.506174,1.7326806,7.1575294,-1.7225815,1.8589629,3.484787,-2.9562848,-16.294764,-6.4935923,-3.8086424
-15.351593,-5.2577333,10.597733,6.3250113,10.192455,1.4645824,7.1501455,-17.883583,-10.470291,-5.9318566,9.6528893,5.6802263
8.4195976,0.54669601,-5.6789861,14.972669,7.931993,4.0642943,5.6055593,-0.70005369,-6.4800339,-15.214371,-0.91793948,15.340803
-18.712175,-5.6701565,21.184593,-6.0162454,0.9825725,6.2419233,6.4304929,5.108799,-18.408018,0,8.2461243,1.8931456
9.1129246,-12.014946,-2.7164207,15.054255,4.04039,7.811512,15.091354,5.1137552,4.7766891,2.9620411,-19.389395,-3.5604875
-17.582521,12.560194,11.353723,-9.8412218,0.81367797,14.743318,-3.6483884,1.6140203,-3.2426202,4.735558,-8.4925432,-3.0103502
8.103879,9.4804478,-6.9879789,-4.4988823,-10.066821,-7.6446948,1.3198099,-7.9214454,-5.6398907,-12.618444,3.3468194,-11.796303
-13.545181,-4.953301,10.807665,-10.542033,0.95885932,-22.466452,-1.3089958,3.5574133,-1.2230071,0.82420367,-21.904366,21.556545
11.402422,14.38782,16.920013,-13.270699,1.7594264,1.3848692,-0,0.85946524,9.1866922,7.1513348,-8.986064,-17.824724
-13.835405,-14.902069,8.1617651,5.6790376,-10.324859,-9.8746347,-0,-3.0547395,-2.3477788,10.417586,-3.7509303,0
-21.246225,9.8724089,7.6633887,-3.9667282,22.219156,3.8482018,-23.443567,0,15.321899,-8.0454159,-7.5446577,-12.229871
-17.213293,7.2180357,3.5002415,3.8790348,15.403862,0.95274776,-1.1163728,15.679685,-16.569717,-5.1712599,-3.8056419,22.764698
11.286549,-8.7030897,15.624463,6.8689909,-9.2717772,14.364002,-23.557407,10.041778,-13.409609,4.1239171,10.855489,4.3533568
-2.5536296,15.71678,21.788115,-0,4.7651854,-1.8692979,-0.74466521,11.940834,-3.7675891,-5.9465742,-17.984451,0.82752162
-4.0098181,5.0630183,-15.695945,-6.0981841,2.7867553,-3.4771061,2.4781764,-1.7906216,4.9522371,8.1432962,7.2126169,3.4847701
6.7916379,-8.2312222,0,-1.0243579,18.208193,-1.9278944,18.123924,14.294567,12.181878,2.9962466,-7.2817373,-5.629549
-16.315914,0.71912181,-8.8176155,12.966424,-5.7449594,10.995569,6.881155,14.031079,-1.5374538,-1.4232985,-3.8266859,-8.2086
7.0259943,-3.9207678,-11.237388,4.4885235,-15.884385,10.389894,-16.759562,-7.7590952,20.518957,5.8173723,0.92344397,-5.7704611
-12.741402,7.5678959,19.567326,1.1878052,5.3822861,-4.1947365,-0.87643063,7.2947106,0.96025544,19.378241,-0.71502179,8.5313587
-5.4166746,1.5897532,-15.378638,7.6209188,-4.0015116,-12.45124,4.9947109,8.5768547,1.0643358,8.8665943,15.200346,-9.1504984
3.4391844,19.789858,-15.525508,7.8779917,4.1947527,1.1247929,5.6168804,-5.0929594,9.5117989,-2.7507198,6.140027,0.73248327
7.9589448,-16.86183,4.0660982,-8.6334381,-3.6779506,-3.9954169,7.4935222,21.286337,3.051502,4.874898,-11.505872,2.157033
3.9868162,2.9625494,-0,24.841234,12.521701,14.545172,-6.5069351,-18.95249,13.630198,14.132531,-5.6749449,5.9695687
2.5822971,2.9128468,-7.3617673,-0.66602772,-2.7570467,17.898678,7.6271434,12.630776,10.373122,-6.5980978,1.8781363,-3.2124062
5.4348764,5.40871,-0.76618463,12.125008,-0,-4.5810237,-13.425068,-6.9521341,3.9515758,1.0823181,2.092737,-2.7982934
8.4109249,-8.7332449,-9.0532942,-3.9603393,-7.0141459,-14.40106,0,-11.47318,-8.6230526,-5.9578719,17.103754,-5.6676674
-2.7656038,0.91195548,-10.789116,4.6359434,21.123697,8.0388346,1.4498209,-16.057364,-8.210536,-8.6756668,4.0344934,-3.6131127
11.145518,2.9485574,-3.2868211,5.8925686,11.539853,10.993216,9.2891388,-7.5560045,10.567391,1.1344821,2.5709422,-1.2862051
-9.0123777,8.8167524,0.84643865,-3.754283,-1.649977,-16.85885,9.3374157,-12.451515,-12.722197,1.8069375,-8.862751,-9.5177879
-2.4230525,-2.7541609,0.3672432,-0,-16.51782,11.568709,-7.7218657,-2.6247363,21.098001,3.3034568,-14.580567,4.8306751
7.9101362,8.3560944,-9.8390245,6.9453917,6.150094,-18.943966,5.8127122,-3.8889527,3.4806707,9.1771431,5.3618536,-8.2986231
-9.438199,10.946075,21.166206,15.837007,2.0536032,15.588689,-17.430906,-9.2375574,-20.099762,-6.4893022,-14.823314,9.1523008
-5.2800579,20.243696,7.2986403,-2.3474081,-18.354708,3.4675331,7.1676402,9.2946148,27.133764,-9.3280888,-5.2020731,8.535615
-6.2578187,-13.497737,9.449934,6.4319363,-13.314258,24.535404,8.1633472,-6.655899,11.709684,2.3429472,8.7152557,4.0437579
-7.669178,-8.6976318,6.7487054,-2.8171544,7.8304262,-12.372617,8.6190443,8.7232876,-5.1181178,16.64119,4.931664,6.1701541
-3.9784138,5.0516853,-16.477694,-8.7487679,0,-9.8385115,-1.4821048,6.3846841,-0.79964203,1.3337581,-2.4113851,-7.5588832
6.8088384,1.0324562,-0,15.190022,11.014205,-15.17065,-3.7458479,-1.4336766,-8.0538635,6.7769122,8.4503775,10.2268
11.171291,7.4407153,-5.5489826,-2.8877528,10.422788,9.7569304,2.5877581,-3.7004964,-8.0067806,-2.1624124,-5.7027044,-2.4851511
4.288476,15.961502,1.5616777,16.337282,3.476089,16.579782,1.5545424,1.0009822,-10.804126,22.740433,13.444816,-23.339632
11.650097,-8.4889936,8.2032862,-6.6795564,-11.653276,4.5167112,-0.67835134,-15.976052,4.9548068,-9.0740757,-0.92481428,-0
-4.3263078,-5.3100967,-8.4638586,-5.9598069,-11.966712,-1.3096049,-0.87882102,18.442757,-8.441081,14.017543,7.86127,4.1933036
6.7596111,-7.2159214,1.0523313,5.0825109,7.7052135,-7.2913003,3.4711149,6.5240464,0.86443847,-6.5208621,0.93424767,-4.3929653
1.8499284,4.3359647,3.3016798,-3.1741934,4.8450561,2.9448626,4.4160376,23.753267,-9.7816839,-0.58439779,-2.4216223,-2.4533162
5.4984512,-6.1709599,1.9034008,-0,-10.105651,-7.7194376,5.0132923,9.5741796,-7.2859492,-9.1889353,0,0.68103212
4.2665601,21.400251,-3.3516543,9.839406,5.6025271,2.9062476,-1.7683086,10.338184,3.6808,7.9719801,-14.468847,-15.999869
-2.0287523,-0,-1.3713632,1.0575943,-16.852028,8.2944317,-1.5424826,-10.167292,2.0342624,-12.733616,-8.7283154,18.818933
-4.2757406,15.347757,-10.497907,-1.2697403,7.2784729,22.678047,-7.2584991,-1.2117134,8.7539444,0.96475154,-14.602754,6.9758592
-9.646472,-16.543375,4.4091883,-10.203367,-1.3624823,1.9203528,-5.8236384,-21.876753,-0.55509615,-2.8775716,8.544384,-7.8675423
19.167856,7.5576186,5.6704106,3.9319875,27.543678,-8.856617,-3.3963649,-3.6783731,4.8347697,-12.916673,1.0236684,18.852896
0,-1.1598246,3.3797529,8.7421818,2.0437195,-6.1681304,9.6375408,1.8731087,-20.219078,-21.352173,-9.1461763,1.4705691
3.5972016,-16.911692,9.7678537,6.1614079,1.3599955,-14.963714,0,-9.0885153,9.0189438,23.892929,1.7221463,10.294255
8.746356,-4.6412334,4.1787276,1.3397498,1.5520111,8.0926323,10.345121,8.6629953,-4.8370805,3.346704,6.9920082,-14.572793
-2.061805,-10.77649,13.846201,0.76499414,-0.47829282,-0,4.131196,-5.1197228,7.9697695,-9.0788507,5.2726159,-20.090763
6.365963,-5.1447682,5.4202895,24.787777,1.300706,10.966711,-5.4206591,-4.0355439,15.709626,5.5219922,-14.924526,-2.5754862
1.2267282,10.084465,6.8582029,-11.419273,-2.3378375,2.2181621,-0.80062634,5.2436666,-8.4291325,1.4277573,-6.1655965,-11.466413
1.2315617,9.1637259,9.0464516,-0.61512476,-7.3730087,4.9698787,-3.8150504,4.8126583,-11.465158,-20.003992,27.316664,3.0646851
12.254527,0.86230928,-21.53196,18.905432,1.0415809,-3.5470212,-11.471153,-9.2814932,-8.8140192,-6.985301,-21.352751,3.5682919
8.3423128,-5.2951236,11.990277,2.3139079,20.714357,-0.84892565,-11.868176,-13.246165,15.726896,-13.192352,-6.3056517,0.72282219
1.7580184,3.1480687,6.5805044,7.5218577,9.54848,-15.321264,-10.521722,-2.5612779,-0.67328292,1.1275594,-0.7851643,-3.2043188
-3.1190577,1.8509502,7.4931879,-5.2041678,2.7100711,12.953476,13.131264,17.35079,14.286619,21.987032,1.2106218,-6.5776277
-1.6932188,-7.5246487,-25.481476,-6.5039544,0.63592327,1.1442499,-14.003054,8.5745316,-5.7000294,16.749369,15.075694,1.96075
-20.915264,-6.8218989,6.1579437,-14.162886,-6.8242822,-11.106435,-1.8980155,-8.0370216,-2.6325166,-9.4994717,-7.8642144,-0.74345273
-5.5249577,7.7830052,7.7011981,-5.8637924,13.85113,-3.5282824,-5.6147599,7.1934114,8.1347799,-5.8251705,-4.7188735,-3.1669269
19.561888,1.8409859,-18.184511,-14.96764,-15.666783,-16.857737,9.0944157,-3.2196829,0,0,8.9826555,6.2814379
5.5937352,-17.723787,8.1578159,-15.366496,16.447641,-8.3209143,-16.466442,-5.9143634,2.5081692,-2.1725984,-8.6195812,-13.730321
-6.7006459,-4.6379151,-9.5227604,-19.36908,6.0258231,-0.63536197,-12.881434,-7.7769957,-7.5457401,5.1813989,7.1472173,26.800135
-16.133978,6.1003399,-10.270965,-13.056767,4.2881031,-6.0886774,6.1352143,-17.913769,-4.2542572,-4.0629487,-1.3975312,-7.7862644
0,-4.839098,9.1305246,-15.297444,19.834536,-2.4296432,6.7577715,7.0141492,-5.1951661,2.0650039,13.757205,3.8323474
8.9521456,18.847019,11.134707,7.9144912,-1.708335,-13.517046,-7.3285098,18.978239,-8.4898729,19.373764,2.9530075,6.2208147
