configuration_index,lowpass_hz,global_zscore_mean,global_zscore_std,stlsq_threshold,n_frequencies,n_delays,delay_samples,delay_ms,embedding_span_ms,smooth_window_samples,smooth_window_ms,derivative_method,fit_status,fit_failure_reason,nonzero_terms,possible_terms,term_utilization_percent,fit_runtime_s,feature_names_json,coefficients_json,equations
1,35.0,-0.0007537510658310451,36.85636440218341,1000.0,2,2,1,4.0,4.0,0,0.0,finite_difference,success,,12,16,75.0,0.1373930349946022,"[""sin(1 x0)"", ""cos(1 x0)"", ""sin(1 x1)"", ""cos(1 x1)"", ""sin(2 x0)"", ""cos(2 x0)"", ""sin(2 x1)"", ""cos(2 x1)""]","[[300.9646459790651, 27.784025846214902, -311.7825517159009, -28.706119038159994, -54.98029323595953, 0.0, 57.09968670130311, 0.0], [311.5912625578902, 27.543308582777573, -300.8484537674676, -26.651215499181518, -57.37665740736112, 0.0, 55.29713111897564, 0.0]]",(x0)' =  300.965 sin(1 x0) +  27.784 cos(1 x0) + -311.783 sin(1 x1) + -28.706 cos(1 x1) + -54.980 sin(2 x0) +  57.100 sin(2 x1) | (x1)' =  311.591 sin(1 x0) +  27.543 cos(1 x0) + -300.848 sin(1 x1) + -26.651 cos(1 x1) + -57.377 sin(2 x0) +  55.297 sin(2 x1)
2,35.0,-0.0007537510658310451,36.85636440218341,1000.0,2,2,1,4.0,4.0,5,20.0,smoothed_finite_difference_savgol_order_3,success,,12,16,75.0,0.14180405624210835,"[""sin(1 x0)"", ""cos(1 x0)"", ""sin(1 x1)"", ""cos(1 x1)"", ""sin(2 x0)"", ""cos(2 x0)"", ""sin(2 x1)"", ""cos(2 x1)""]","[[301.79455258407205, 27.50398803069935, -312.49136894462396, -28.406340938235147, -55.19849355216712, 0.0, 57.28251467442112, 0.0], [312.335710459383, 27.145191702336213, -301.71171624711974, -26.273365437764976, -57.57264880120298, 0.0, 55.52643191005062, 0.0]]",(x0)' =  301.795 sin(1 x0) +  27.504 cos(1 x0) + -312.491 sin(1 x1) + -28.406 cos(1 x1) + -55.198 sin(2 x0) +  57.283 sin(2 x1) | (x1)' =  312.336 sin(1 x0) +  27.145 cos(1 x0) + -301.712 sin(1 x1) + -26.273 cos(1 x1) + -57.573 sin(2 x0) +  55.526 sin(2 x1)
3,35.0,-0.0007537510658310451,36.85636440218341,1000.0,2,2,1,4.0,4.0,9,36.0,smoothed_finite_difference_savgol_order_3,success,,12,16,75.0,0.14486410282552242,"[""sin(1 x0)"", ""cos(1 x0)"", ""sin(1 x1)"", ""cos(1 x1)"", ""sin(2 x0)"", ""cos(2 x0)"", ""sin(2 x1)"", ""cos(2 x1)""]","[[309.6327577647168, 24.61565656163868, -319.1977374954323, -25.337110695807755, -57.317449290209574, 0.0, 59.08250378289639, 0.0], [319.3071891814955, 23.237563919014313, -309.79580759904997, -22.54895585990499, -59.4773114660401, 0.0, 57.73651693113016, 0.0]]",(x0)' =  309.633 sin(1 x0) +  24.616 cos(1 x0) + -319.198 sin(1 x1) + -25.337 cos(1 x1) + -57.317 sin(2 x0) +  59.083 sin(2 x1) | (x1)' =  319.307 sin(1 x0) +  23.238 cos(1 x0) + -309.796 sin(1 x1) + -22.549 cos(1 x1) + -59.477 sin(2 x0) +  57.737 sin(2 x1)
4,35.0,-0.0007537510658310451,36.85636440218341,1000.0,2,2,2,8.0,8.0,0,0.0,finite_difference,success,,12,16,75.0,0.1331435665488243,"[""sin(1 x0)"", ""cos(1 x0)"", ""sin(1 x1)"", ""cos(1 x1)"", ""sin(2 x0)"", ""cos(2 x0)"", ""sin(2 x1)"", ""cos(2 x1)""]","[[140.87597313016735, 11.886617466056238, -161.12524340917477, -13.452389267391844, -27.561784408785456, 0.0, 31.425997611846242, 0.0], [161.07472630581822, 11.8727264909261, -140.95925262261585, -10.329008889923921, -31.788197028752368, 0.0, 27.977128509998266, 0.0]]",(x0)' =  140.876 sin(1 x0) +  11.887 cos(1 x0) + -161.125 sin(1 x1) + -13.452 cos(1 x1) + -27.562 sin(2 x0) +  31.426 sin(2 x1) | (x1)' =  161.075 sin(1 x0) +  11.873 cos(1 x0) + -140.959 sin(1 x1) + -10.329 cos(1 x1) + -31.788 sin(2 x0) +  27.977 sin(2 x1)
5,35.0,-0.0007537510658310451,36.85636440218341,1000.0,2,2,2,8.0,8.0,5,20.0,smoothed_finite_difference_savgol_order_3,success,,12,16,75.0,0.13968094065785408,"[""sin(1 x0)"", ""cos(1 x0)"", ""sin(1 x1)"", ""cos(1 x1)"", ""sin(2 x0)"", ""cos(2 x0)"", ""sin(2 x1)"", ""cos(2 x1)""]","[[141.37062553761348, 11.814074156383896, -161.42034814392812, -13.349224508034952, -27.668597875119417, 0.0, 31.47433223649274, 0.0], [161.39614937590267, 11.68844491170509, -141.47550320188378, -10.175511105111287, -31.8475183558838, 0.0, 28.090874986694985, 0.0]]",(x0)' =  141.371 sin(1 x0) +  11.814 cos(1 x0) + -161.420 sin(1 x1) + -13.349 cos(1 x1) + -27.669 sin(2 x0) +  31.474 sin(2 x1) | (x1)' =  161.396 sin(1 x0) +  11.688 cos(1 x0) + -141.476 sin(1 x1) + -10.176 cos(1 x1) + -31.848 sin(2 x0) +  28.091 sin(2 x1)
6,35.0,-0.0007537510658310451,36.85636440218341,1000.0,2,2,2,8.0,8.0,9,36.0,smoothed_finite_difference_savgol_order_3,success,,12,16,75.0,0.14550579525530338,"[""sin(1 x0)"", ""cos(1 x0)"", ""sin(1 x1)"", ""cos(1 x1)"", ""sin(2 x0)"", ""cos(2 x0)"", ""sin(2 x1)"", ""cos(2 x1)""]","[[145.99138058207973, 10.960593856229124, -164.1181022605712, -12.208227628417134, -28.67986909800164, 0.0, 31.941851818344034, 0.0], [164.28860330813038, 9.858140927346009, -146.2559540192383, -8.636146028994602, -32.399744366558224, 0.0, 29.16460630070263, 0.0]]",(x0)' =  145.991 sin(1 x0) +  10.961 cos(1 x0) + -164.118 sin(1 x1) + -12.208 cos(1 x1) + -28.680 sin(2 x0) +  31.942 sin(2 x1) | (x1)' =  164.289 sin(1 x0) +  9.858 cos(1 x0) + -146.256 sin(1 x1) + -8.636 cos(1 x1) + -32.400 sin(2 x0) +  29.165 sin(2 x1)
7,35.0,-0.0007537510658310451,36.85636440218341,1000.0,2,2,5,20.0,20.0,0,0.0,finite_difference,success,,8,16,50.0,0.13557256944477558,"[""sin(1 x0)"", ""cos(1 x0)"", ""sin(1 x1)"", ""cos(1 x1)"", ""sin(2 x0)"", ""cos(2 x0)"", ""sin(2 x1)"", ""cos(2 x1)""]","[[31.03750679092854, 0.0, -59.463774451819354, 0.0, -8.26334603186372, 0.0, 12.543528934331581, 0.0], [59.64422450553301, 0.0, -31.267040936928364, 0.0, -12.877470451813737, 0.0, 8.566939861150685, 0.0]]",(x0)' =  31.038 sin(1 x0) + -59.464 sin(1 x1) + -8.263 sin(2 x0) +  12.544 sin(2 x1) | (x1)' =  59.644 sin(1 x0) + -31.267 sin(1 x1) + -12.877 sin(2 x0) +  8.567 sin(2 x1)
8,35.0,-0.0007537510658310451,36.85636440218341,1000.0,2,2,5,20.0,20.0,5,20.0,smoothed_finite_difference_savgol_order_3,success,,8,16,50.0,0.13930811174213886,"[""sin(1 x0)"", ""cos(1 x0)"", ""sin(1 x1)"", ""cos(1 x1)"", ""sin(2 x0)"", ""cos(2 x0)"", ""sin(2 x1)"", ""cos(2 x1)""]","[[31.365891390256717, 0.0, -59.80408461892184, 0.0, -8.340495155857015, 0.0, 12.60502199924353, 0.0], [59.97977493190926, 0.0, -31.594286706882475, 0.0, -12.941408099232047, 0.0, 8.647601445011741, 0.0]]",(x0)' =  31.366 sin(1 x0) + -59.804 sin(1 x1) + -8.340 sin(2 x0) +  12.605 sin(2 x1) | (x1)' =  59.980 sin(1 x0) + -31.594 sin(1 x1) + -12.941 sin(2 x0) +  8.648 sin(2 x1)
9,35.0,-0.0007537510658310451,36.85636440218341,1000.0,2,2,5,20.0,20.0,9,36.0,smoothed_finite_difference_savgol_order_3,success,,8,16,50.0,0.144744660705328,"[""sin(1 x0)"", ""cos(1 x0)"", ""sin(1 x1)"", ""cos(1 x1)"", ""sin(2 x0)"", ""cos(2 x0)"", ""sin(2 x1)"", ""cos(2 x1)""]","[[34.623309061499, 0.0, -62.7696598724767, 0.0, -9.081899197076723, 0.0, 13.11736694458397, 0.0], [62.933541938423595, 0.0, -34.85884500488665, 0.0, -13.480934539236475, 0.0, 9.424455848639134, 0.0]]",(x0)' =  34.623 sin(1 x0) + -62.770 sin(1 x1) + -9.082 sin(2 x0) +  13.117 sin(2 x1) | (x1)' =  62.934 sin(1 x0) + -34.859 sin(1 x1) + -13.481 sin(2 x0) +  9.424 sin(2 x1)
10,35.0,-0.0007537510658310451,36.85636440218341,1000.0,2,4,1,4.0,12.0,0,0.0,finite_difference,success,,38,64,59.375,0.42507348395884037,"[""sin(1 x0)"", ""cos(1 x0)"", ""sin(1 x1)"", ""cos(1 x1)"", ""sin(1 x2)"", ""cos(1 x2)"", ""sin(1 x3)"", ""cos(1 x3)"", ""sin(2 x0)"", ""cos(2 x0)"", ""sin(2 x1)"", ""cos(2 x1)"", ""sin(2 x2)"", ""cos(2 x2)"", ""sin(2 x3)"", ""cos(2 x3)""]","[[327.8148395649427, 13.366661152823514, -468.2440199319791, 0.0, 243.21715437336997, -14.965217535760468, -119.92810147784365, 0.0, -12.385640678342346, 0.0, 0.0, 0.0, 0.0, 0.0, 20.93058843792537, 0.0], [305.24183985845497, 18.422347891433912, -420.2103550096912, 0.0, 313.45965802423626, -23.24363875758683, -203.13169377987708, 4.90591365002127, -50.70632040268345, 0.0, 58.93535836359842, 0.0, -42.662733147954754, 0.0, 36.39756425661212, 0.0], [201.08357710039644, 3.332383949670503, -314.70375710818524, 11.99614371677636, 428.1702194831201, 0.0, -310.3077093978366, -14.944265808105493, -36.7163673655204, 0.0, 43.62223191843561, 0.0, -60.43950049495561, 0.0, 51.475086489975396, 0.0], [123.4983854369498, 0.0, -256.0621448543325, 14.58579501405649, 483.3007389851717, 0.0, -333.79445568932834, -12.923510359057941, -21.031596263243923, 0.0, 0.0, 0.0, 0.0, 0.0, 12.359596026375186, 0.0]]",(x0)' =  327.815 sin(1 x0) +  13.367 cos(1 x0) + -468.244 sin(1 x1) +  243.217 sin(1 x2) + -14.965 cos(1 x2) + -119.928 sin(1 x3) + -12.386 sin(2 x0) +  20.931 sin(2 x3) | (x1)' =  305.242 sin(1 x0) +  18.422 cos(1 x0) + -420.210 sin(1 x1) +  313.460 sin(1 x2) + -23.244 cos(1 x2) + -203.132 sin(1 x3) +  4.906 cos(1 x3) + -50.706 sin(2 x0) +  58.935 sin(2 x1) + -42.663 sin(2 x2) +  36.398 sin(2 x3) | (x2)' =  201.084 sin(1 x0) +  3.332 cos(1 x0) + -314.704 sin(1 x1) +  11.996 cos(1 x1) +  428.170 sin(1 x2) + -310.308 sin(1 x3) + -14.944 cos(1 x3) + -36.716 sin(2 x0) +  43.622 sin(2 x1) + -60.440 sin(2 x2) +  51.475 sin(2 x3) | (x3)' =  123.498 sin(1 x0) + -256.062 sin(1 x1) +  14.586 cos(1 x1) +  483.301 sin(1 x2) + -333.794 sin(1 x3) + -12.924 cos(1 x3) + -21.032 sin(2 x0) +  12.360 sin(2 x3)
11,35.0,-0.0007537510658310451,36.85636440218341,1000.0,2,4,1,4.0,12.0,5,20.0,smoothed_finite_difference_savgol_order_3,success,,38,64,59.375,0.4239927567541599,"[""sin(1 x0)"", ""cos(1 x0)"", ""sin(1 x1)"", ""cos(1 x1)"", ""sin(1 x2)"", ""cos(1 x2)"", ""sin(1 x3)"", ""cos(1 x3)"", ""sin(2 x0)"", ""cos(2 x0)"", ""sin(2 x1)"", ""cos(2 x1)"", ""sin(2 x2)"", ""cos(2 x2)"", ""sin(2 x3)"", ""cos(2 x3)""]","[[330.1924062173962, 13.224519150551238, -474.06430320223643, 0.0, 248.85743566280468, -14.790416277786184, -122.0148661034531, 0.0, -12.438424412429562, 0.0, 0.0, 0.0, 0.0, 0.0, 20.955805657133457, 0.0], [308.8006983569491, 18.185010946945454, -430.4571068308567, 0.0, 323.75557207060154, -22.88990986725856, -206.6999468847734, 4.788232515380529, -51.20584179783976, 0.0, 60.40647718871252, 0.0, -44.15360814584301, 0.0, 36.89793337462611, 0.0], [204.70705726474276, 3.2341727918799523, -325.12185290541595, 11.929260799270912, 438.5105126384872, 0.0, -313.89007947993724, -14.785544730578364, -37.21266465482359, 0.0, 45.102901652763755, 0.0, -61.88419859904275, 0.0, 51.95822041655645, 0.0], [125.51916365277305, 0.0, -261.6574343873337, 14.427294132764956, 489.1962104773851, 0.0, -336.23181940493004, -12.79646736309364, -21.051624638990035, 0.0, 0.0, 0.0, 0.0, 0.0, 12.410254993848854, 0.0]]",(x0)' =  330.192 sin(1 x0) +  13.225 cos(1 x0) + -474.064 sin(1 x1) +  248.857 sin(1 x2) + -14.790 cos(1 x2) + -122.015 sin(1 x3) + -12.438 sin(2 x0) +  20.956 sin(2 x3) | (x1)' =  308.801 sin(1 x0) +  18.185 cos(1 x0) + -430.457 sin(1 x1) +  323.756 sin(1 x2) + -22.890 cos(1 x2) + -206.700 sin(1 x3) +  4.788 cos(1 x3) + -51.206 sin(2 x0) +  60.406 sin(2 x1) + -44.154 sin(2 x2) +  36.898 sin(2 x3) | (x2)' =  204.707 sin(1 x0) +  3.234 cos(1 x0) + -325.122 sin(1 x1) +  11.929 cos(1 x1) +  438.511 sin(1 x2) + -313.890 sin(1 x3) + -14.786 cos(1 x3) + -37.213 sin(2 x0) +  45.103 sin(2 x1) + -61.884 sin(2 x2) +  51.958 sin(2 x3) | (x3)' =  125.519 sin(1 x0) + -261.657 sin(1 x1) +  14.427 cos(1 x1) +  489.196 sin(1 x2) + -336.232 sin(1 x3) + -12.796 cos(1 x3) + -21.052 sin(2 x0) +  12.410 sin(2 x3)
12,35.0,-0.0007537510658310451,36.85636440218341,1000.0,2,4,1,4.0,12.0,9,36.0,smoothed_finite_difference_savgol_order_3,success,,37,64,57.8125,0.43392868153750896,"[""sin(1 x0)"", ""cos(1 x0)"", ""sin(1 x1)"", ""cos(1 x1)"", ""sin(1 x2)"", ""cos(1 x2)"", ""sin(1 x3)"", ""cos(1 x3)"", ""sin(2 x0)"", ""cos(2 x0)"", ""sin(2 x1)"", ""cos(2 x1)"", ""sin(2 x2)"", ""cos(2 x2)"", ""sin(2 x3)"", ""cos(2 x3)""]","[[361.4131473526805, 13.560997178302221, -581.1810522000409, 0.0, 357.2967643625929, -14.833003061055331, -156.92323924102948, 0.0, 0.0, 0.0, -4.683510769810888, 0.0, 0.0, 0.0, 17.97825056199752, 0.0], [345.6674083404463, 15.743515158446924, -535.8646575414591, 0.0, 428.50272256862326, -19.224559623358264, -242.46530177996024, 3.5494182589147254, -56.7739495817536, 0.0, 76.3794738342083, 0.0, -60.10582731883123, 0.0, 42.26902624192209, 0.0], [240.49807421325303, 10.100156996831265, -430.79081218016955, 0.0, 545.9113114507212, 0.0, -351.83193307786104, -9.589271663570049, -41.91838757492042, 0.0, 60.20561868404881, 0.0, -77.89477640127119, 0.0, 57.81971981465318, 0.0], [146.78763519954094, 0.0, -322.2930563771702, 12.784641715181474, 553.3604504455309, 0.0, -362.2535633345482, -11.455715932882883, -21.140930410929045, 0.0, 0.0, 0.0, 0.0, 0.0, 12.884245115441018, 0.0]]",(x0)' =  361.413 sin(1 x0) +  13.561 cos(1 x0) + -581.181 sin(1 x1) +  357.297 sin(1 x2) + -14.833 cos(1 x2) + -156.923 sin(1 x3) + -4.684 sin(2 x1) +  17.978 sin(2 x3) | (x1)' =  345.667 sin(1 x0) +  15.744 cos(1 x0) + -535.865 sin(1 x1) +  428.503 sin(1 x2) + -19.225 cos(1 x2) + -242.465 sin(1 x3) +  3.549 cos(1 x3) + -56.774 sin(2 x0) +  76.379 sin(2 x1) + -60.106 sin(2 x2) +  42.269 sin(2 x3) | (x2)' =  240.498 sin(1 x0) +  10.100 cos(1 x0) + -430.791 sin(1 x1) +  545.911 sin(1 x2) + -351.832 sin(1 x3) + -9.589 cos(1 x3) + -41.918 sin(2 x0) +  60.206 sin(2 x1) + -77.895 sin(2 x2) +  57.820 sin(2 x3) | (x3)' =  146.788 sin(1 x0) + -322.293 sin(1 x1) +  12.785 cos(1 x1) +  553.360 sin(1 x2) + -362.254 sin(1 x3) + -11.456 cos(1 x3) + -21.141 sin(2 x0) +  12.884 sin(2 x3)
13,35.0,-0.0007537510658310451,36.85636440218341,1000.0,2,4,2,8.0,24.0,0,0.0,finite_difference,success,,38,64,59.375,0.4152251649647951,"[""sin(1 x0)"", ""cos(1 x0)"", ""sin(1 x1)"", ""cos(1 x1)"", ""sin(1 x2)"", ""cos(1 x2)"", ""sin(1 x3)"", ""cos(1 x3)"", ""sin(2 x0)"", ""cos(2 x0)"", ""sin(2 x1)"", ""cos(2 x1)"", ""sin(2 x2)"", ""cos(2 x2)"", ""sin(2 x3)"", ""cos(2 x3)""]","[[160.23949332391263, 11.497101767385965, -204.96483444786153, -17.235832702004554, 30.304992021732645, 0.0, -0.9843854833403938, 5.122857923052978, -28.85392074499518, 0.0, 34.84215912595041, 0.0, -0.24112089651467206, 0.0, 0.0, 0.0], [103.52123872139146, 10.205003967781229, -8.119630177609102, 0.0, -84.6043468119368, -10.093828115521456, -13.246597924797388, 0.0, -22.07741508832147, 0.0, 0.0, 0.0, 18.34302594637592, 0.0, 5.273889353528427, 0.0], [13.69878496889697, 0.0, 82.1091806935781, 10.177470735811962, 11.602596813249296, 0.0, -105.45375597963951, -9.919705435822546, -5.299973952131008, 0.0, -18.279838502213803, 0.0, 0.0, 0.0, 22.108898856252562, 0.0], [2.474796786847657, -5.8764248520501665, -32.95850876092286, 0.0, 206.4714818814746, 17.589384034248177, -160.51506335872313, -11.313468413427819, 0.0, 0.0, 0.20081278802207603, 0.0, -34.9366169991982, 0.0, 29.03732350320471, 0.0]]",(x0)' =  160.239 sin(1 x0) +  11.497 cos(1 x0) + -204.965 sin(1 x1) + -17.236 cos(1 x1) +  30.305 sin(1 x2) + -0.984 sin(1 x3) +  5.123 cos(1 x3) + -28.854 sin(2 x0) +  34.842 sin(2 x1) + -0.241 sin(2 x2) | (x1)' =  103.521 sin(1 x0) +  10.205 cos(1 x0) + -8.120 sin(1 x1) + -84.604 sin(1 x2) + -10.094 cos(1 x2) + -13.247 sin(1 x3) + -22.077 sin(2 x0) +  18.343 sin(2 x2) +  5.274 sin(2 x3) | (x2)' =  13.699 sin(1 x0) +  82.109 sin(1 x1) +  10.177 cos(1 x1) +  11.603 sin(1 x2) + -105.454 sin(1 x3) + -9.920 cos(1 x3) + -5.300 sin(2 x0) + -18.280 sin(2 x1) +  22.109 sin(2 x3) | (x3)' =  2.475 sin(1 x0) + -5.876 cos(1 x0) + -32.959 sin(1 x1) +  206.471 sin(1 x2) +  17.589 cos(1 x2) + -160.515 sin(1 x3) + -11.313 cos(1 x3) +  0.201 sin(2 x1) + -34.937 sin(2 x2) +  29.037 sin(2 x3)
14,35.0,-0.0007537510658310451,36.85636440218341,1000.0,2,4,2,8.0,24.0,5,20.0,smoothed_finite_difference_savgol_order_3,success,,38,64,59.375,0.42800273932516575,"[""sin(1 x0)"", ""cos(1 x0)"", ""sin(1 x1)"", ""cos(1 x1)"", ""sin(1 x2)"", ""cos(1 x2)"", ""sin(1 x3)"", ""cos(1 x3)"", ""sin(2 x0)"", ""cos(2 x0)"", ""sin(2 x1)"", ""cos(2 x1)"", ""sin(2 x2)"", ""cos(2 x2)"", ""sin(2 x3)"", ""cos(2 x3)""]","[[160.79942694153863, 11.453161888407127, -205.19144261302574, -17.139797072227342, 29.94873952680552, 0.0, -0.808900958875022, 5.088209308708884, -28.95326112827196, 0.0, 34.837091418245414, 0.0, -0.16936544191597336, 0.0, 0.0, 0.0], [103.5699161751764, 10.065620258112448, -8.811026186585574, 0.0, -83.44330608408072, -9.957036315539732, -13.806109605500854, 0.0, -21.98951490312816, 0.0, 0.0, 0.0, 18.181718580041967, 0.0, 5.343117801357521, 0.0], [14.222254256044476, 0.0, 81.01892887339605, 10.036705164069224, 12.232894480844664, 0.0, -105.47299015619697, -9.78145426365869, -5.360962114808027, 0.0, -18.124913580374038, 0.0, 0.0, 0.0, 22.023685068240592, 0.0], [2.335184265913338, -5.7916579992314245, -32.75161707485264, 0.0, 206.88725830224104, 17.386396502709893, -161.15756773746872, -11.205356650697976, 0.0, 0.0, 0.15830390994913232, 0.0, -34.970759509565816, 0.0, 29.147675076296306, 0.0]]",(x0)' =  160.799 sin(1 x0) +  11.453 cos(1 x0) + -205.191 sin(1 x1) + -17.140 cos(1 x1) +  29.949 sin(1 x2) + -0.809 sin(1 x3) +  5.088 cos(1 x3) + -28.953 sin(2 x0) +  34.837 sin(2 x1) + -0.169 sin(2 x2) | (x1)' =  103.570 sin(1 x0) +  10.066 cos(1 x0) + -8.811 sin(1 x1) + -83.443 sin(1 x2) + -9.957 cos(1 x2) + -13.806 sin(1 x3) + -21.990 sin(2 x0) +  18.182 sin(2 x2) +  5.343 sin(2 x3) | (x2)' =  14.222 sin(1 x0) +  81.019 sin(1 x1) +  10.037 cos(1 x1) +  12.233 sin(1 x2) + -105.473 sin(1 x3) + -9.781 cos(1 x3) + -5.361 sin(2 x0) + -18.125 sin(2 x1) +  22.024 sin(2 x3) | (x3)' =  2.335 sin(1 x0) + -5.792 cos(1 x0) + -32.752 sin(1 x1) +  206.887 sin(1 x2) +  17.386 cos(1 x2) + -161.158 sin(1 x3) + -11.205 cos(1 x3) +  0.158 sin(2 x1) + -34.971 sin(2 x2) +  29.148 sin(2 x3)
15,35.0,-0.0007537510658310451,36.85636440218341,1000.0,2,4,2,8.0,24.0,9,36.0,smoothed_finite_difference_savgol_order_3,success,,35,64,54.6875,0.4641088116914034,"[""sin(1 x0)"", ""cos(1 x0)"", ""sin(1 x1)"", ""cos(1 x1)"", ""sin(1 x2)"", ""cos(1 x2)"", ""sin(1 x3)"", ""cos(1 x3)"", ""sin(2 x0)"", ""cos(2 x0)"", ""sin(2 x1)"", ""cos(2 x1)"", ""sin(2 x2)"", ""cos(2 x2)"", ""sin(2 x3)"", ""cos(2 x3)""]","[[135.5540628200037, 13.885589901239406, -145.88983989719844, -15.330653042969088, -14.73115321414806, 0.0, 9.22079809689159, 0.0, -12.010687371190231, 0.0, 0.0, 0.0, 18.827159559591323, 0.0, 0.0, 0.0], [104.19980948731656, 8.683867617299057, -15.746775158928207, 0.0, -72.40109745794337, -8.59430672635107, -18.82160555970617, 0.0, -21.148965840222235, 0.0, 0.0, 0.0, 16.78695599235874, 0.0, 5.8449513790319685, 0.0], [18.90393195737174, 0.0, 70.71431588849235, 8.659954801915632, 18.503695026808728, 0.0, -105.81135349120333, -8.43547940567017, -5.829149971128272, 0.0, -16.748351689748876, 0.0, 0.0, 0.0, 21.212151191419842, 0.0], [-7.324796919928342, -7.325316982793732, 11.314037564197795, 0.0, 148.0956214609889, 21.271195671795457, -136.33925638093848, -13.772483874466415, 0.0, 0.0, -18.91471788240621, 0.0, 0.0, 0.0, 12.262290508060573, 0.0]]",(x0)' =  135.554 sin(1 x0) +  13.886 cos(1 x0) + -145.890 sin(1 x1) + -15.331 cos(1 x1) + -14.731 sin(1 x2) +  9.221 sin(1 x3) + -12.011 sin(2 x0) +  18.827 sin(2 x2) | (x1)' =  104.200 sin(1 x0) +  8.684 cos(1 x0) + -15.747 sin(1 x1) + -72.401 sin(1 x2) + -8.594 cos(1 x2) + -18.822 sin(1 x3) + -21.149 sin(2 x0) +  16.787 sin(2 x2) +  5.845 sin(2 x3) | (x2)' =  18.904 sin(1 x0) +  70.714 sin(1 x1) +  8.660 cos(1 x1) +  18.504 sin(1 x2) + -105.811 sin(1 x3) + -8.435 cos(1 x3) + -5.829 sin(2 x0) + -16.748 sin(2 x1) +  21.212 sin(2 x3) | (x3)' = -7.325 sin(1 x0) + -7.325 cos(1 x0) +  11.314 sin(1 x1) +  148.096 sin(1 x2) +  21.271 cos(1 x2) + -136.339 sin(1 x3) + -13.772 cos(1 x3) + -18.915 sin(2 x1) +  12.262 sin(2 x3)
16,35.0,-0.0007537510658310451,36.85636440218341,1000.0,2,4,5,20.0,60.0,0,0.0,finite_difference,success,,22,64,34.375,0.34856619127094746,"[""sin(1 x0)"", ""cos(1 x0)"", ""sin(1 x1)"", ""cos(1 x1)"", ""sin(1 x2)"", ""cos(1 x2)"", ""sin(1 x3)"", ""cos(1 x3)"", ""sin(2 x0)"", ""cos(2 x0)"", ""sin(2 x1)"", ""cos(2 x1)"", ""sin(2 x2)"", ""cos(2 x2)"", ""sin(2 x3)"", ""cos(2 x3)""]","[[30.265192554325804, 0.0, -69.84927874455802, 0.0, 16.07530009068128, 0.0, 6.761033012648069, 0.0, -8.000821680305295, 0.0, 14.84935414260576, 0.0, 0.0, 0.0, 0.0, 0.0], [56.43555442734789, 0.0, 0.0, 0.0, -62.910653210274646, 0.0, 9.384843668970717, 0.0, -13.067310497031096, 0.0, 0.0, 0.0, 14.230700691187714, 0.0, 0.0, 0.0], [-9.368821998926826, 0.0, 62.90510838744972, 0.0, 0.0, 0.0, -56.55692501598531, 0.0, 0.0, 0.0, -14.307023274268714, 0.0, 0.0, 0.0, 13.154864280828535, 0.0], [-6.83085191563685, 0.0, -15.918665398542068, 0.0, 70.0936720187031, 0.0, -30.440049614597008, 0.0, 0.0, 0.0, 0.0, 0.0, -15.341850860402046, 0.0, 8.289852967240574, 0.0]]",(x0)' =  30.265 sin(1 x0) + -69.849 sin(1 x1) +  16.075 sin(1 x2) +  6.761 sin(1 x3) + -8.001 sin(2 x0) +  14.849 sin(2 x1) | (x1)' =  56.436 sin(1 x0) + -62.911 sin(1 x2) +  9.385 sin(1 x3) + -13.067 sin(2 x0) +  14.231 sin(2 x2) | (x2)' = -9.369 sin(1 x0) +  62.905 sin(1 x1) + -56.557 sin(1 x3) + -14.307 sin(2 x1) +  13.155 sin(2 x3) | (x3)' = -6.831 sin(1 x0) + -15.919 sin(1 x1) +  70.094 sin(1 x2) + -30.440 sin(1 x3) + -15.342 sin(2 x2) +  8.290 sin(2 x3)
17,35.0,-0.0007537510658310451,36.85636440218341,1000.0,2,4,5,20.0,60.0,5,20.0,smoothed_finite_difference_savgol_order_3,success,,22,64,34.375,0.36047556065022945,"[""sin(1 x0)"", ""cos(1 x0)"", ""sin(1 x1)"", ""cos(1 x1)"", ""sin(1 x2)"", ""cos(1 x2)"", ""sin(1 x3)"", ""cos(1 x3)"", ""sin(2 x0)"", ""cos(2 x0)"", ""sin(2 x1)"", ""cos(2 x1)"", ""sin(2 x2)"", ""cos(2 x2)"", ""sin(2 x3)"", ""cos(2 x3)""]","[[30.713818127843616, 0.0, -70.47609698583116, 0.0, 16.489718503918986, 0.0, 6.5436385540920385, 0.0, -8.096721335476694, 0.0, 14.965132034821439, 0.0, 0.0, 0.0, 0.0, 0.0], [56.56108869585928, 0.0, 0.0, 0.0, -63.20061876137255, 0.0, 9.584245668768512, 0.0, -13.09901786224346, 0.0, 0.0, 0.0, 14.287542704937858, 0.0, 0.0, 0.0], [-9.564969501834327, 0.0, 63.191046508591434, 0.0, 0.0, 0.0, -56.68981404663733, 0.0, 0.0, 0.0, -14.365733411776231, 0.0, 0.0, 0.0, 13.19107029727718, 0.0], [-6.618629016774704, 0.0, -16.32380930877765, 0.0, 70.70887728477173, 0.0, -30.881458047434034, 0.0, 0.0, 0.0, 0.0, 0.0, -15.458959005982445, 0.0, 8.385141860417498, 0.0]]",(x0)' =  30.714 sin(1 x0) + -70.476 sin(1 x1) +  16.490 sin(1 x2) +  6.544 sin(1 x3) + -8.097 sin(2 x0) +  14.965 sin(2 x1) | (x1)' =  56.561 sin(1 x0) + -63.201 sin(1 x2) +  9.584 sin(1 x3) + -13.099 sin(2 x0) +  14.288 sin(2 x2) | (x2)' = -9.565 sin(1 x0) +  63.191 sin(1 x1) + -56.690 sin(1 x3) + -14.366 sin(2 x1) +  13.191 sin(2 x3) | (x3)' = -6.619 sin(1 x0) + -16.324 sin(1 x1) +  70.709 sin(1 x2) + -30.881 sin(1 x3) + -15.459 sin(2 x2) +  8.385 sin(2 x3)
18,35.0,-0.0007537510658310451,36.85636440218341,1000.0,2,4,5,20.0,60.0,9,36.0,smoothed_finite_difference_savgol_order_3,success,,22,64,34.375,0.36402684822678566,"[""sin(1 x0)"", ""cos(1 x0)"", ""sin(1 x1)"", ""cos(1 x1)"", ""sin(1 x2)"", ""cos(1 x2)"", ""sin(1 x3)"", ""cos(1 x3)"", ""sin(2 x0)"", ""cos(2 x0)"", ""sin(2 x1)"", ""cos(2 x1)"", ""sin(2 x2)"", ""cos(2 x2)"", ""sin(2 x3)"", ""cos(2 x3)""]","[[35.4722694043701, 0.0, -76.57485612680766, 0.0, 20.5393330430144, 0.0, 4.239074244626821, 0.0, -9.076434868493875, 0.0, 16.041564226119895, 0.0, 0.0, 0.0, 0.0, 0.0], [57.22850764483229, 0.0, 0.0, 0.0, -65.26022847611209, 0.0, 11.144640532553774, 0.0, -13.266365893953786, 0.0, 0.0, 0.0, 14.640378120427583, 0.0, 0.0, 0.0], [-11.111259623690596, 0.0, 65.23967826616003, 0.0, 0.0, 0.0, -57.40913007987036, 0.0, 0.0, 0.0, -14.74507423452557, 0.0, 0.0, 0.0, 13.39720697279547, 0.0], [-4.366641689001288, 0.0, -20.290751462123218, 0.0, 76.72485915939957, 0.0, -35.57766206728013, 0.0, 0.0, 0.0, 0.0, 0.0, -16.542014432953923, 0.0, 9.351190307326355, 0.0]]",(x0)' =  35.472 sin(1 x0) + -76.575 sin(1 x1) +  20.539 sin(1 x2) +  4.239 sin(1 x3) + -9.076 sin(2 x0) +  16.042 sin(2 x1) | (x1)' =  57.229 sin(1 x0) + -65.260 sin(1 x2) +  11.145 sin(1 x3) + -13.266 sin(2 x0) +  14.640 sin(2 x2) | (x2)' = -11.111 sin(1 x0) +  65.240 sin(1 x1) + -57.409 sin(1 x3) + -14.745 sin(2 x1) +  13.397 sin(2 x3) | (x3)' = -4.367 sin(1 x0) + -20.291 sin(1 x1) +  76.725 sin(1 x2) + -35.578 sin(1 x3) + -16.542 sin(2 x2) +  9.351 sin(2 x3)
19,35.0,-0.0007537510658310451,36.85636440218341,1000.0,2,6,1,4.0,20.0,0,0.0,finite_difference,success,,80,144,55.55555555555556,0.8331687226891518,"[""sin(1 x0)"", ""cos(1 x0)"", ""sin(1 x1)"", ""cos(1 x1)"", ""sin(1 x2)"", ""cos(1 x2)"", ""sin(1 x3)"", ""cos(1 x3)"", ""sin(1 x4)"", ""cos(1 x4)"", ""sin(1 x5)"", ""cos(1 x5)"", ""sin(2 x0)"", ""cos(2 x0)"", ""sin(2 x1)"", ""cos(2 x1)"", ""sin(2 x2)"", ""cos(2 x2)"", ""sin(2 x3)"", ""cos(2 x3)"", ""sin(2 x4)"", ""cos(2 x4)"", ""sin(2 x5)"", ""cos(2 x5)""]","[[478.08630522263485, 20.557735420199347, -905.7480849611662, 0.0, 827.1183415081651, -48.9381846202227, -573.9201410896818, 29.411983103296773, 178.56186375310918, 0.0, -15.841844115699828, -1.4811163247966934, -57.22617442533896, 0.0, 79.98841981174432, 0.0, -44.138347052836714, 0.0, 28.82624407382895, 0.0, 0.0, 0.0, 0.0, 0.0], [279.60447271094307, 20.52048519037368, -399.13520714805315, 0.0, 359.08618265569606, -30.38877823919933, -267.52665987601847, 9.957789402178303, 18.767282527215027, 0.0, 2.8749780493300556, 0.0, -20.48472424330669, 0.0, 0.0, 0.0, 0.0, 0.0, 20.254949396728513, 0.0, 1.282095065647265, 0.0, 4.3632906540383365, 0.0], [135.50444842863232, 11.552190561048791, -58.66912736824479, 0.0, 0.0, 0.0, 44.49048630707809, -6.346670955603806, -103.04662077157036, -4.964143979107958, -19.86350112005323, 0.0, -26.93584849314224, 0.0, 7.284095786751513, 0.0, 0.0, 0.0, 0.0, 0.0, 9.16288764345689, 0.0, 12.039597324079274, 0.0], [22.148999105083526, 0.0, 94.83065025225615, 2.271852323578199, -38.280762567677336, 14.749403769571748, 0.0, 0.0, 61.061688570662234, -18.649464352203445, -138.6856799949081, 1.9517195974375954, -12.138307768720189, 0.0, -8.663877721868447, 0.0, 0.0, 0.0, 0.0, 0.0, -8.70421706464174, 0.0, 28.04357525811691, 0.0], [-18.00223168465717, 0.0, 42.76941846890583, 0.0, 165.95538571180805, 3.7851996160729127, -300.31824544436523, 11.416452417217307, 420.6539871634953, 0.0, -306.2805614734539, -14.759024280072243, 2.192691865591617, 0.0, -20.84095789869797, 0.0, 3.8041276473711307, 0.0, 0.0, 0.0, -30.615514039341367, 0.0, 41.240537058763195, 0.0], [12.167854355702959, -6.235046672096568, -158.41901254268765, 0.0, 533.453113979595, -3.4959126819470003, -788.9792989952397, 24.710284957835096, 887.5438133956868, 0.0, -474.0495123733963, -14.575737337791542, 0.0, 0.0, 0.0, 0.0, -28.590036762356252, 0.0, 44.10903045900862, 0.0, -80.13076074073162, 0.0, 57.139561497194045, 0.0]]",(x0)' =  478.086 sin(1 x0) +  20.558 cos(1 x0) + -905.748 sin(1 x1) +  827.118 sin(1 x2) + -48.938 cos(1 x2) + -573.920 sin(1 x3) +  29.412 cos(1 x3) +  178.562 sin(1 x4) + -15.842 sin(1 x5) + -1.481 cos(1 x5) + -57.226 sin(2 x0) +  79.988 sin(2 x1) + -44.138 sin(2 x2) +  28.826 sin(2 x3) | (x1)' =  279.604 sin(1 x0) +  20.520 cos(1 x0) + -399.135 sin(1 x1) +  359.086 sin(1 x2) + -30.389 cos(1 x2) + -267.527 sin(1 x3) +  9.958 cos(1 x3) +  18.767 sin(1 x4) +  2.875 sin(1 x5) + -20.485 sin(2 x0) +  20.255 sin(2 x3) +  1.282 sin(2 x4) +  4.363 sin(2 x5) | (x2)' =  135.504 sin(1 x0) +  11.552 cos(1 x0) + -58.669 sin(1 x1) +  44.490 sin(1 x3) + -6.347 cos(1 x3) + -103.047 sin(1 x4) + -4.964 cos(1 x4) + -19.864 sin(1 x5) + -26.936 sin(2 x0) +  7.284 sin(2 x1) +  9.163 sin(2 x4) +  12.040 sin(2 x5) | (x3)' =  22.149 sin(1 x0) +  94.831 sin(1 x1) +  2.272 cos(1 x1) + -38.281 sin(1 x2) +  14.749 cos(1 x2) +  61.062 sin(1 x4) + -18.649 cos(1 x4) + -138.686 sin(1 x5) +  1.952 cos(1 x5) + -12.138 sin(2 x0) + -8.664 sin(2 x1) + -8.704 sin(2 x4) +  28.044 sin(2 x5) | (x4)' = -18.002 sin(1 x0) +  42.769 sin(1 x1) +  165.955 sin(1 x2) +  3.785 cos(1 x2) + -300.318 sin(1 x3) +  11.416 cos(1 x3) +  420.654 sin(1 x4) + -306.281 sin(1 x5) + -14.759 cos(1 x5) +  2.193 sin(2 x0) + -20.841 sin(2 x1) +  3.804 sin(2 x2) + -30.616 sin(2 x4) +  41.241 sin(2 x5) | (x5)' =  12.168 sin(1 x0) + -6.235 cos(1 x0) + -158.419 sin(1 x1) +  533.453 sin(1 x2) + -3.496 cos(1 x2) + -788.979 sin(1 x3) +  24.710 cos(1 x3) +  887.544 sin(1 x4) + -474.050 sin(1 x5) + -14.576 cos(1 x5) + -28.590 sin(2 x2) +  44.109 sin(2 x3) + -80.131 sin(2 x4) +  57.140 sin(2 x5)
20,35.0,-0.0007537510658310451,36.85636440218341,1000.0,2,6,1,4.0,20.0,5,20.0,smoothed_finite_difference_savgol_order_3,success,,74,144,51.388888888888886,0.8932827524840832,"[""sin(1 x0)"", ""cos(1 x0)"", ""sin(1 x1)"", ""cos(1 x1)"", ""sin(1 x2)"", ""cos(1 x2)"", ""sin(1 x3)"", ""cos(1 x3)"", ""sin(1 x4)"", ""cos(1 x4)"", ""sin(1 x5)"", ""cos(1 x5)"", ""sin(2 x0)"", ""cos(2 x0)"", ""sin(2 x1)"", ""cos(2 x1)"", ""sin(2 x2)"", ""cos(2 x2)"", ""sin(2 x3)"", ""cos(2 x3)"", ""sin(2 x4)"", ""cos(2 x4)"", ""sin(2 x5)"", ""cos(2 x5)""]","[[425.05909674421594, 27.126202499480595, -830.468596298602, 0.0, 844.151016884144, -72.75497178107487, -651.1184916365971, 51.64350863839996, 220.92462138517973, 0.0, -22.566517654616412, -6.509003670266102, -12.788881712422404, 0.0, 0.0, 0.0, 0.0, 0.0, 22.727467329365556, 0.0, 0.0, 0.0, 0.0, 0.0], [282.84119301854844, 20.29578621128829, -409.66402360941225, 0.0, 371.8535554187532, -30.054442932132904, -274.4798712993805, 9.846243810113458, 20.705385073994083, 0.0, 2.418858902745344, 0.0, -20.40273036067199, 0.0, 0.0, 0.0, 0.0, 0.0, 20.143774750359793, 0.0, 1.1901357561472028, 0.0, 4.496465026481164, 0.0], [137.16634735360557, 11.377332142338638, -61.79694813382558, 0.0, 0.0, 0.0, 46.5712010576095, -6.151335576015455, -102.8346465757351, -4.990251631837383, -20.703738333937007, 0.0, -27.09915724667132, 0.0, 7.641428699747523, 0.0, 0.0, 0.0, 0.0, 0.0, 8.674614034106291, 0.0, 12.344926341929582, 0.0], [22.58683011588975, 0.0, 94.92804295052443, 10.098750731809274, -39.75849198574861, 0.0, 0.0, 0.0, 62.506295265185805, 0.0, -139.21070875075273, -9.84761094780998, -11.842964298449278, 0.0, -9.017192488299338, 0.0, 0.0, 0.0, 0.0, 0.0, -8.118931718975624, 0.0, 27.577405087262818, 0.0], [-18.44508473922963, 0.0, 44.05895358239155, 0.0, 168.2319412008981, 3.6649514197345754, -310.0370424489669, 11.374626122986307, 430.6580284402393, 0.0, -309.71928346236115, -14.604736003186538, 2.298887123261288, 0.0, -21.433609769449184, 0.0, 4.585595962019289, 0.0, 0.0, 0.0, -31.046232761728916, 0.0, 41.396072410941414, 0.0], [31.41682828748104, -1.3422846409553482, -246.78521961116024, 0.0, 687.7946876789748, -25.728215017325287, -881.0811422251711, 48.731871601696874, 854.4605580143059, 0.0, -431.75954987515274, -21.23949460878364, 0.0, 0.0, 0.0, 0.0, -22.59156909848487, 0.0, 0.0, 0.0, 0.0, 0.0, 12.557450042764078, 0.0]]",(x0)' =  425.059 sin(1 x0) +  27.126 cos(1 x0) + -830.469 sin(1 x1) +  844.151 sin(1 x2) + -72.755 cos(1 x2) + -651.118 sin(1 x3) +  51.644 cos(1 x3) +  220.925 sin(1 x4) + -22.567 sin(1 x5) + -6.509 cos(1 x5) + -12.789 sin(2 x0) +  22.727 sin(2 x3) | (x1)' =  282.841 sin(1 x0) +  20.296 cos(1 x0) + -409.664 sin(1 x1) +  371.854 sin(1 x2) + -30.054 cos(1 x2) + -274.480 sin(1 x3) +  9.846 cos(1 x3) +  20.705 sin(1 x4) +  2.419 sin(1 x5) + -20.403 sin(2 x0) +  20.144 sin(2 x3) +  1.190 sin(2 x4) +  4.496 sin(2 x5) | (x2)' =  137.166 sin(1 x0) +  11.377 cos(1 x0) + -61.797 sin(1 x1) +  46.571 sin(1 x3) + -6.151 cos(1 x3) + -102.835 sin(1 x4) + -4.990 cos(1 x4) + -20.704 sin(1 x5) + -27.099 sin(2 x0) +  7.641 sin(2 x1) +  8.675 sin(2 x4) +  12.345 sin(2 x5) | (x3)' =  22.587 sin(1 x0) +  94.928 sin(1 x1) +  10.099 cos(1 x1) + -39.758 sin(1 x2) +  62.506 sin(1 x4) + -139.211 sin(1 x5) + -9.848 cos(1 x5) + -11.843 sin(2 x0) + -9.017 sin(2 x1) + -8.119 sin(2 x4) +  27.577 sin(2 x5) | (x4)' = -18.445 sin(1 x0) +  44.059 sin(1 x1) +  168.232 sin(1 x2) +  3.665 cos(1 x2) + -310.037 sin(1 x3) +  11.375 cos(1 x3) +  430.658 sin(1 x4) + -309.719 sin(1 x5) + -14.605 cos(1 x5) +  2.299 sin(2 x0) + -21.434 sin(2 x1) +  4.586 sin(2 x2) + -31.046 sin(2 x4) +  41.396 sin(2 x5) | (x5)' =  31.417 sin(1 x0) + -1.342 cos(1 x0) + -246.785 sin(1 x1) +  687.795 sin(1 x2) + -25.728 cos(1 x2) + -881.081 sin(1 x3) +  48.732 cos(1 x3) +  854.461 sin(1 x4) + -431.760 sin(1 x5) + -21.239 cos(1 x5) + -22.592 sin(2 x2) +  12.557 sin(2 x5)
21,35.0,-0.0007537510658310451,36.85636440218341,1000.0,2,6,1,4.0,20.0,9,36.0,smoothed_finite_difference_savgol_order_3,success,,75,144,52.083333333333336,0.8952000550925732,"[""sin(1 x0)"", ""cos(1 x0)"", ""sin(1 x1)"", ""cos(1 x1)"", ""sin(1 x2)"", ""cos(1 x2)"", ""sin(1 x3)"", ""cos(1 x3)"", ""sin(1 x4)"", ""cos(1 x4)"", ""sin(1 x5)"", ""cos(1 x5)"", ""sin(2 x0)"", ""cos(2 x0)"", ""sin(2 x1)"", ""cos(2 x1)"", ""sin(2 x2)"", ""cos(2 x2)"", ""sin(2 x3)"", ""cos(2 x3)"", ""sin(2 x4)"", ""cos(2 x4)"", ""sin(2 x5)"", ""cos(2 x5)""]","[[494.2375979473378, 27.52325417558263, -1095.4413456931657, 0.0, 1231.1926871339053, -71.74255926849371, -932.123595287267, 50.37552615912327, 324.88383515544433, 0.0, -38.58586730679186, -6.5403476356031796, 0.0, 0.0, -7.7468386765793165, 0.0, 0.0, 0.0, 21.67008550216756, 0.0, 0.0, 0.0, 0.0, 0.0], [345.84895280883023, 15.936176504132778, -543.1318601196263, 0.0, 429.1233478915117, -19.918625341001277, -202.95038154336942, 4.006205065216082, -58.705286048071244, 0.0, 25.153656745605424, 0.0, -43.36083863187684, 0.0, 36.1974031367439, 0.0, 0.0, 0.0, -14.403504585179922, 0.0, 29.61349623041864, 0.0, -4.062514874777109, 0.0], [153.50026178244914, 8.726892863090145, -92.47707134523816, 0.0, 0.0, 0.0, 66.61884865399578, 0.0, -100.97536881297634, -8.614381617187778, -28.293707047865432, 0.0, -28.91813069079455, 0.0, 11.32072886746179, 0.0, 0.0, 0.0, 0.0, 0.0, 4.271872096702638, 0.0, 14.89476143238552, 0.0], [29.876252275639406, 0.0, 94.27851149094312, 8.742085214303653, -60.647016123200515, 0.0, 0.0, 0.0, 92.55336093851876, 0.0, -154.8857954872544, -8.523267939722652, -14.702994644353439, 0.0, -4.381927503490356, 0.0, 0.0, 0.0, 0.0, 0.0, -11.379520938056281, 0.0, 29.021610415408464, 0.0], [-22.30696221893913, 0.0, 54.683855882028716, 0.0, 195.58425420605238, 2.3066293514941685, -414.12349212583285, 11.191266263243936, 536.6100552046942, 0.0, -346.0672342582326, -13.151275640343059, 3.4285439365926234, 0.0, -27.484608065068407, 0.0, 12.66116877317884, 0.0, 0.0, 0.0, -35.846714372911755, 0.0, 43.310939808108586, 0.0], [31.96574591498186, -5.560265610610584, -249.67714394262904, 0.0, 714.618377603358, -0.08337760399810205, -992.9276087813993, 18.18753284078611, 1017.9743276296132, 0.0, -511.7612918575146, -12.184652032915972, 0.0, 0.0, 0.0, 0.0, -8.5816722915224, 0.0, 0.0, 0.0, -40.77495775019693, 0.0, 42.88347923690644, 0.0]]",(x0)' =  494.238 sin(1 x0) +  27.523 cos(1 x0) + -1095.441 sin(1 x1) +  1231.193 sin(1 x2) + -71.743 cos(1 x2) + -932.124 sin(1 x3) +  50.376 cos(1 x3) +  324.884 sin(1 x4) + -38.586 sin(1 x5) + -6.540 cos(1 x5) + -7.747 sin(2 x1) +  21.670 sin(2 x3) | (x1)' =  345.849 sin(1 x0) +  15.936 cos(1 x0) + -543.132 sin(1 x1) +  429.123 sin(1 x2) + -19.919 cos(1 x2) + -202.950 sin(1 x3) +  4.006 cos(1 x3) + -58.705 sin(1 x4) +  25.154 sin(1 x5) + -43.361 sin(2 x0) +  36.197 sin(2 x1) + -14.404 sin(2 x3) +  29.613 sin(2 x4) + -4.063 sin(2 x5) | (x2)' =  153.500 sin(1 x0) +  8.727 cos(1 x0) + -92.477 sin(1 x1) +  66.619 sin(1 x3) + -100.975 sin(1 x4) + -8.614 cos(1 x4) + -28.294 sin(1 x5) + -28.918 sin(2 x0) +  11.321 sin(2 x1) +  4.272 sin(2 x4) +  14.895 sin(2 x5) | (x3)' =  29.876 sin(1 x0) +  94.279 sin(1 x1) +  8.742 cos(1 x1) + -60.647 sin(1 x2) +  92.553 sin(1 x4) + -154.886 sin(1 x5) + -8.523 cos(1 x5) + -14.703 sin(2 x0) + -4.382 sin(2 x1) + -11.380 sin(2 x4) +  29.022 sin(2 x5) | (x4)' = -22.307 sin(1 x0) +  54.684 sin(1 x1) +  195.584 sin(1 x2) +  2.307 cos(1 x2) + -414.123 sin(1 x3) +  11.191 cos(1 x3) +  536.610 sin(1 x4) + -346.067 sin(1 x5) + -13.151 cos(1 x5) +  3.429 sin(2 x0) + -27.485 sin(2 x1) +  12.661 sin(2 x2) + -35.847 sin(2 x4) +  43.311 sin(2 x5) | (x5)' =  31.966 sin(1 x0) + -5.560 cos(1 x0) + -249.677 sin(1 x1) +  714.618 sin(1 x2) + -0.083 cos(1 x2) + -992.928 sin(1 x3) +  18.188 cos(1 x3) +  1017.974 sin(1 x4) + -511.761 sin(1 x5) + -12.185 cos(1 x5) + -8.582 sin(2 x2) + -40.775 sin(2 x4) +  42.883 sin(2 x5)
22,35.0,-0.0007537510658310451,36.85636440218341,1000.0,2,6,2,8.0,40.0,0,0.0,finite_difference,success,,59,144,40.97222222222222,0.7904030680656433,"[""sin(1 x0)"", ""cos(1 x0)"", ""sin(1 x1)"", ""cos(1 x1)"", ""sin(1 x2)"", ""cos(1 x2)"", ""sin(1 x3)"", ""cos(1 x3)"", ""sin(1 x4)"", ""cos(1 x4)"", ""sin(1 x5)"", ""cos(1 x5)"", ""sin(2 x0)"", ""cos(2 x0)"", ""sin(2 x1)"", ""cos(2 x1)"", ""sin(2 x2)"", ""cos(2 x2)"", ""sin(2 x3)"", ""cos(2 x3)"", ""sin(2 x4)"", ""cos(2 x4)"", ""sin(2 x5)"", ""cos(2 x5)""]","[[132.00130061752577, 15.952049778368652, -148.63168182398275, -24.053310960570766, -4.262301720323206, 0.0, 0.0, 7.602394171597789, 5.203476678917887, 0.0, 0.0, 0.0, -11.45149355255846, 0.0, 0.0, 0.0, 17.820038208695316, 0.0, 0.0, 0.0, 0.0, 0.0, 0.0, 0.0], [98.66393256132741, 10.204277053295083, 0.0, 0.0, -87.87816564275083, -10.118908058253561, -16.39256078192876, 0.0, 0.0, 0.0, 4.205169039663041, 0.0, -21.99290457085236, 0.0, 0.0, 0.0, 18.043441388436285, 0.0, 6.101701858351392, 0.0, 0.0, 0.0, 0.0, 0.0], [14.544180200269903, 0.0, 82.9964214502876, 10.442635990324096, 0.0, 0.0, -75.93732327968269, -10.262781993994704, -31.461537270590036, 0.0, 10.648212753624415, 0.0, -6.066259736793125, 0.0, -16.938151689226267, 0.0, 0.0, 0.0, 16.41244438536279, 0.0, 7.394596239865701, 0.0, 0.0, 0.0], [-9.028834765215533, 0.0, 28.225097863384153, 0.0, 77.77134366053996, 10.346156506756763, 0.0, 0.0, -83.12546202212647, -10.154511846201949, -14.993930558213496, 0.0, 0.0, 0.0, -7.197504742781292, 0.0, -16.558113214879658, 0.0, 0.0, 0.0, 17.031657659248893, 0.0, 6.024287475567465, 0.0], [-4.224083483601873, 0.0, 0.0, 0.0, 20.88026944885258, 0.0, 75.01684540211087, 10.03879143559557, 14.816100437795305, 0.0, -105.72324257049824, -9.800018699786758, 0.0, 0.0, 0.0, 0.0, -6.263069729682021, 0.0, -17.605395771097538, 0.0, 0.0, 0.0, 21.89136454202401, 0.0], [0.0, 0.0, -4.343966512203522, 0.0, 0.0, -8.40089730519573, 2.777411159252855, 0.0, 149.5358635228955, 23.927917923866772, -132.03950328749266, -15.294036076605298, 0.0, 0.0, 0.0, 0.0, 0.0, 0.0, -17.972693453975655, 0.0, 0.0, 0.0, 11.618059794467102, 0.0]]",(x0)' =  132.001 sin(1 x0) +  15.952 cos(1 x0) + -148.632 sin(1 x1) + -24.053 cos(1 x1) + -4.262 sin(1 x2) +  7.602 cos(1 x3) +  5.203 sin(1 x4) + -11.451 sin(2 x0) +  17.820 sin(2 x2) | (x1)' =  98.664 sin(1 x0) +  10.204 cos(1 x0) + -87.878 sin(1 x2) + -10.119 cos(1 x2) + -16.393 sin(1 x3) +  4.205 sin(1 x5) + -21.993 sin(2 x0) +  18.043 sin(2 x2) +  6.102 sin(2 x3) | (x2)' =  14.544 sin(1 x0) +  82.996 sin(1 x1) +  10.443 cos(1 x1) + -75.937 sin(1 x3) + -10.263 cos(1 x3) + -31.462 sin(1 x4) +  10.648 sin(1 x5) + -6.066 sin(2 x0) + -16.938 sin(2 x1) +  16.412 sin(2 x3) +  7.395 sin(2 x4) | (x3)' = -9.029 sin(1 x0) +  28.225 sin(1 x1) +  77.771 sin(1 x2) +  10.346 cos(1 x2) + -83.125 sin(1 x4) + -10.155 cos(1 x4) + -14.994 sin(1 x5) + -7.198 sin(2 x1) + -16.558 sin(2 x2) +  17.032 sin(2 x4) +  6.024 sin(2 x5) | (x4)' = -4.224 sin(1 x0) +  20.880 sin(1 x2) +  75.017 sin(1 x3) +  10.039 cos(1 x3) +  14.816 sin(1 x4) + -105.723 sin(1 x5) + -9.800 cos(1 x5) + -6.263 sin(2 x2) + -17.605 sin(2 x3) +  21.891 sin(2 x5) | (x5)' = -4.344 sin(1 x1) + -8.401 cos(1 x2) +  2.777 sin(1 x3) +  149.536 sin(1 x4) +  23.928 cos(1 x4) + -132.040 sin(1 x5) + -15.294 cos(1 x5) + -17.973 sin(2 x3) +  11.618 sin(2 x5)
23,35.0,-0.0007537510658310451,36.85636440218341,1000.0,2,6,2,8.0,40.0,5,20.0,smoothed_finite_difference_savgol_order_3,success,,59,144,40.97222222222222,0.7986291460692883,"[""sin(1 x0)"", ""cos(1 x0)"", ""sin(1 x1)"", ""cos(1 x1)"", ""sin(1 x2)"", ""cos(1 x2)"", ""sin(1 x3)"", ""cos(1 x3)"", ""sin(1 x4)"", ""cos(1 x4)"", ""sin(1 x5)"", ""cos(1 x5)"", ""sin(2 x0)"", ""cos(2 x0)"", ""sin(2 x1)"", ""cos(2 x1)"", ""sin(2 x2)"", ""cos(2 x2)"", ""sin(2 x3)"", ""cos(2 x3)"", ""sin(2 x4)"", ""cos(2 x4)"", ""sin(2 x5)"", ""cos(2 x5)""]","[[132.30349774363302, 15.871550716419877, -148.35743124941547, -23.91377863856887, -4.941972657550914, 0.0, 0.0, 7.5585492079127, 5.412480819778465, 0.0, 0.0, 0.0, -11.515213654686804, 0.0, 0.0, 0.0, 17.95582499385971, 0.0, 0.0, 0.0, 0.0, 0.0, 0.0, 0.0], [98.35387707335215, 10.065506414581055, 0.0, 0.0, -87.14255998038078, -9.984016545451702, -16.97263747734549, 0.0, 0.0, 0.0, 4.327021289273079, 0.0, -21.908436929997126, 0.0, 0.0, 0.0, 17.869071828496438, 0.0, 6.206036457483726, 0.0, 0.0, 0.0, 0.0, 0.0], [15.142742152755016, 0.0, 81.93069892927917, 10.311958197900124, 0.0, 0.0, -74.62072263607607, -10.134430353948721, -32.546976199928174, 0.0, 10.886496095746066, 0.0, -6.173309671997326, 0.0, -16.703176160513824, 0.0, 0.0, 0.0, 16.15342302451627, 0.0, 7.54347430889357, 0.0, 0.0, 0.0], [-9.253295300418511, 0.0, 29.257281977811335, 0.0, 76.50071331082425, 10.20928587709686, 0.0, 0.0, -82.06271007354098, -10.019959929562189, -15.597870540780177, 0.0, 0.0, 0.0, -7.3376610385119205, 0.0, -16.304878182770455, 0.0, 0.0, 0.0, 16.79923294986563, 0.0, 6.134801072440409, 0.0], [-4.390223194154759, 0.0, 0.0, 0.0, 21.813821406377507, 0.0, 73.45953789841853, 9.892632753546302, 15.657853334169017, 0.0, -105.76066228733232, -9.656851411794833, 0.0, 0.0, 0.0, 0.0, -6.3733066949882495, 0.0, -17.40676758600859, 0.0, 0.0, 0.0, 21.792112528880732, 0.0], [0.0, 0.0, -4.540172647534348, 0.0, 0.0, -8.302606140753992, 3.373376358155581, 0.0, 149.3778022855287, 23.660433755297326, -132.39078833270895, -15.13234365396461, 0.0, 0.0, 0.0, 0.0, 0.0, 0.0, -18.101966890747757, 0.0, 0.0, 0.0, 11.674517089479197, 0.0]]",(x0)' =  132.303 sin(1 x0) +  15.872 cos(1 x0) + -148.357 sin(1 x1) + -23.914 cos(1 x1) + -4.942 sin(1 x2) +  7.559 cos(1 x3) +  5.412 sin(1 x4) + -11.515 sin(2 x0) +  17.956 sin(2 x2) | (x1)' =  98.354 sin(1 x0) +  10.066 cos(1 x0) + -87.143 sin(1 x2) + -9.984 cos(1 x2) + -16.973 sin(1 x3) +  4.327 sin(1 x5) + -21.908 sin(2 x0) +  17.869 sin(2 x2) +  6.206 sin(2 x3) | (x2)' =  15.143 sin(1 x0) +  81.931 sin(1 x1) +  10.312 cos(1 x1) + -74.621 sin(1 x3) + -10.134 cos(1 x3) + -32.547 sin(1 x4) +  10.886 sin(1 x5) + -6.173 sin(2 x0) + -16.703 sin(2 x1) +  16.153 sin(2 x3) +  7.543 sin(2 x4) | (x3)' = -9.253 sin(1 x0) +  29.257 sin(1 x1) +  76.501 sin(1 x2) +  10.209 cos(1 x2) + -82.063 sin(1 x4) + -10.020 cos(1 x4) + -15.598 sin(1 x5) + -7.338 sin(2 x1) + -16.305 sin(2 x2) +  16.799 sin(2 x4) +  6.135 sin(2 x5) | (x4)' = -4.390 sin(1 x0) +  21.814 sin(1 x2) +  73.460 sin(1 x3) +  9.893 cos(1 x3) +  15.658 sin(1 x4) + -105.761 sin(1 x5) + -9.657 cos(1 x5) + -6.373 sin(2 x2) + -17.407 sin(2 x3) +  21.792 sin(2 x5) | (x5)' = -4.540 sin(1 x1) + -8.303 cos(1 x2) +  3.373 sin(1 x3) +  149.378 sin(1 x4) +  23.660 cos(1 x4) + -132.391 sin(1 x5) + -15.132 cos(1 x5) + -18.102 sin(2 x3) +  11.675 sin(2 x5)
24,35.0,-0.0007537510658310451,36.85636440218341,1000.0,2,6,2,8.0,40.0,9,36.0,smoothed_finite_difference_savgol_order_3,success,,56,144,38.888888888888886,0.7094426807016134,"[""sin(1 x0)"", ""cos(1 x0)"", ""sin(1 x1)"", ""cos(1 x1)"", ""sin(1 x2)"", ""cos(1 x2)"", ""sin(1 x3)"", ""cos(1 x3)"", ""sin(1 x4)"", ""cos(1 x4)"", ""sin(1 x5)"", ""cos(1 x5)"", ""sin(2 x0)"", ""cos(2 x0)"", ""sin(2 x1)"", ""cos(2 x1)"", ""sin(2 x2)"", ""cos(2 x2)"", ""sin(2 x3)"", ""cos(2 x3)"", ""sin(2 x4)"", ""cos(2 x4)"", ""sin(2 x5)"", ""cos(2 x5)""]","[[134.92957099280076, 13.745324193699085, -146.07528551953286, -15.1979266677803, -10.772872840231088, 0.0, 0.0, 0.0, 7.203704854650509, 0.0, 0.0, 0.0, -11.976569656177142, 0.0, 0.0, 0.0, 19.069872498071817, 0.0, 0.0, 0.0, 0.0, 0.0, 0.0, 0.0], [95.54493293504125, 8.6959001277316, 0.0, 0.0, -80.54860685086643, -8.645329551169537, -21.93708398661665, 0.0, 0.0, 0.0, 5.2060457516522565, 0.0, -21.13688039488446, 0.0, 0.0, 0.0, 16.325372881335397, 0.0, 7.03441084807708, 0.0, 0.0, 0.0, 0.0, 0.0], [18.95912769153683, 0.0, 76.39660285639692, 9.02997317554428, 0.0, 0.0, -75.99477559201546, -8.84262664285511, -19.63173625999436, 0.0, 0.0, 0.0, -6.924181647705034, 0.0, -15.089587240300132, 0.0, 0.0, 0.0, 15.135725437483101, 0.0, 6.927176658225352, 0.0, 0.0, 0.0], [0.0, 0.0, 19.105447162909364, 0.0, 76.17839543952442, 9.03390004233852, 0.0, 0.0, -75.82423207216935, -8.856548000944368, -19.722788605039764, 0.0, 0.0, 0.0, -6.946536014100375, 0.0, -15.063037560717142, 0.0, 0.0, 0.0, 15.117419635093185, 0.0, 6.935126069393865, 0.0], [-5.7583353785511155, 0.0, 0.0, 0.0, 30.575880725939655, 0.0, 58.271834817439704, 8.4751058116582, 24.111220886311315, 0.0, -106.26046026666168, -8.270427978882294, 0.0, 0.0, 0.0, 0.0, -7.298121658181584, 0.0, -15.592987610336964, 0.0, 0.0, 0.0, 20.839091961798506, 0.0], [0.0, 0.0, -6.311086945252155, 0.0, 0.0, -7.245853206166229, 9.27157546047808, 0.0, 147.22739034143075, 20.839190836364125, -135.43608706866755, -13.423135260363821, 0.0, 0.0, 0.0, 0.0, 0.0, 0.0, -19.21378062020645, 0.0, 0.0, 0.0, 12.24652804121834, 0.0]]",(x0)' =  134.930 sin(1 x0) +  13.745 cos(1 x0) + -146.075 sin(1 x1) + -15.198 cos(1 x1) + -10.773 sin(1 x2) +  7.204 sin(1 x4) + -11.977 sin(2 x0) +  19.070 sin(2 x2) | (x1)' =  95.545 sin(1 x0) +  8.696 cos(1 x0) + -80.549 sin(1 x2) + -8.645 cos(1 x2) + -21.937 sin(1 x3) +  5.206 sin(1 x5) + -21.137 sin(2 x0) +  16.325 sin(2 x2) +  7.034 sin(2 x3) | (x2)' =  18.959 sin(1 x0) +  76.397 sin(1 x1) +  9.030 cos(1 x1) + -75.995 sin(1 x3) + -8.843 cos(1 x3) + -19.632 sin(1 x4) + -6.924 sin(2 x0) + -15.090 sin(2 x1) +  15.136 sin(2 x3) +  6.927 sin(2 x4) | (x3)' =  19.105 sin(1 x1) +  76.178 sin(1 x2) +  9.034 cos(1 x2) + -75.824 sin(1 x4) + -8.857 cos(1 x4) + -19.723 sin(1 x5) + -6.947 sin(2 x1) + -15.063 sin(2 x2) +  15.117 sin(2 x4) +  6.935 sin(2 x5) | (x4)' = -5.758 sin(1 x0) +  30.576 sin(1 x2) +  58.272 sin(1 x3) +  8.475 cos(1 x3) +  24.111 sin(1 x4) + -106.260 sin(1 x5) + -8.270 cos(1 x5) + -7.298 sin(2 x2) + -15.593 sin(2 x3) +  20.839 sin(2 x5) | (x5)' = -6.311 sin(1 x1) + -7.246 cos(1 x2) +  9.272 sin(1 x3) +  147.227 sin(1 x4) +  20.839 cos(1 x4) + -135.436 sin(1 x5) + -13.423 cos(1 x5) + -19.214 sin(2 x3) +  12.247 sin(2 x5)
25,35.0,-0.0007537510658310451,36.85636440218341,1000.0,2,6,5,20.0,100.0,0,0.0,finite_difference,success,,34,144,23.61111111111111,0.5946153588593006,"[""sin(1 x0)"", ""cos(1 x0)"", ""sin(1 x1)"", ""cos(1 x1)"", ""sin(1 x2)"", ""cos(1 x2)"", ""sin(1 x3)"", ""cos(1 x3)"", ""sin(1 x4)"", ""cos(1 x4)"", ""sin(1 x5)"", ""cos(1 x5)"", ""sin(2 x0)"", ""cos(2 x0)"", ""sin(2 x1)"", ""cos(2 x1)"", ""sin(2 x2)"", ""cos(2 x2)"", ""sin(2 x3)"", ""cos(2 x3)"", ""sin(2 x4)"", ""cos(2 x4)"", ""sin(2 x5)"", ""cos(2 x5)""]","[[22.547502652932486, 0.0, -68.52752460865442, 0.0, 16.52197414925344, 0.0, 4.284377701780297, 0.0, 6.28735297893689, 0.0, 0.0, 0.0, 0.0, 0.0, 13.45548932111737, 0.0, 0.0, 0.0, 0.0, 0.0, 0.0, 0.0, 0.0, 0.0], [56.490078903276114, 0.0, 0.0, 0.0, -62.87211636272985, 0.0, 9.338563645436174, 0.0, 0.0, 0.0, 0.0, 0.0, -13.122807131609695, 0.0, 0.0, 0.0, 14.200880698233838, 0.0, 0.0, 0.0, 0.0, 0.0, 0.0, 0.0], [-12.051171410011865, 0.0, 62.3684864571885, 0.0, 0.0, 0.0, -62.369379127231525, 0.0, 12.054761922510837, 0.0, 0.0, 0.0, 0.0, 0.0, -14.3922021478117, 0.0, 0.0, 0.0, 14.353291351726371, 0.0, 0.0, 0.0, 0.0, 0.0], [0.0, 0.0, -12.048005957647739, 0.0, 62.3214877919714, 0.0, 0.0, 0.0, -62.39166537837533, 0.0, 12.072717191209819, 0.0, 0.0, 0.0, 0.0, 0.0, -14.345932764893222, 0.0, 0.0, 0.0, 14.369643082314639, 0.0, 0.0, 0.0], [0.0, 0.0, 0.0, 0.0, -9.384823679812701, 0.0, 62.90992684044423, 0.0, 0.0, 0.0, -56.55093659063542, 0.0, 0.0, 0.0, 0.0, 0.0, 0.0, 0.0, -14.316860813480437, 0.0, 0.0, 0.0, 13.148680128941356, 0.0], [0.0, 0.0, -7.819967995085842, 0.0, 0.0, 0.0, -18.335157209599696, 0.0, 71.26707798067356, 0.0, -29.24729583782917, 0.0, 0.0, 0.0, 0.0, 0.0, 0.0, 0.0, 0.0, 0.0, -15.350218051220839, 0.0, 8.056886853666809, 0.0]]",(x0)' =  22.548 sin(1 x0) + -68.528 sin(1 x1) +  16.522 sin(1 x2) +  4.284 sin(1 x3) +  6.287 sin(1 x4) +  13.455 sin(2 x1) | (x1)' =  56.490 sin(1 x0) + -62.872 sin(1 x2) +  9.339 sin(1 x3) + -13.123 sin(2 x0) +  14.201 sin(2 x2) | (x2)' = -12.051 sin(1 x0) +  62.368 sin(1 x1) + -62.369 sin(1 x3) +  12.055 sin(1 x4) + -14.392 sin(2 x1) +  14.353 sin(2 x3) | (x3)' = -12.048 sin(1 x1) +  62.321 sin(1 x2) + -62.392 sin(1 x4) +  12.073 sin(1 x5) + -14.346 sin(2 x2) +  14.370 sin(2 x4) | (x4)' = -9.385 sin(1 x2) +  62.910 sin(1 x3) + -56.551 sin(1 x5) + -14.317 sin(2 x3) +  13.149 sin(2 x5) | (x5)' = -7.820 sin(1 x1) + -18.335 sin(1 x3) +  71.267 sin(1 x4) + -29.247 sin(1 x5) + -15.350 sin(2 x4) +  8.057 sin(2 x5)
26,35.0,-0.0007537510658310451,36.85636440218341,1000.0,2,6,5,20.0,100.0,5,20.0,smoothed_finite_difference_savgol_order_3,success,,34,144,23.61111111111111,0.6003073509782553,"[""sin(1 x0)"", ""cos(1 x0)"", ""sin(1 x1)"", ""cos(1 x1)"", ""sin(1 x2)"", ""cos(1 x2)"", ""sin(1 x3)"", ""cos(1 x3)"", ""sin(1 x4)"", ""cos(1 x4)"", ""sin(1 x5)"", ""cos(1 x5)"", ""sin(2 x0)"", ""cos(2 x0)"", ""sin(2 x1)"", ""cos(2 x1)"", ""sin(2 x2)"", ""cos(2 x2)"", ""sin(2 x3)"", ""cos(2 x3)"", ""sin(2 x4)"", ""cos(2 x4)"", ""sin(2 x5)"", ""cos(2 x5)""]","[[22.89615565763408, 0.0, -69.1256917214701, 0.0, 16.957858272921115, 0.0, 4.024065379898095, 0.0, 6.3400691979595125, 0.0, 0.0, 0.0, 0.0, 0.0, 13.54076752174389, 0.0, 0.0, 0.0, 0.0, 0.0, 0.0, 0.0, 0.0, 0.0], [56.615757148892826, 0.0, 0.0, 0.0, -63.16304064235641, 0.0, 9.538540240127174, 0.0, 0.0, 0.0, 0.0, 0.0, -13.154780078159689, 0.0, 0.0, 0.0, 14.258488814038495, 0.0, 0.0, 0.0, 0.0, 0.0, 0.0, 0.0], [-12.307703145081073, 0.0, 62.652183580339475, 0.0, 0.0, 0.0, -62.66104298797689, 0.0, 12.314290081919072, 0.0, 0.0, 0.0, 0.0, 0.0, -14.45403067162329, 0.0, 0.0, 0.0, 14.418591226868509, 0.0, 0.0, 0.0, 0.0, 0.0], [0.0, 0.0, -12.30454547487375, 0.0, 62.60511117355669, 0.0, 0.0, 0.0, -62.68246988048205, 0.0, 12.331521822863175, 0.0, 0.0, 0.0, 0.0, 0.0, -14.407785160104131, 0.0, 0.0, 0.0, 14.434553491255867, 0.0, 0.0, 0.0], [0.0, 0.0, 0.0, 0.0, -9.580859947483647, 0.0, 63.19660629496963, 0.0, 0.0, 0.0, -56.68468004648257, 0.0, 0.0, 0.0, 0.0, 0.0, 0.0, 0.0, -14.375839629462966, 0.0, 0.0, 0.0, 13.185859195922173, 0.0], [0.0, 0.0, -7.774709727991503, 0.0, 0.0, 0.0, -18.668505531634498, 0.0, 71.87572436299854, 0.0, -29.660290266084836, 0.0, 0.0, 0.0, 0.0, 0.0, 0.0, 0.0, 0.0, 0.0, -15.46852688050442, 0.0, 8.14825284591154, 0.0]]",(x0)' =  22.896 sin(1 x0) + -69.126 sin(1 x1) +  16.958 sin(1 x2) +  4.024 sin(1 x3) +  6.340 sin(1 x4) +  13.541 sin(2 x1) | (x1)' =  56.616 sin(1 x0) + -63.163 sin(1 x2) +  9.539 sin(1 x3) + -13.155 sin(2 x0) +  14.258 sin(2 x2) | (x2)' = -12.308 sin(1 x0) +  62.652 sin(1 x1) + -62.661 sin(1 x3) +  12.314 sin(1 x4) + -14.454 sin(2 x1) +  14.419 sin(2 x3) | (x3)' = -12.305 sin(1 x1) +  62.605 sin(1 x2) + -62.682 sin(1 x4) +  12.332 sin(1 x5) + -14.408 sin(2 x2) +  14.435 sin(2 x4) | (x4)' = -9.581 sin(1 x2) +  63.197 sin(1 x3) + -56.685 sin(1 x5) + -14.376 sin(2 x3) +  13.186 sin(2 x5) | (x5)' = -7.775 sin(1 x1) + -18.669 sin(1 x3) +  71.876 sin(1 x4) + -29.660 sin(1 x5) + -15.469 sin(2 x4) +  8.148 sin(2 x5)
27,35.0,-0.0007537510658310451,36.85636440218341,1000.0,2,6,5,20.0,100.0,9,36.0,smoothed_finite_difference_savgol_order_3,success,,34,144,23.61111111111111,0.6068074330687523,"[""sin(1 x0)"", ""cos(1 x0)"", ""sin(1 x1)"", ""cos(1 x1)"", ""sin(1 x2)"", ""cos(1 x2)"", ""sin(1 x3)"", ""cos(1 x3)"", ""sin(1 x4)"", ""cos(1 x4)"", ""sin(1 x5)"", ""cos(1 x5)"", ""sin(2 x0)"", ""cos(2 x0)"", ""sin(2 x1)"", ""cos(2 x1)"", ""sin(2 x2)"", ""cos(2 x2)"", ""sin(2 x3)"", ""cos(2 x3)"", ""sin(2 x4)"", ""cos(2 x4)"", ""sin(2 x5)"", ""cos(2 x5)""]","[[34.14200947483373, 0.0, -77.74685683823897, 0.0, 22.0097013889235, 0.0, 0.0, 0.0, 6.981593584565401, 0.0, 0.0, 0.0, -8.878868109332224, 0.0, 16.200534621713114, 0.0, 0.0, 0.0, 0.0, 0.0, 0.0, 0.0, 0.0, 0.0], [57.279737931725144, 0.0, 0.0, 0.0, -65.22465217538428, 0.0, 11.105617290083154, 0.0, 0.0, 0.0, 0.0, 0.0, -13.320909377921055, 0.0, 0.0, 0.0, 14.615823278116947, 0.0, 0.0, 0.0, 0.0, 0.0, 0.0, 0.0], [-14.332941527296068, 0.0, 64.72750805382557, 0.0, 0.0, 0.0, -64.78791735827188, 0.0, 14.35725429803592, 0.0, 0.0, 0.0, 0.0, 0.0, -14.867892887603759, 0.0, 0.0, 0.0, 14.85953432642257, 0.0, 0.0, 0.0, 0.0, 0.0], [0.0, 0.0, -14.32676593647208, 0.0, 64.67979295531936, 0.0, 0.0, 0.0, -64.80533862530545, 0.0, 14.363183666090805, 0.0, 0.0, 0.0, 0.0, 0.0, -14.817275679149818, 0.0, 0.0, 0.0, 14.877203741389712, 0.0, 0.0, 0.0], [0.0, 0.0, 0.0, 0.0, -11.130292245515058, 0.0, 65.24426896673415, 0.0, 0.0, 0.0, -57.40905999010686, 0.0, 0.0, 0.0, 0.0, 0.0, 0.0, 0.0, -14.755336125960698, 0.0, 0.0, 0.0, 13.398976487847541, 0.0], [0.0, 0.0, -7.235281261055595, 0.0, 0.0, 0.0, -21.759478573339692, 0.0, 77.70896088894416, 0.0, -34.03416409182427, 0.0, 0.0, 0.0, 0.0, 0.0, 0.0, 0.0, 0.0, 0.0, -16.569094998794835, 0.0, 9.076524780801423, 0.0]]",(x0)' =  34.142 sin(1 x0) + -77.747 sin(1 x1) +  22.010 sin(1 x2) +  6.982 sin(1 x4) + -8.879 sin(2 x0) +  16.201 sin(2 x1) | (x1)' =  57.280 sin(1 x0) + -65.225 sin(1 x2) +  11.106 sin(1 x3) + -13.321 sin(2 x0) +  14.616 sin(2 x2) | (x2)' = -14.333 sin(1 x0) +  64.728 sin(1 x1) + -64.788 sin(1 x3) +  14.357 sin(1 x4) + -14.868 sin(2 x1) +  14.860 sin(2 x3) | (x3)' = -14.327 sin(1 x1) +  64.680 sin(1 x2) + -64.805 sin(1 x4) +  14.363 sin(1 x5) + -14.817 sin(2 x2) +  14.877 sin(2 x4) | (x4)' = -11.130 sin(1 x2) +  65.244 sin(1 x3) + -57.409 sin(1 x5) + -14.755 sin(2 x3) +  13.399 sin(2 x5) | (x5)' = -7.235 sin(1 x1) + -21.759 sin(1 x3) +  77.709 sin(1 x4) + -34.034 sin(1 x5) + -16.569 sin(2 x4) +  9.077 sin(2 x5)
28,35.0,-0.0007537510658310451,36.85636440218341,1000.0,2,8,1,4.0,28.0,0,0.0,finite_difference,success,,109,256,42.578125,1.4575459733605385,"[""sin(1 x0)"", ""cos(1 x0)"", ""sin(1 x1)"", ""cos(1 x1)"", ""sin(1 x2)"", ""cos(1 x2)"", ""sin(1 x3)"", ""cos(1 x3)"", ""sin(1 x4)"", ""cos(1 x4)"", ""sin(1 x5)"", ""cos(1 x5)"", ""sin(1 x6)"", ""cos(1 x6)"", ""sin(1 x7)"", ""cos(1 x7)"", ""sin(2 x0)"", ""cos(2 x0)"", ""sin(2 x1)"", ""cos(2 x1)"", ""sin(2 x2)"", ""cos(2 x2)"", ""sin(2 x3)"", ""cos(2 x3)"", ""sin(2 x4)"", ""cos(2 x4)"", ""sin(2 x5)"", ""cos(2 x5)"", ""sin(2 x6)"", ""cos(2 x6)"", ""sin(2 x7)"", ""cos(2 x7)""]","[[479.38579515907855, 11.458323078731423, -910.2841480182287, 0.0, 837.0452540783233, -12.760446630551362, -592.4200293402708, 0.0, 190.1300774898206, 0.0, 0.0, 0.0, -30.6694539661331, 0.0, 16.099401280727633, 0.0, -59.21357724033, 0.0, 83.86641573191353, 0.0, -47.215650524001774, 0.0, 32.983950753206344, 0.0, -3.389250294140763, 0.0, 0.0, 0.0, 0.0, 0.0, 0.0, 0.0], [315.5874827452192, 18.364081685584427, -473.9290950892407, 0.0, 422.54740264953944, -23.498596228493053, -329.7339476452631, 5.136180536198311, 103.46218802085255, 0.0, -55.93213582472531, 0.0, 0.0, 0.0, 13.572913002296415, 0.0, -40.515221560348756, 0.0, 29.878372116318243, 0.0, 0.0, 0.0, -3.476613442628941, 0.0, 18.942001136191184, 0.0, 0.0, 0.0, 0.0, 0.0, 0.0, 0.0], [129.30378751800424, 11.557471828121185, -44.196216201553774, 0.0, 0.0, 0.0, -4.103274698709981, -6.63062462289942, -9.057625151558927, -4.688179153565289, -102.3942652997258, 0.0, 29.226165481754155, 0.0, 0.0, 0.0, -27.283705711457312, 0.0, 7.773906684749278, 0.0, 0.0, 0.0, 0.0, 0.0, 7.862861968756858, 0.0, 13.41448671800542, 0.0, 0.0, 0.0, 0.0, 0.0], [27.217362191018363, 0.0, 72.45544204334222, 10.358626193308712, -2.321048742712816, 0.0, 0.0, 0.0, -28.41123327622494, 0.0, 4.047207469409594, -10.199633804454415, -95.2343670558482, 0.0, 21.80655359896587, 0.0, -10.34982572170352, 0.0, -11.662150968434286, 0.0, 0.0, 0.0, 0.0, 0.0, 0.0, 0.0, 16.06051844441956, 0.0, 0.0, 0.0, 7.161437392562075, 0.0], [-18.283845480669065, 0.0, 85.59306815432501, 0.0, 5.029573555003164, 10.388584914205072, 23.26776908557237, 0.0, 0.0, 0.0, 10.358824247190654, 0.0, -80.90797242950364, -10.164899298546732, -25.075926684374277, 0.0, -7.054051422311816, 0.0, 0.0, 0.0, -16.090660190429542, 0.0, 0.0, 0.0, 0.0, 0.0, 0.0, 0.0, 11.58202278685762, 0.0, 10.506722571505197, 0.0], [0.0, 0.0, -27.198336309451005, 0.0, 98.70429200860553, 0.0, 7.532414883879817, 10.178072085359121, 7.412387797245024, 0.0, 0.0, 0.0, 46.3004517691538, 0.0, -132.05874982358264, -9.934224441778056, 0.0, 0.0, 0.0, 0.0, -12.888465211104272, 0.0, -8.218507741897808, 0.0, 0.0, 0.0, 0.0, 0.0, -8.340346492647866, 0.0, 27.842994944845948, 0.0], [-11.838262985927093, 0.0, 0.0, 0.0, 48.23584754897554, 0.0, -85.96619135937941, 0.0, 298.64904336185526, 3.6048269836744455, -390.29671179631146, 11.505141763121351, 459.396182199302, 0.0, -314.0023256925482, -14.679706937095053, 0.0, 0.0, 0.0, 0.0, 0.0, 0.0, -17.600234419001968, 0.0, 2.0852149709776118, 0.0, 0.0, 0.0, -29.83079099804187, 0.0, 40.67330802290285, 0.0], [-12.801695286366144, 0.0, 25.03408612763343, -2.940242950074977, 0.0, 0.0, -178.0171726060646, 0.0, 572.2320943017041, -12.182546306101209, -820.5020605993965, 31.243036667224548, 901.2765125630567, 0.0, -476.5424936298595, -15.751485828874905, 0.0, 0.0, 0.0, 0.0, 0.0, 0.0, 6.1064351538117245, 0.0, -40.2673294060173, 0.0, 54.09297310190861, 0.0, -85.12775836960368, 0.0, 58.366416797232446, 0.0]]",(x0)' =  479.386 sin(1 x0) +  11.458 cos(1 x0) + -910.284 sin(1 x1) +  837.045 sin(1 x2) + -12.760 cos(1 x2) + -592.420 sin(1 x3) +  190.130 sin(1 x4) + -30.669 sin(1 x6) +  16.099 sin(1 x7) + -59.214 sin(2 x0) +  83.866 sin(2 x1) + -47.216 sin(2 x2) +  32.984 sin(2 x3) + -3.389 sin(2 x4) | (x1)' =  315.587 sin(1 x0) +  18.364 cos(1 x0) + -473.929 sin(1 x1) +  422.547 sin(1 x2) + -23.499 cos(1 x2) + -329.734 sin(1 x3) +  5.136 cos(1 x3) +  103.462 sin(1 x4) + -55.932 sin(1 x5) +  13.573 sin(1 x7) + -40.515 sin(2 x0) +  29.878 sin(2 x1) + -3.477 sin(2 x3) +  18.942 sin(2 x4) | (x2)' =  129.304 sin(1 x0) +  11.557 cos(1 x0) + -44.196 sin(1 x1) + -4.103 sin(1 x3) + -6.631 cos(1 x3) + -9.058 sin(1 x4) + -4.688 cos(1 x4) + -102.394 sin(1 x5) +  29.226 sin(1 x6) + -27.284 sin(2 x0) +  7.774 sin(2 x1) +  7.863 sin(2 x4) +  13.414 sin(2 x5) | (x3)' =  27.217 sin(1 x0) +  72.455 sin(1 x1) +  10.359 cos(1 x1) + -2.321 sin(1 x2) + -28.411 sin(1 x4) +  4.047 sin(1 x5) + -10.200 cos(1 x5) + -95.234 sin(1 x6) +  21.807 sin(1 x7) + -10.350 sin(2 x0) + -11.662 sin(2 x1) +  16.061 sin(2 x5) +  7.161 sin(2 x7) | (x4)' = -18.284 sin(1 x0) +  85.593 sin(1 x1) +  5.030 sin(1 x2) +  10.389 cos(1 x2) +  23.268 sin(1 x3) +  10.359 sin(1 x5) + -80.908 sin(1 x6) + -10.165 cos(1 x6) + -25.076 sin(1 x7) + -7.054 sin(2 x0) + -16.091 sin(2 x2) +  11.582 sin(2 x6) +  10.507 sin(2 x7) | (x5)' = -27.198 sin(1 x1) +  98.704 sin(1 x2) +  7.532 sin(1 x3) +  10.178 cos(1 x3) +  7.412 sin(1 x4) +  46.300 sin(1 x6) + -132.059 sin(1 x7) + -9.934 cos(1 x7) + -12.888 sin(2 x2) + -8.219 sin(2 x3) + -8.340 sin(2 x6) +  27.843 sin(2 x7) | (x6)' = -11.838 sin(1 x0) +  48.236 sin(1 x2) + -85.966 sin(1 x3) +  298.649 sin(1 x4) +  3.605 cos(1 x4) + -390.297 sin(1 x5) +  11.505 cos(1 x5) +  459.396 sin(1 x6) + -314.002 sin(1 x7) + -14.680 cos(1 x7) + -17.600 sin(2 x3) +  2.085 sin(2 x4) + -29.831 sin(2 x6) +  40.673 sin(2 x7) | (x7)' = -12.802 sin(1 x0) +  25.034 sin(1 x1) + -2.940 cos(1 x1) + -178.017 sin(1 x3) +  572.232 sin(1 x4) + -12.183 cos(1 x4) + -820.502 sin(1 x5) +  31.243 cos(1 x5) +  901.277 sin(1 x6) + -476.542 sin(1 x7) + -15.751 cos(1 x7) +  6.106 sin(2 x3) + -40.267 sin(2 x4) +  54.093 sin(2 x5) + -85.128 sin(2 x6) +  58.366 sin(2 x7)
29,35.0,-0.0007537510658310451,36.85636440218341,1000.0,2,8,1,4.0,28.0,5,20.0,smoothed_finite_difference_savgol_order_3,success,,107,256,41.796875,1.353460904210806,"[""sin(1 x0)"", ""cos(1 x0)"", ""sin(1 x1)"", ""cos(1 x1)"", ""sin(1 x2)"", ""cos(1 x2)"", ""sin(1 x3)"", ""cos(1 x3)"", ""sin(1 x4)"", ""cos(1 x4)"", ""sin(1 x5)"", ""cos(1 x5)"", ""sin(1 x6)"", ""cos(1 x6)"", ""sin(1 x7)"", ""cos(1 x7)"", ""sin(2 x0)"", ""cos(2 x0)"", ""sin(2 x1)"", ""cos(2 x1)"", ""sin(2 x2)"", ""cos(2 x2)"", ""sin(2 x3)"", ""cos(2 x3)"", ""sin(2 x4)"", ""cos(2 x4)"", ""sin(2 x5)"", ""cos(2 x5)"", ""sin(2 x6)"", ""cos(2 x6)"", ""sin(2 x7)"", ""cos(2 x7)""]","[[476.90653792082037, 11.378673077055808, -891.2369536246764, 0.0, 783.5144047416202, -12.650112807930055, -512.4518741334895, 0.0, 131.67753649846685, 0.0, 0.0, 0.0, 0.0, 0.0, 0.6084741989105548, 0.0, -60.071979442319694, 0.0, 85.7871665786887, 0.0, -49.190178173143536, 0.0, 33.570217352916345, 0.0, -3.100237220337156, 0.0, 0.0, 0.0, 0.0, 0.0, 0.0, 0.0], [319.62199608361146, 18.135274875870557, -487.11431815843446, 0.0, 439.8006871141618, -23.160145713671607, -342.71248606582225, 5.0261977093139425, 111.65774358757012, 0.0, -59.76215731012335, 0.0, 0.0, 0.0, 14.119856512063286, 0.0, -40.638851066239276, 0.0, 30.260104177158656, 0.0, 0.0, 0.0, -4.130618762415779, 0.0, 19.329304352086822, 0.0, 0.0, 0.0, 0.0, 0.0, 0.0, 0.0], [130.7592732437655, 11.381965604882337, -46.80692806857669, 0.0, 0.0, 0.0, -3.6675658308953962, -6.420615477825222, -6.032389058043782, -4.728392325188232, -105.27566892480088, 0.0, 29.783253832713843, 0.0, 0.0, 0.0, -27.460600806846045, 0.0, 8.148461576511524, 0.0, 0.0, 0.0, 0.0, 0.0, 7.353433145694163, 0.0, 13.734024723740395, 0.0, 0.0, 0.0, 0.0, 0.0], [28.264022792083573, 0.0, 71.17828988275777, 10.226211538260795, -2.5627368974227562, 0.0, 0.0, 0.0, -29.572609239460814, 0.0, 8.374620244831595, -10.069494234525573, -98.42701268159375, 0.0, 22.295370958092576, 0.0, -10.588119887614756, 0.0, -11.29342320749237, 0.0, 0.0, 0.0, 0.0, 0.0, 0.0, 0.0, 15.79233129864441, 0.0, 0.0, 0.0, 7.305620465189547, 0.0], [-18.59478624378723, 0.0, 88.08822626114467, 0.0, 1.696463525468329, 10.252614003671834, 23.85871733801818, 0.0, 0.0, 0.0, 10.700932350365642, 0.0, -79.57410410839043, -10.03175568573426, -26.183168409379547, 0.0, -7.1885424703770395, 0.0, 0.0, 0.0, -15.82921254871574, 0.0, 0.0, 0.0, 0.0, 0.0, 0.0, 0.0, 11.210731318618961, 0.0, 10.748445628990954, 0.0], [0.0, 0.0, -27.62017540406347, 0.0, 101.04995847320257, 0.0, 5.322529790342987, 10.040320583976213, 6.4700398103489425, 0.0, 0.0, 0.0, 49.04348139609779, 0.0, -133.54880272142, -9.799313049952184, 0.0, 0.0, 0.0, 0.0, -13.208078267415273, 0.0, -7.713088590499768, 0.0, 0.0, 0.0, 0.0, 0.0, -8.695709714950308, 0.0, 28.004337755660167, 0.0], [-12.33445328482602, 0.0, 0.0, 0.0, 51.69888896504762, 0.0, -93.43708968828552, 0.0, 310.9484430483293, 3.4826840343401515, -407.16934942341294, 11.462807740983692, 472.4693820327032, 0.0, -318.03335452206073, -14.52301962996424, 0.0, 0.0, 0.0, 0.0, 0.0, 0.0, -17.989805199694466, 0.0, 2.7304418790595077, 0.0, 0.0, 0.0, -30.18771085367468, 0.0, 40.782977714701715, 0.0], [-0.16924593215576036, 0.0, 0.0, -3.0453510439060643, 0.0, 0.0, -131.00620581058212, 0.0, 510.2894055388158, -11.33991473499184, -782.9271468172407, 30.230884324268004, 891.1059338022468, 0.0, -476.4447693914231, -15.482748042393787, 0.0, 0.0, 0.0, 0.0, 0.0, 0.0, 5.978737316918662, 0.0, -41.3575409718523, 0.0, 56.99229624402027, 0.0, -87.97523366666823, 0.0, 59.590057770147645, 0.0]]",(x0)' =  476.907 sin(1 x0) +  11.379 cos(1 x0) + -891.237 sin(1 x1) +  783.514 sin(1 x2) + -12.650 cos(1 x2) + -512.452 sin(1 x3) +  131.678 sin(1 x4) +  0.608 sin(1 x7) + -60.072 sin(2 x0) +  85.787 sin(2 x1) + -49.190 sin(2 x2) +  33.570 sin(2 x3) + -3.100 sin(2 x4) | (x1)' =  319.622 sin(1 x0) +  18.135 cos(1 x0) + -487.114 sin(1 x1) +  439.801 sin(1 x2) + -23.160 cos(1 x2) + -342.712 sin(1 x3) +  5.026 cos(1 x3) +  111.658 sin(1 x4) + -59.762 sin(1 x5) +  14.120 sin(1 x7) + -40.639 sin(2 x0) +  30.260 sin(2 x1) + -4.131 sin(2 x3) +  19.329 sin(2 x4) | (x2)' =  130.759 sin(1 x0) +  11.382 cos(1 x0) + -46.807 sin(1 x1) + -3.668 sin(1 x3) + -6.421 cos(1 x3) + -6.032 sin(1 x4) + -4.728 cos(1 x4) + -105.276 sin(1 x5) +  29.783 sin(1 x6) + -27.461 sin(2 x0) +  8.148 sin(2 x1) +  7.353 sin(2 x4) +  13.734 sin(2 x5) | (x3)' =  28.264 sin(1 x0) +  71.178 sin(1 x1) +  10.226 cos(1 x1) + -2.563 sin(1 x2) + -29.573 sin(1 x4) +  8.375 sin(1 x5) + -10.069 cos(1 x5) + -98.427 sin(1 x6) +  22.295 sin(1 x7) + -10.588 sin(2 x0) + -11.293 sin(2 x1) +  15.792 sin(2 x5) +  7.306 sin(2 x7) | (x4)' = -18.595 sin(1 x0) +  88.088 sin(1 x1) +  1.696 sin(1 x2) +  10.253 cos(1 x2) +  23.859 sin(1 x3) +  10.701 sin(1 x5) + -79.574 sin(1 x6) + -10.032 cos(1 x6) + -26.183 sin(1 x7) + -7.189 sin(2 x0) + -15.829 sin(2 x2) +  11.211 sin(2 x6) +  10.748 sin(2 x7) | (x5)' = -27.620 sin(1 x1) +  101.050 sin(1 x2) +  5.323 sin(1 x3) +  10.040 cos(1 x3) +  6.470 sin(1 x4) +  49.043 sin(1 x6) + -133.549 sin(1 x7) + -9.799 cos(1 x7) + -13.208 sin(2 x2) + -7.713 sin(2 x3) + -8.696 sin(2 x6) +  28.004 sin(2 x7) | (x6)' = -12.334 sin(1 x0) +  51.699 sin(1 x2) + -93.437 sin(1 x3) +  310.948 sin(1 x4) +  3.483 cos(1 x4) + -407.169 sin(1 x5) +  11.463 cos(1 x5) +  472.469 sin(1 x6) + -318.033 sin(1 x7) + -14.523 cos(1 x7) + -17.990 sin(2 x3) +  2.730 sin(2 x4) + -30.188 sin(2 x6) +  40.783 sin(2 x7) | (x7)' = -0.169 sin(1 x0) + -3.045 cos(1 x1) + -131.006 sin(1 x3) +  510.289 sin(1 x4) + -11.340 cos(1 x4) + -782.927 sin(1 x5) +  30.231 cos(1 x5) +  891.106 sin(1 x6) + -476.445 sin(1 x7) + -15.483 cos(1 x7) +  5.979 sin(2 x3) + -41.358 sin(2 x4) +  56.992 sin(2 x5) + -87.975 sin(2 x6) +  59.590 sin(2 x7)
30,35.0,-0.0007537510658310451,36.85636440218341,1000.0,2,8,1,4.0,28.0,9,36.0,smoothed_finite_difference_savgol_order_3,success,,95,256,37.109375,1.2862512171268463,"[""sin(1 x0)"", ""cos(1 x0)"", ""sin(1 x1)"", ""cos(1 x1)"", ""sin(1 x2)"", ""cos(1 x2)"", ""sin(1 x3)"", ""cos(1 x3)"", ""sin(1 x4)"", ""cos(1 x4)"", ""sin(1 x5)"", ""cos(1 x5)"", ""sin(1 x6)"", ""cos(1 x6)"", ""sin(1 x7)"", ""cos(1 x7)"", ""sin(2 x0)"", ""cos(2 x0)"", ""sin(2 x1)"", ""cos(2 x1)"", ""sin(2 x2)"", ""cos(2 x2)"", ""sin(2 x3)"", ""cos(2 x3)"", ""sin(2 x4)"", ""cos(2 x4)"", ""sin(2 x5)"", ""cos(2 x5)"", ""sin(2 x6)"", ""cos(2 x6)"", ""sin(2 x7)"", ""cos(2 x7)""]","[[197.9888392948575, 10.740454690542432, 0.0, 0.0, -509.846758276879, -11.95247817506235, 648.2212035110641, 0.0, -547.1831415839972, 0.0, 209.42369187717037, 0.0, 0.0, 0.0, -11.564371857220161, 0.0, -17.390880538248155, 0.0, 0.0, 0.0, 0.0, 0.0, 34.81204388789778, 0.0, -10.898492548504954, 0.0, 0.0, 0.0, 0.0, 0.0, 0.0, 0.0], [361.36980396068395, 15.814223017939494, -626.0410396617307, 0.0, 628.7078682689221, -19.69737374816482, -494.76136478075006, 3.886912950522089, 210.19873335068928, 0.0, -102.88533918860193, 0.0, 0.0, 0.0, 19.38014017555839, 0.0, -42.08472671055566, 0.0, 34.2137352363064, 0.0, 0.0, 0.0, -10.278980986777427, 0.0, 22.77867800873425, 0.0, 0.0, 0.0, 0.0, 0.0, 0.0, 0.0], [143.8719086116285, 10.536728791786137, -70.49886687024184, 0.0, 0.0, 0.0, -1.271901112868741, -10.193557139895763, 24.725715774014343, 0.0, -133.08513288519185, 0.0, 34.86516093486146, 0.0, 0.0, 0.0, -28.874638559296734, 0.0, 11.374864339000084, 0.0, 0.0, 0.0, 0.0, 0.0, 2.5460890360217654, 0.0, 16.77347144116018, 0.0, 0.0, 0.0, 0.0, 0.0], [36.9687665854351, 0.0, 61.2587853833847, 0.0, -4.4289956644900155, 0.0, 0.0, 0.0, -41.839204397129244, 0.0, 48.00547623912942, 0.0, -127.62283013489973, 0.0, 27.25848972498499, 0.0, -12.240539116723545, 0.0, -9.022315750065971, 0.0, 0.0, 0.0, 0.0, 0.0, 0.0, 0.0, 14.355061840066538, 0.0, 0.0, 0.0, 8.155670266233333, 0.0], [-23.814541422238392, 0.0, 118.00440219747526, 0.0, -38.19534842677906, 0.0, 36.63135615054225, 0.0, 0.0, 0.0, 9.87612428227954, 0.0, -67.144969808655, 0.0, -35.22650062892794, 0.0, -8.040055429063127, 0.0, 0.0, 0.0, -14.322843418352168, 0.0, 0.0, 0.0, 0.0, 0.0, 0.0, 0.0, 9.105070032971152, 0.0, 12.320313986853082, 0.0], [0.0, 0.0, -30.952701492701845, 0.0, 122.13184312946656, 0.0, -15.66756239529354, 8.690008933090349, -2.021445150949748, 0.0, 0.0, 0.0, 74.9590124733149, 0.0, -147.54549363853124, -8.48344976324152, 0.0, 0.0, 0.0, 0.0, -16.097870984305697, 0.0, -2.991583492148303, 0.0, 0.0, 0.0, 0.0, 0.0, -12.054752591094257, 0.0, 29.53820135187398, 0.0], [-17.257795625613785, 0.0, 0.0, 0.0, 91.18145618296822, 0.0, -184.52283617482456, 0.0, 456.9907778989143, 9.9604852671673, -595.6775710225678, 0.0, 614.7981290208915, 0.0, -361.76483432761046, -9.425870622058415, 0.0, 0.0, 0.0, 0.0, 0.0, 0.0, -21.45818764116595, 0.0, 9.084498599327063, 0.0, 0.0, 0.0, -34.83179957592323, 0.0, 42.749481918967355, 0.0], [13.24052084357852, 0.0, 0.0, 0.0, -217.91298619377253, 0.0, 565.6447683890526, 0.0, -669.7473651647471, 0.0, 521.4598943311797, 11.26465595151928, 0.0, 0.0, -199.71400051903922, -10.127352885202479, 0.0, 0.0, 0.0, 0.0, 0.0, 0.0, 10.745637817959715, 0.0, -34.769987246238415, 0.0, 0.0, 0.0, 0.0, 0.0, 17.401388649680815, 0.0]]",(x0)' =  197.989 sin(1 x0) +  10.740 cos(1 x0) + -509.847 sin(1 x2) + -11.952 cos(1 x2) +  648.221 sin(1 x3) + -547.183 sin(1 x4) +  209.424 sin(1 x5) + -11.564 sin(1 x7) + -17.391 sin(2 x0) +  34.812 sin(2 x3) + -10.898 sin(2 x4) | (x1)' =  361.370 sin(1 x0) +  15.814 cos(1 x0) + -626.041 sin(1 x1) +  628.708 sin(1 x2) + -19.697 cos(1 x2) + -494.761 sin(1 x3) +  3.887 cos(1 x3) +  210.199 sin(1 x4) + -102.885 sin(1 x5) +  19.380 sin(1 x7) + -42.085 sin(2 x0) +  34.214 sin(2 x1) + -10.279 sin(2 x3) +  22.779 sin(2 x4) | (x2)' =  143.872 sin(1 x0) +  10.537 cos(1 x0) + -70.499 sin(1 x1) + -1.272 sin(1 x3) + -10.194 cos(1 x3) +  24.726 sin(1 x4) + -133.085 sin(1 x5) +  34.865 sin(1 x6) + -28.875 sin(2 x0) +  11.375 sin(2 x1) +  2.546 sin(2 x4) +  16.773 sin(2 x5) | (x3)' =  36.969 sin(1 x0) +  61.259 sin(1 x1) + -4.429 sin(1 x2) + -41.839 sin(1 x4) +  48.005 sin(1 x5) + -127.623 sin(1 x6) +  27.258 sin(1 x7) + -12.241 sin(2 x0) + -9.022 sin(2 x1) +  14.355 sin(2 x5) +  8.156 sin(2 x7) | (x4)' = -23.815 sin(1 x0) +  118.004 sin(1 x1) + -38.195 sin(1 x2) +  36.631 sin(1 x3) +  9.876 sin(1 x5) + -67.145 sin(1 x6) + -35.227 sin(1 x7) + -8.040 sin(2 x0) + -14.323 sin(2 x2) +  9.105 sin(2 x6) +  12.320 sin(2 x7) | (x5)' = -30.953 sin(1 x1) +  122.132 sin(1 x2) + -15.668 sin(1 x3) +  8.690 cos(1 x3) + -2.021 sin(1 x4) +  74.959 sin(1 x6) + -147.545 sin(1 x7) + -8.483 cos(1 x7) + -16.098 sin(2 x2) + -2.992 sin(2 x3) + -12.055 sin(2 x6) +  29.538 sin(2 x7) | (x6)' = -17.258 sin(1 x0) +  91.181 sin(1 x2) + -184.523 sin(1 x3) +  456.991 sin(1 x4) +  9.960 cos(1 x4) + -595.678 sin(1 x5) +  614.798 sin(1 x6) + -361.765 sin(1 x7) + -9.426 cos(1 x7) + -21.458 sin(2 x3) +  9.084 sin(2 x4) + -34.832 sin(2 x6) +  42.749 sin(2 x7) | (x7)' =  13.241 sin(1 x0) + -217.913 sin(1 x2) +  565.645 sin(1 x3) + -669.747 sin(1 x4) +  521.460 sin(1 x5) +  11.265 cos(1 x5) + -199.714 sin(1 x7) + -10.127 cos(1 x7) +  10.746 sin(2 x3) + -34.770 sin(2 x4) +  17.401 sin(2 x7)
31,35.0,-0.0007537510658310451,36.85636440218341,1000.0,2,8,2,8.0,56.0,0,0.0,finite_difference,success,,85,256,33.203125,1.1970386374741793,"[""sin(1 x0)"", ""cos(1 x0)"", ""sin(1 x1)"", ""cos(1 x1)"", ""sin(1 x2)"", ""cos(1 x2)"", ""sin(1 x3)"", ""cos(1 x3)"", ""sin(1 x4)"", ""cos(1 x4)"", ""sin(1 x5)"", ""cos(1 x5)"", ""sin(1 x6)"", ""cos(1 x6)"", ""sin(1 x7)"", ""cos(1 x7)"", ""sin(2 x0)"", ""cos(2 x0)"", ""sin(2 x1)"", ""cos(2 x1)"", ""sin(2 x2)"", ""cos(2 x2)"", ""sin(2 x3)"", ""cos(2 x3)"", ""sin(2 x4)"", ""cos(2 x4)"", ""sin(2 x5)"", ""cos(2 x5)"", ""sin(2 x6)"", ""cos(2 x6)"", ""sin(2 x7)"", ""cos(2 x7)""]","[[158.1940970269107, 11.720086736246376, -204.45746604278926, -17.488680373064135, 32.1024134411427, 0.0, -3.681431986258627, 5.143588167527263, 0.0, 0.0, 0.0, 0.0, 0.0, 0.0, 5.983511065221321, 0.0, -28.35548429904183, 0.0, 34.438679767288995, 0.0, -0.0004198811166745289, 0.0, 0.0, 0.0, 0.0, 0.0, 0.0, 0.0, 0.0, 0.0, 0.0, 0.0], [98.69765253849305, 10.210261353384709, 0.0, 0.0, -87.85783125981132, -10.121672310370268, -16.40477485862298, 0.0, 0.0, 0.0, 4.198596095034659, 0.0, 0.0, 0.0, 0.0, 0.0, -22.02181107935313, 0.0, 0.0, 0.0, 18.021254060608637, 0.0, 6.114973657392791, 0.0, 0.0, 0.0, 0.0, 0.0, 0.0, 0.0, 0.0, 0.0], [13.614876347740662, 0.0, 84.79691316007602, 10.50014931757228, 0.0, 0.0, -81.5104980409003, -10.307133880285726, -20.25432732056722, 0.0, 0.0, 0.0, 4.324886738195142, 0.0, 0.0, 0.0, -5.952138551403617, 0.0, -17.175155622774223, 0.0, 0.0, 0.0, 16.79496198212413, 0.0, 6.8488984009614535, 0.0, 0.0, 0.0, 0.0, 0.0, 0.0, 0.0], [-10.825211730297802, 0.0, 31.411369543663003, 0.0, 74.33258316305202, 10.331214650708889, 0.0, 0.0, -77.1892171154844, -10.159039189539964, -22.884245914823374, 0.0, 0.0, 0.0, 5.320386413454529, 0.0, 0.0, 0.0, -7.465078279465876, 0.0, -16.13056513044726, 0.0, 0.0, 0.0, 16.20312472622251, 0.0, 7.219121651352172, 0.0, 0.0, 0.0, 0.0, 0.0], [0.0, 0.0, 0.0, 0.0, 14.583167888283885, 0.0, 82.92266130135788, 10.44225228150707, 0.0, 0.0, -75.85621096069946, -10.262134408576394, -31.518946412097055, 0.0, 10.655058041550143, 0.0, 0.0, 0.0, 0.0, 0.0, -6.080639689568626, 0.0, -16.91836800623672, 0.0, 0.0, 0.0, 16.390966936795678, 0.0, 7.414152412572614, 0.0, 0.0, 0.0], [0.0, 0.0, 0.0, 0.0, 0.0, 0.0, 13.4616295760401, 0.0, 86.1277635064083, 10.481163138747428, 0.0, 0.0, -85.80384717136708, -10.275772492718438, -14.045544980914118, 0.0, 0.0, 0.0, 0.0, 0.0, 0.0, 0.0, -5.945654225020551, 0.0, -17.356448237732693, 0.0, 0.0, 0.0, 17.38477398035995, 0.0, 5.911613795338287, 0.0], [0.0, 0.0, 0.0, 0.0, -4.223572736307907, 0.0, 0.0, 0.0, 20.92549024223774, 0.0, 74.93930763528726, 10.035614954043474, 14.848388602644707, 0.0, -105.7085003748568, -9.794173719282263, 0.0, 0.0, 0.0, 0.0, 0.0, 0.0, 0.0, 0.0, -6.270578741890119, 0.0, -17.5932145525682, 0.0, 0.0, 0.0, 21.876251082058644, 0.0], [-6.163636248480936, 0.0, 0.0, 0.0, 0.0, 0.0, 0.0, 0.0, 5.21083597565499, -6.184440244041746, -34.62915291324362, 0.0, 205.9071430169285, 17.637582674883753, -158.44128380485546, -11.111403505143935, 0.0, 0.0, 0.0, 0.0, 0.0, 0.0, 0.0, 0.0, 0.0, 0.0, -0.13047071905404994, 0.0, -34.56493690519795, 0.0, 28.600817080459368, 0.0]]",(x0)' =  158.194 sin(1 x0) +  11.720 cos(1 x0) + -204.457 sin(1 x1) + -17.489 cos(1 x1) +  32.102 sin(1 x2) + -3.681 sin(1 x3) +  5.144 cos(1 x3) +  5.984 sin(1 x7) + -28.355 sin(2 x0) +  34.439 sin(2 x1) | (x1)' =  98.698 sin(1 x0) +  10.210 cos(1 x0) + -87.858 sin(1 x2) + -10.122 cos(1 x2) + -16.405 sin(1 x3) +  4.199 sin(1 x5) + -22.022 sin(2 x0) +  18.021 sin(2 x2) +  6.115 sin(2 x3) | (x2)' =  13.615 sin(1 x0) +  84.797 sin(1 x1) +  10.500 cos(1 x1) + -81.510 sin(1 x3) + -10.307 cos(1 x3) + -20.254 sin(1 x4) +  4.325 sin(1 x6) + -5.952 sin(2 x0) + -17.175 sin(2 x1) +  16.795 sin(2 x3) +  6.849 sin(2 x4) | (x3)' = -10.825 sin(1 x0) +  31.411 sin(1 x1) +  74.333 sin(1 x2) +  10.331 cos(1 x2) + -77.189 sin(1 x4) + -10.159 cos(1 x4) + -22.884 sin(1 x5) +  5.320 sin(1 x7) + -7.465 sin(2 x1) + -16.131 sin(2 x2) +  16.203 sin(2 x4) +  7.219 sin(2 x5) | (x4)' =  14.583 sin(1 x2) +  82.923 sin(1 x3) +  10.442 cos(1 x3) + -75.856 sin(1 x5) + -10.262 cos(1 x5) + -31.519 sin(1 x6) +  10.655 sin(1 x7) + -6.081 sin(2 x2) + -16.918 sin(2 x3) +  16.391 sin(2 x5) +  7.414 sin(2 x6) | (x5)' =  13.462 sin(1 x3) +  86.128 sin(1 x4) +  10.481 cos(1 x4) + -85.804 sin(1 x6) + -10.276 cos(1 x6) + -14.046 sin(1 x7) + -5.946 sin(2 x3) + -17.356 sin(2 x4) +  17.385 sin(2 x6) +  5.912 sin(2 x7) | (x6)' = -4.224 sin(1 x2) +  20.925 sin(1 x4) +  74.939 sin(1 x5) +  10.036 cos(1 x5) +  14.848 sin(1 x6) + -105.709 sin(1 x7) + -9.794 cos(1 x7) + -6.271 sin(2 x4) + -17.593 sin(2 x5) +  21.876 sin(2 x7) | (x7)' = -6.164 sin(1 x0) +  5.211 sin(1 x4) + -6.184 cos(1 x4) + -34.629 sin(1 x5) +  205.907 sin(1 x6) +  17.638 cos(1 x6) + -158.441 sin(1 x7) + -11.111 cos(1 x7) + -0.130 sin(2 x5) + -34.565 sin(2 x6) +  28.601 sin(2 x7)
32,35.0,-0.0007537510658310451,36.85636440218341,1000.0,2,8,2,8.0,56.0,5,20.0,smoothed_finite_difference_savgol_order_3,success,,85,256,33.203125,1.1997031662613153,"[""sin(1 x0)"", ""cos(1 x0)"", ""sin(1 x1)"", ""cos(1 x1)"", ""sin(1 x2)"", ""cos(1 x2)"", ""sin(1 x3)"", ""cos(1 x3)"", ""sin(1 x4)"", ""cos(1 x4)"", ""sin(1 x5)"", ""cos(1 x5)"", ""sin(1 x6)"", ""cos(1 x6)"", ""sin(1 x7)"", ""cos(1 x7)"", ""sin(2 x0)"", ""cos(2 x0)"", ""sin(2 x1)"", ""cos(2 x1)"", ""sin(2 x2)"", ""cos(2 x2)"", ""sin(2 x3)"", ""cos(2 x3)"", ""sin(2 x4)"", ""cos(2 x4)"", ""sin(2 x5)"", ""cos(2 x5)"", ""sin(2 x6)"", ""cos(2 x6)"", ""sin(2 x7)"", ""cos(2 x7)""]","[[131.3083983707174, 16.079583599160443, -150.28458774858035, -24.113215761521047, -0.8482179797813418, 0.0, -2.2825881054531205, 7.53773052080712, 3.69210200068517, 0.0, 0.0, 0.0, 0.0, 0.0, 5.897475516354036, 0.0, -11.186360188059318, 0.0, 0.0, 0.0, 17.783014459631346, 0.0, 0.0, 0.0, 0.0, 0.0, 0.0, 0.0, 0.0, 0.0, 0.0, 0.0], [98.38790364238183, 10.07088669306497, 0.0, 0.0, -87.1223232813716, -9.98621822756214, -16.985249793080637, 0.0, 0.0, 0.0, 4.320698804612192, 0.0, 0.0, 0.0, 0.0, 0.0, -21.93761730896454, 0.0, 0.0, 0.0, 17.84737935034027, 0.0, 6.219032580635537, 0.0, 0.0, 0.0, 0.0, 0.0, 0.0, 0.0, 0.0, 0.0], [14.191961058959132, 0.0, 83.76331478173883, 10.368292829508581, 0.0, 0.0, -80.29776676508857, -10.178022308696491, -21.12918411512094, 0.0, 0.0, 0.0, 4.467592940255374, 0.0, 0.0, 0.0, -6.056771769905269, 0.0, -16.941895216126113, 0.0, 0.0, 0.0, 16.536055209739455, 0.0, 7.0013606717495245, 0.0, 0.0, 0.0, 0.0, 0.0, 0.0, 0.0], [-11.13068512561856, 0.0, 32.63379162835955, 0.0, 72.83949692166833, 10.19414505565118, 0.0, 0.0, -75.76722464005823, -10.024895750748485, -23.880694489071672, 0.0, 0.0, 0.0, 5.4911426470058595, 0.0, 0.0, 0.0, -7.620925202446987, 0.0, -15.850168890616096, 0.0, 0.0, 0.0, 15.91873552698856, 0.0, 7.385525273412678, 0.0, 0.0, 0.0, 0.0, 0.0], [-4.830347691159788, 0.0, 0.0, 0.0, 22.436857660335164, 0.0, 76.39981722800762, 10.128455697782318, 0.0, 0.0, -71.34273868428437, -9.97691839351566, -35.598186605167626, 0.0, 12.55839128380075, 0.0, 0.0, 0.0, 0.0, 0.0, -7.288033539134938, 0.0, -15.94797954655254, 0.0, 0.0, 0.0, 15.726624706584431, 0.0, 7.837091833795579, 0.0, 0.0, 0.0], [0.0, 0.0, 0.0, 0.0, 0.0, 0.0, 14.013542831790435, 0.0, 85.19002207205861, 10.348870949526868, 0.0, 0.0, -84.85636444974385, -10.145758920518288, -14.607328057298531, 0.0, 0.0, 0.0, 0.0, 0.0, 0.0, 0.0, -6.04835262210623, 0.0, -17.137067136981564, 0.0, 0.0, 0.0, 17.16568565482828, 0.0, 6.018744105339796, 0.0], [0.0, 0.0, 0.0, 0.0, -4.389958058247094, 0.0, 0.0, 0.0, 21.861502209503435, 0.0, 73.3790041493184, 9.889711563166601, 15.691168874246246, 0.0, -105.74582440254255, -9.65121777012232, 0.0, 0.0, 0.0, 0.0, 0.0, 0.0, 0.0, 0.0, -6.3811963485368235, 0.0, -17.394649162261363, 0.0, 0.0, 0.0, 21.777182356687778, 0.0], [-6.2833632187868504, 0.0, 0.0, 0.0, 0.0, 0.0, -1.6879678303910486, 0.0, 0.0, -8.626599115497106, 1.7167069749589183, 0.0, 149.9115527447339, 23.847419590466007, -130.97902725340438, -15.0503473176324, 0.0, 0.0, 0.0, 0.0, 0.0, 0.0, 0.0, 0.0, 0.0, 0.0, -18.08933761371791, 0.0, 0.0, 0.0, 11.42846396572192, 0.0]]",(x0)' =  131.308 sin(1 x0) +  16.080 cos(1 x0) + -150.285 sin(1 x1) + -24.113 cos(1 x1) + -0.848 sin(1 x2) + -2.283 sin(1 x3) +  7.538 cos(1 x3) +  3.692 sin(1 x4) +  5.897 sin(1 x7) + -11.186 sin(2 x0) +  17.783 sin(2 x2) | (x1)' =  98.388 sin(1 x0) +  10.071 cos(1 x0) + -87.122 sin(1 x2) + -9.986 cos(1 x2) + -16.985 sin(1 x3) +  4.321 sin(1 x5) + -21.938 sin(2 x0) +  17.847 sin(2 x2) +  6.219 sin(2 x3) | (x2)' =  14.192 sin(1 x0) +  83.763 sin(1 x1) +  10.368 cos(1 x1) + -80.298 sin(1 x3) + -10.178 cos(1 x3) + -21.129 sin(1 x4) +  4.468 sin(1 x6) + -6.057 sin(2 x0) + -16.942 sin(2 x1) +  16.536 sin(2 x3) +  7.001 sin(2 x4) | (x3)' = -11.131 sin(1 x0) +  32.634 sin(1 x1) +  72.839 sin(1 x2) +  10.194 cos(1 x2) + -75.767 sin(1 x4) + -10.025 cos(1 x4) + -23.881 sin(1 x5) +  5.491 sin(1 x7) + -7.621 sin(2 x1) + -15.850 sin(2 x2) +  15.919 sin(2 x4) +  7.386 sin(2 x5) | (x4)' = -4.830 sin(1 x0) +  22.437 sin(1 x2) +  76.400 sin(1 x3) +  10.128 cos(1 x3) + -71.343 sin(1 x5) + -9.977 cos(1 x5) + -35.598 sin(1 x6) +  12.558 sin(1 x7) + -7.288 sin(2 x2) + -15.948 sin(2 x3) +  15.727 sin(2 x5) +  7.837 sin(2 x6) | (x5)' =  14.014 sin(1 x3) +  85.190 sin(1 x4) +  10.349 cos(1 x4) + -84.856 sin(1 x6) + -10.146 cos(1 x6) + -14.607 sin(1 x7) + -6.048 sin(2 x3) + -17.137 sin(2 x4) +  17.166 sin(2 x6) +  6.019 sin(2 x7) | (x6)' = -4.390 sin(1 x2) +  21.862 sin(1 x4) +  73.379 sin(1 x5) +  9.890 cos(1 x5) +  15.691 sin(1 x6) + -105.746 sin(1 x7) + -9.651 cos(1 x7) + -6.381 sin(2 x4) + -17.395 sin(2 x5) +  21.777 sin(2 x7) | (x7)' = -6.283 sin(1 x0) + -1.688 sin(1 x3) + -8.627 cos(1 x4) +  1.717 sin(1 x5) +  149.912 sin(1 x6) +  23.847 cos(1 x6) + -130.979 sin(1 x7) + -15.050 cos(1 x7) + -18.089 sin(2 x5) +  11.428 sin(2 x7)
33,35.0,-0.0007537510658310451,36.85636440218341,1000.0,2,8,2,8.0,56.0,9,36.0,smoothed_finite_difference_savgol_order_3,success,,81,256,31.640625,1.1578480452299118,"[""sin(1 x0)"", ""cos(1 x0)"", ""sin(1 x1)"", ""cos(1 x1)"", ""sin(1 x2)"", ""cos(1 x2)"", ""sin(1 x3)"", ""cos(1 x3)"", ""sin(1 x4)"", ""cos(1 x4)"", ""sin(1 x5)"", ""cos(1 x5)"", ""sin(1 x6)"", ""cos(1 x6)"", ""sin(1 x7)"", ""cos(1 x7)"", ""sin(2 x0)"", ""cos(2 x0)"", ""sin(2 x1)"", ""cos(2 x1)"", ""sin(2 x2)"", ""cos(2 x2)"", ""sin(2 x3)"", ""cos(2 x3)"", ""sin(2 x4)"", ""cos(2 x4)"", ""sin(2 x5)"", ""cos(2 x5)"", ""sin(2 x6)"", ""cos(2 x6)"", ""sin(2 x7)"", ""cos(2 x7)""]","[[132.41856580332714, 13.761250303528396, -143.78005268749027, -15.214991783484502, -12.33716914368201, 0.0, 0.0, 0.0, 8.601152461775019, 0.0, 0.0, 0.0, -8.462107189440761, 0.0, 11.483125575651268, 0.0, -11.739107494929979, 0.0, 0.0, 0.0, 19.088358564963524, 0.0, 0.0, 0.0, 0.0, 0.0, 0.0, 0.0, 0.0, 0.0, 0.0, 0.0], [95.57756910300485, 8.683249173022897, 0.0, 0.0, -80.52293588772655, -8.6273061137026, -21.96865106936681, 0.0, 0.0, 0.0, 5.208756009753718, 0.0, 0.0, 0.0, 0.0, 0.0, -21.166631004543184, 0.0, 0.0, 0.0, 16.31047377349996, 0.0, 7.052340163414424, 0.0, 0.0, 0.0, 0.0, 0.0, 0.0, 0.0, 0.0, 0.0], [19.524441578460266, 0.0, 73.82561460368883, 9.059294734352333, 0.0, 0.0, -68.60214113587149, -8.89599545057691, -29.213394757096587, 0.0, 0.0, 0.0, 5.558599823013007, 0.0, 0.0, 0.0, -6.981337154598307, 0.0, -14.731459537016365, 0.0, 0.0, 0.0, 14.07998970111772, 0.0, 8.345738623609424, 0.0, 0.0, 0.0, 0.0, 0.0, 0.0, 0.0], [0.0, 0.0, 19.60612443442976, 0.0, 73.6505783510907, 9.054326723363527, 0.0, 0.0, -68.4571293181525, -8.896065609056075, -29.283951084573317, 0.0, 0.0, 0.0, 5.562486656080117, 0.0, 0.0, 0.0, -6.97752553600299, 0.0, -14.707916170827316, 0.0, 0.0, 0.0, 14.071362991750126, 0.0, 8.338931117956525, 0.0, 0.0, 0.0, 0.0, 0.0], [0.0, 0.0, 0.0, 0.0, 19.027937545958867, 0.0, 76.26594439290426, 9.039457744963945, 0.0, 0.0, -75.84782502604772, -8.851083129229421, -19.72263786799589, 0.0, 0.0, 0.0, 0.0, 0.0, 0.0, 0.0, -6.934565252981945, 0.0, -15.074909660804067, 0.0, 0.0, 0.0, 15.107639559458143, 0.0, 6.955944406422228, 0.0, 0.0, 0.0], [0.0, 0.0, 0.0, 0.0, 0.0, 0.0, 19.152750971984055, 0.0, 76.12422427049802, 9.042093109279818, 0.0, 0.0, -75.77090771857151, -8.859131786062266, -19.753354084808308, 0.0, 0.0, 0.0, 0.0, 0.0, 0.0, 0.0, -6.962392920728803, 0.0, -15.052051328278633, 0.0, 0.0, 0.0, 15.093698800038085, 0.0, 6.958023787692522, 0.0], [0.0, 0.0, 0.0, 0.0, -5.776893262617413, 0.0, 0.0, 0.0, 30.747765919774366, 0.0, 57.97588896717269, 8.470328426650594, 24.3032536042659, 0.0, -106.29482999097073, -8.261185072067454, 0.0, 0.0, 0.0, 0.0, 0.0, 0.0, 0.0, 0.0, -7.307118839593302, 0.0, -15.577636549615281, 0.0, 0.0, 0.0, 20.821449770030775, 0.0], [-5.551723691011025, 0.0, 0.0, 0.0, 0.0, 0.0, -3.2790574385122127, 0.0, 0.0, -7.555770186432339, 6.683501965762307, 0.0, 148.5418190390234, 21.099193522830387, -134.3126622158825, -13.425453732221797, 0.0, 0.0, 0.0, 0.0, 0.0, 0.0, 0.0, 0.0, 0.0, 0.0, -19.123092528880203, 0.0, 0.0, 0.0, 11.985378752343669, 0.0]]",(x0)' =  132.419 sin(1 x0) +  13.761 cos(1 x0) + -143.780 sin(1 x1) + -15.215 cos(1 x1) + -12.337 sin(1 x2) +  8.601 sin(1 x4) + -8.462 sin(1 x6) +  11.483 sin(1 x7) + -11.739 sin(2 x0) +  19.088 sin(2 x2) | (x1)' =  95.578 sin(1 x0) +  8.683 cos(1 x0) + -80.523 sin(1 x2) + -8.627 cos(1 x2) + -21.969 sin(1 x3) +  5.209 sin(1 x5) + -21.167 sin(2 x0) +  16.310 sin(2 x2) +  7.052 sin(2 x3) | (x2)' =  19.524 sin(1 x0) +  73.826 sin(1 x1) +  9.059 cos(1 x1) + -68.602 sin(1 x3) + -8.896 cos(1 x3) + -29.213 sin(1 x4) +  5.559 sin(1 x6) + -6.981 sin(2 x0) + -14.731 sin(2 x1) +  14.080 sin(2 x3) +  8.346 sin(2 x4) | (x3)' =  19.606 sin(1 x1) +  73.651 sin(1 x2) +  9.054 cos(1 x2) + -68.457 sin(1 x4) + -8.896 cos(1 x4) + -29.284 sin(1 x5) +  5.562 sin(1 x7) + -6.978 sin(2 x1) + -14.708 sin(2 x2) +  14.071 sin(2 x4) +  8.339 sin(2 x5) | (x4)' =  19.028 sin(1 x2) +  76.266 sin(1 x3) +  9.039 cos(1 x3) + -75.848 sin(1 x5) + -8.851 cos(1 x5) + -19.723 sin(1 x6) + -6.935 sin(2 x2) + -15.075 sin(2 x3) +  15.108 sin(2 x5) +  6.956 sin(2 x6) | (x5)' =  19.153 sin(1 x3) +  76.124 sin(1 x4) +  9.042 cos(1 x4) + -75.771 sin(1 x6) + -8.859 cos(1 x6) + -19.753 sin(1 x7) + -6.962 sin(2 x3) + -15.052 sin(2 x4) +  15.094 sin(2 x6) +  6.958 sin(2 x7) | (x6)' = -5.777 sin(1 x2) +  30.748 sin(1 x4) +  57.976 sin(1 x5) +  8.470 cos(1 x5) +  24.303 sin(1 x6) + -106.295 sin(1 x7) + -8.261 cos(1 x7) + -7.307 sin(2 x4) + -15.578 sin(2 x5) +  20.821 sin(2 x7) | (x7)' = -5.552 sin(1 x0) + -3.279 sin(1 x3) + -7.556 cos(1 x4) +  6.684 sin(1 x5) +  148.542 sin(1 x6) +  21.099 cos(1 x6) + -134.313 sin(1 x7) + -13.425 cos(1 x7) + -19.123 sin(2 x5) +  11.985 sin(2 x7)
34,35.0,-0.0007537510658310451,36.85636440218341,1000.0,2,8,5,20.0,140.0,0,0.0,finite_difference,success,,45,256,17.578125,0.8703676592558622,"[""sin(1 x0)"", ""cos(1 x0)"", ""sin(1 x1)"", ""cos(1 x1)"", ""sin(1 x2)"", ""cos(1 x2)"", ""sin(1 x3)"", ""cos(1 x3)"", ""sin(1 x4)"", ""cos(1 x4)"", ""sin(1 x5)"", ""cos(1 x5)"", ""sin(1 x6)"", ""cos(1 x6)"", ""sin(1 x7)"", ""cos(1 x7)"", ""sin(2 x0)"", ""cos(2 x0)"", ""sin(2 x1)"", ""cos(2 x1)"", ""sin(2 x2)"", ""cos(2 x2)"", ""sin(2 x3)"", ""cos(2 x3)"", ""sin(2 x4)"", ""cos(2 x4)"", ""sin(2 x5)"", ""cos(2 x5)"", ""sin(2 x6)"", ""cos(2 x6)"", ""sin(2 x7)"", ""cos(2 x7)""]","[[22.927675560934635, 0.0, -69.14023615777577, 0.0, 18.44923726813403, 0.0, 0.0, 0.0, 7.952913597577684, 0.0, 0.0, 0.0, 0.0, 0.0, 0.0, 0.0, 0.0, 0.0, 13.440078506219626, 0.0, 0.0, 0.0, 0.0, 0.0, 0.0, 0.0, 0.0, 0.0, 0.0, 0.0, 0.0, 0.0], [56.524840421562004, 0.0, 0.0, 0.0, -62.895942937196516, 0.0, 9.361079428210305, 0.0, 0.0, 0.0, 0.0, 0.0, 0.0, 0.0, 0.0, 0.0, -13.152204448180013, 0.0, 0.0, 0.0, 14.199945274229346, 0.0, 0.0, 0.0, 0.0, 0.0, 0.0, 0.0, 0.0, 0.0, 0.0, 0.0], [-12.051273722904824, 0.0, 62.42495374403138, 0.0, 0.0, 0.0, -62.40111358904485, 0.0, 12.04610974547325, 0.0, 0.0, 0.0, 0.0, 0.0, 0.0, 0.0, 0.0, 0.0, -14.436546455663265, 0.0, 0.0, 0.0, 14.363351946824276, 0.0, 0.0, 0.0, 0.0, 0.0, 0.0, 0.0, 0.0, 0.0], [0.0, 0.0, -12.060180336865278, 0.0, 62.38562752954515, 0.0, 0.0, 0.0, -62.364390467004796, 0.0, 12.033445597030603, 0.0, 0.0, 0.0, 0.0, 0.0, 0.0, 0.0, 0.0, 0.0, -14.40102500978458, 0.0, 0.0, 0.0, 14.343693789202549, 0.0, 0.0, 0.0, 0.0, 0.0, 0.0, 0.0], [0.0, 0.0, 0.0, 0.0, -12.058173788107515, 0.0, 62.36718442577398, 0.0, 0.0, 0.0, -62.3643772335057, 0.0, 12.060125892618252, 0.0, 0.0, 0.0, 0.0, 0.0, 0.0, 0.0, 0.0, 0.0, -14.39804348106839, 0.0, 0.0, 0.0, 14.343390536500797, 0.0, 0.0, 0.0, 0.0, 0.0], [0.0, 0.0, 0.0, 0.0, 0.0, 0.0, -12.035250225533597, 0.0, 62.31354952568172, 0.0, 0.0, 0.0, -62.384476011030564, 0.0, 12.086060718952256, 0.0, 0.0, 0.0, 0.0, 0.0, 0.0, 0.0, 0.0, 0.0, -14.346495762528754, 0.0, 0.0, 0.0, 14.345393452407937, 0.0, 0.0, 0.0], [0.0, 0.0, 0.0, 0.0, 0.0, 0.0, 0.0, 0.0, -9.395942606259089, 0.0, 62.90254641335565, 0.0, 0.0, 0.0, -56.54695879729712, 0.0, 0.0, 0.0, 0.0, 0.0, 0.0, 0.0, 0.0, 0.0, 0.0, 0.0, -14.285380264340313, 0.0, 0.0, 0.0, 13.129953627289243, 0.0], [0.0, 0.0, 0.0, 0.0, 0.0, 0.0, -7.799554556513325, 0.0, 0.0, 0.0, -18.389215406397486, 0.0, 71.23198839332828, 0.0, -29.236273524651097, 0.0, 0.0, 0.0, 0.0, 0.0, 0.0, 0.0, 0.0, 0.0, 0.0, 0.0, 0.0, 0.0, -15.278520816567356, 0.0, 8.038344233291708, 0.0]]",(x0)' =  22.928 sin(1 x0) + -69.140 sin(1 x1) +  18.449 sin(1 x2) +  7.953 sin(1 x4) +  13.440 sin(2 x1) | (x1)' =  56.525 sin(1 x0) + -62.896 sin(1 x2) +  9.361 sin(1 x3) + -13.152 sin(2 x0) +  14.200 sin(2 x2) | (x2)' = -12.051 sin(1 x0) +  62.425 sin(1 x1) + -62.401 sin(1 x3) +  12.046 sin(1 x4) + -14.437 sin(2 x1) +  14.363 sin(2 x3) | (x3)' = -12.060 sin(1 x1) +  62.386 sin(1 x2) + -62.364 sin(1 x4) +  12.033 sin(1 x5) + -14.401 sin(2 x2) +  14.344 sin(2 x4) | (x4)' = -12.058 sin(1 x2) +  62.367 sin(1 x3) + -62.364 sin(1 x5) +  12.060 sin(1 x6) + -14.398 sin(2 x3) +  14.343 sin(2 x5) | (x5)' = -12.035 sin(1 x3) +  62.314 sin(1 x4) + -62.384 sin(1 x6) +  12.086 sin(1 x7) + -14.346 sin(2 x4) +  14.345 sin(2 x6) | (x6)' = -9.396 sin(1 x4) +  62.903 sin(1 x5) + -56.547 sin(1 x7) + -14.285 sin(2 x5) +  13.130 sin(2 x7) | (x7)' = -7.800 sin(1 x3) + -18.389 sin(1 x5) +  71.232 sin(1 x6) + -29.236 sin(1 x7) + -15.279 sin(2 x6) +  8.038 sin(2 x7)
35,35.0,-0.0007537510658310451,36.85636440218341,1000.0,2,8,5,20.0,140.0,5,20.0,smoothed_finite_difference_savgol_order_3,success,,45,256,17.578125,0.8810204137116671,"[""sin(1 x0)"", ""cos(1 x0)"", ""sin(1 x1)"", ""cos(1 x1)"", ""sin(1 x2)"", ""cos(1 x2)"", ""sin(1 x3)"", ""cos(1 x3)"", ""sin(1 x4)"", ""cos(1 x4)"", ""sin(1 x5)"", ""cos(1 x5)"", ""sin(1 x6)"", ""cos(1 x6)"", ""sin(1 x7)"", ""cos(1 x7)"", ""sin(2 x0)"", ""cos(2 x0)"", ""sin(2 x1)"", ""cos(2 x1)"", ""sin(2 x2)"", ""cos(2 x2)"", ""sin(2 x3)"", ""cos(2 x3)"", ""sin(2 x4)"", ""cos(2 x4)"", ""sin(2 x5)"", ""cos(2 x5)"", ""sin(2 x6)"", ""cos(2 x6)"", ""sin(2 x7)"", ""cos(2 x7)""]","[[23.258000904250263, 0.0, -69.7184699609961, 0.0, 18.785210095873957, 0.0, 0.0, 0.0, 7.91330606471328, 0.0, 0.0, 0.0, 0.0, 0.0, 0.0, 0.0, 0.0, 0.0, 13.525452933259507, 0.0, 0.0, 0.0, 0.0, 0.0, 0.0, 0.0, 0.0, 0.0, 0.0, 0.0, 0.0, 0.0], [56.65101549753587, 0.0, 0.0, 0.0, -63.187663925353256, 0.0, 9.561703664014793, 0.0, 0.0, 0.0, 0.0, 0.0, 0.0, 0.0, 0.0, 0.0, -13.184235503525048, 0.0, 0.0, 0.0, 14.258208270229721, 0.0, 0.0, 0.0, 0.0, 0.0, 0.0, 0.0, 0.0, 0.0, 0.0, 0.0], [-12.308953782503234, 0.0, 62.709645653053215, 0.0, 0.0, 0.0, -62.69377851292339, 0.0, 12.306257194354, 0.0, 0.0, 0.0, 0.0, 0.0, 0.0, 0.0, 0.0, 0.0, -14.498693153233912, 0.0, 0.0, 0.0, 14.429440419012025, 0.0, 0.0, 0.0, 0.0, 0.0, 0.0, 0.0, 0.0, 0.0], [0.0, 0.0, -12.317474873419787, 0.0, 62.669839551143056, 0.0, 0.0, 0.0, -62.65643664917635, 0.0, 12.293144696210277, 0.0, 0.0, 0.0, 0.0, 0.0, 0.0, 0.0, 0.0, 0.0, -14.463194785435782, 0.0, 0.0, 0.0, 14.40946544587671, 0.0, 0.0, 0.0, 0.0, 0.0, 0.0, 0.0], [0.0, 0.0, 0.0, 0.0, -12.314232074882947, 0.0, 62.65145838666729, 0.0, 0.0, 0.0, -62.65668063600719, 0.0, 12.319124353211656, 0.0, 0.0, 0.0, 0.0, 0.0, 0.0, 0.0, 0.0, 0.0, -14.459990233374397, 0.0, 0.0, 0.0, 14.409616912621711, 0.0, 0.0, 0.0, 0.0, 0.0], [0.0, 0.0, 0.0, 0.0, 0.0, 0.0, -12.291202534410445, 0.0, 62.59705657813048, 0.0, 0.0, 0.0, -62.675279448896696, 0.0, 12.343782097183109, 0.0, 0.0, 0.0, 0.0, 0.0, 0.0, 0.0, 0.0, 0.0, -14.408235392082558, 0.0, 0.0, 0.0, 14.411080162674583, 0.0, 0.0, 0.0], [0.0, 0.0, 0.0, 0.0, 0.0, 0.0, 0.0, 0.0, -9.591435120538183, 0.0, 63.18881817525407, 0.0, 0.0, 0.0, -56.68083823312758, 0.0, 0.0, 0.0, 0.0, 0.0, 0.0, 0.0, 0.0, 0.0, 0.0, 0.0, -14.34467331585021, 0.0, 0.0, 0.0, 13.1671689588312, 0.0], [0.0, 0.0, 0.0, 0.0, 0.0, 0.0, -7.754209159675872, 0.0, 0.0, 0.0, -18.722136787757485, 0.0, 71.8406159271754, 0.0, -29.648935065124583, 0.0, 0.0, 0.0, 0.0, 0.0, 0.0, 0.0, 0.0, 0.0, 0.0, 0.0, 0.0, 0.0, -15.39727513763433, 0.0, 8.129888358912435, 0.0]]",(x0)' =  23.258 sin(1 x0) + -69.718 sin(1 x1) +  18.785 sin(1 x2) +  7.913 sin(1 x4) +  13.525 sin(2 x1) | (x1)' =  56.651 sin(1 x0) + -63.188 sin(1 x2) +  9.562 sin(1 x3) + -13.184 sin(2 x0) +  14.258 sin(2 x2) | (x2)' = -12.309 sin(1 x0) +  62.710 sin(1 x1) + -62.694 sin(1 x3) +  12.306 sin(1 x4) + -14.499 sin(2 x1) +  14.429 sin(2 x3) | (x3)' = -12.317 sin(1 x1) +  62.670 sin(1 x2) + -62.656 sin(1 x4) +  12.293 sin(1 x5) + -14.463 sin(2 x2) +  14.409 sin(2 x4) | (x4)' = -12.314 sin(1 x2) +  62.651 sin(1 x3) + -62.657 sin(1 x5) +  12.319 sin(1 x6) + -14.460 sin(2 x3) +  14.410 sin(2 x5) | (x5)' = -12.291 sin(1 x3) +  62.597 sin(1 x4) + -62.675 sin(1 x6) +  12.344 sin(1 x7) + -14.408 sin(2 x4) +  14.411 sin(2 x6) | (x6)' = -9.591 sin(1 x4) +  63.189 sin(1 x5) + -56.681 sin(1 x7) + -14.345 sin(2 x5) +  13.167 sin(2 x7) | (x7)' = -7.754 sin(1 x3) + -18.722 sin(1 x5) +  71.841 sin(1 x6) + -29.649 sin(1 x7) + -15.397 sin(2 x6) +  8.130 sin(2 x7)
36,35.0,-0.0007537510658310451,36.85636440218341,1000.0,2,8,5,20.0,140.0,9,36.0,smoothed_finite_difference_savgol_order_3,success,,46,256,17.96875,0.8809309583157301,"[""sin(1 x0)"", ""cos(1 x0)"", ""sin(1 x1)"", ""cos(1 x1)"", ""sin(1 x2)"", ""cos(1 x2)"", ""sin(1 x3)"", ""cos(1 x3)"", ""sin(1 x4)"", ""cos(1 x4)"", ""sin(1 x5)"", ""cos(1 x5)"", ""sin(1 x6)"", ""cos(1 x6)"", ""sin(1 x7)"", ""cos(1 x7)"", ""sin(2 x0)"", ""cos(2 x0)"", ""sin(2 x1)"", ""cos(2 x1)"", ""sin(2 x2)"", ""cos(2 x2)"", ""sin(2 x3)"", ""cos(2 x3)"", ""sin(2 x4)"", ""cos(2 x4)"", ""sin(2 x5)"", ""cos(2 x5)"", ""sin(2 x6)"", ""cos(2 x6)"", ""sin(2 x7)"", ""cos(2 x7)""]","[[34.13450872086165, 0.0, -77.6861644763909, 0.0, 22.00739947039777, 0.0, 0.0, 0.0, 6.975263914262868, 0.0, 0.0, 0.0, 0.0, 0.0, 0.0, 0.0, -8.867850980424297, 0.0, 16.13806325043039, 0.0, 0.0, 0.0, 0.0, 0.0, 0.0, 0.0, 0.0, 0.0, 0.0, 0.0, 0.0, 0.0], [57.31784694378825, 0.0, 0.0, 0.0, -65.26041821872825, 0.0, 11.131923270926325, 0.0, 0.0, 0.0, 0.0, 0.0, 0.0, 0.0, 0.0, 0.0, -13.351012388408469, 0.0, 0.0, 0.0, 14.624424499170813, 0.0, 0.0, 0.0, 0.0, 0.0, 0.0, 0.0, 0.0, 0.0, 0.0, 0.0], [-14.341946531322822, 0.0, 64.79419839873187, 0.0, 0.0, 0.0, -64.83254632453615, 0.0, 14.353229621105045, 0.0, 0.0, 0.0, 0.0, 0.0, 0.0, 0.0, 0.0, 0.0, -14.91579384643376, 0.0, 0.0, 0.0, 14.880906272234625, 0.0, 0.0, 0.0, 0.0, 0.0, 0.0, 0.0, 0.0, 0.0], [0.0, 0.0, -14.34682731799245, 0.0, 64.74537963785215, 0.0, 0.0, 0.0, -64.78403923523676, 0.0, 14.33481200483523, 0.0, 0.0, 0.0, 0.0, 0.0, 0.0, 0.0, 0.0, 0.0, -14.872349122621763, 0.0, 0.0, 0.0, 14.857519160841074, 0.0, 0.0, 0.0, 0.0, 0.0, 0.0, 0.0], [0.0, 0.0, 0.0, 0.0, -14.339498780136696, 0.0, 64.72390198298608, 0.0, 0.0, 0.0, -64.78607607579636, 0.0, 14.356330621048835, 0.0, 0.0, 0.0, 0.0, 0.0, 0.0, 0.0, 0.0, 0.0, -14.872013644766092, 0.0, 0.0, 0.0, 14.857463847827294, 0.0, 0.0, 0.0, 0.0, 0.0], [0.0, 0.0, 0.0, 0.0, 0.0, 0.0, -14.299957800180616, 0.0, 64.67351067981234, 0.0, 0.0, 0.0, -64.80682311259773, 0.0, 14.377631729393741, 0.0, 0.0, 0.0, 0.0, 0.0, 0.0, 0.0, 0.0, 0.0, -14.830489723439483, 0.0, 0.0, 0.0, 14.859433265173923, 0.0, 0.0, 0.0], [0.0, 0.0, 0.0, 0.0, 0.0, 0.0, 0.0, 0.0, -11.133751266814585, 0.0, 65.23508100905914, 0.0, 0.0, 0.0, -57.407108811239866, 0.0, 0.0, 0.0, 0.0, 0.0, 0.0, 0.0, 0.0, 0.0, 0.0, 0.0, -14.722486673762116, 0.0, 0.0, 0.0, 13.377276501573736, 0.0], [0.0, 0.0, 0.0, 0.0, 0.0, 0.0, -7.212366459143701, 0.0, 0.0, 0.0, -21.81839091300268, 0.0, 77.67547452169597, 0.0, -34.0239909110184, 0.0, 0.0, 0.0, 0.0, 0.0, 0.0, 0.0, 0.0, 0.0, 0.0, 0.0, 0.0, 0.0, -16.50032310569606, 0.0, 9.0617725165071, 0.0]]",(x0)' =  34.135 sin(1 x0) + -77.686 sin(1 x1) +  22.007 sin(1 x2) +  6.975 sin(1 x4) + -8.868 sin(2 x0) +  16.138 sin(2 x1) | (x1)' =  57.318 sin(1 x0) + -65.260 sin(1 x2) +  11.132 sin(1 x3) + -13.351 sin(2 x0) +  14.624 sin(2 x2) | (x2)' = -14.342 sin(1 x0) +  64.794 sin(1 x1) + -64.833 sin(1 x3) +  14.353 sin(1 x4) + -14.916 sin(2 x1) +  14.881 sin(2 x3) | (x3)' = -14.347 sin(1 x1) +  64.745 sin(1 x2) + -64.784 sin(1 x4) +  14.335 sin(1 x5) + -14.872 sin(2 x2) +  14.858 sin(2 x4) | (x4)' = -14.339 sin(1 x2) +  64.724 sin(1 x3) + -64.786 sin(1 x5) +  14.356 sin(1 x6) + -14.872 sin(2 x3) +  14.857 sin(2 x5) | (x5)' = -14.300 sin(1 x3) +  64.674 sin(1 x4) + -64.807 sin(1 x6) +  14.378 sin(1 x7) + -14.830 sin(2 x4) +  14.859 sin(2 x6) | (x6)' = -11.134 sin(1 x4) +  65.235 sin(1 x5) + -57.407 sin(1 x7) + -14.722 sin(2 x5) +  13.377 sin(2 x7) | (x7)' = -7.212 sin(1 x3) + -21.818 sin(1 x5) +  77.675 sin(1 x6) + -34.024 sin(1 x7) + -16.500 sin(2 x6) +  9.062 sin(2 x7)
