held_out,lead_s,aesindy_skill,persistence_skill,n_forecasts
fixation,0.0,0.9828223448009616,1.0,241
fixation,0.004,0.9100122080637068,0.9696604916453007,241
fixation,0.008,0.7487276232108748,0.8736429055413142,241
fixation,0.012,0.5710286607184966,0.7404272785736127,241
fixation,0.016,0.4350399577762585,0.6169366558715258,241
fixation,0.02,0.34930619497636767,0.5234601454335485,241
fixation,0.024,0.3062199805283971,0.4548458237849144,241
fixation,0.028,0.2869093472259538,0.40047600044630843,241
fixation,0.032,0.2738671958530891,0.355503427454914,241
fixation,0.036000000000000004,0.26286670591375016,0.31955661088297543,241
fixation,0.04,0.24997083837062728,0.2937213460867147,241
fixation,0.044,0.22428549326203445,0.2807715918740068,241
fixation,0.048,0.1759640722379177,0.2838687383197246,241
fixation,0.052000000000000005,0.10262258334189786,0.3028053302054761,241
fixation,0.056,0.013388857835767284,0.3319377615100319,241
fixation,0.06,-0.07162775620416409,0.36376088760788505,241
fixation,0.064,-0.13609261306168735,0.3940128351641866,241
fixation,0.068,-0.1718566545146871,0.42090808794989915,241
fixation,0.07200000000000001,-0.1788868733313492,0.4424940590679869,241
fixation,0.076,-0.16516106439226025,0.45791782862453606,241
fixation,0.08,-0.14243890362641887,0.4682611000484478,241
fixation,0.084,-0.12162739755920536,0.4730621020725975,241
fixation,0.088,-0.10890475019485704,0.4680878505895641,241
fixation,0.092,-0.10468801151650316,0.44868056253206445,241
fixation,0.096,-0.10336979327171406,0.41523931464632424,241
fixation,0.1,-0.09548417080985411,0.37478871415289844,241
fixation,0.10400000000000001,-0.07772470055175558,0.33657059028626707,241
fixation,0.108,-0.05411415803580459,0.30656818883863274,241
fixation,0.112,-0.03142717737381509,0.2857052033596951,241
fixation,0.116,-0.014049272031528066,0.2710581725790475,241
fixation,0.12,-0.006322380222178336,0.2584362893879971,241
fixation,0.124,-0.0034115335593296677,0.244942492418129,241
fixation,0.128,-0.006889409610741708,0.2300768141163459,241
fixation,0.132,-0.015054292109814089,0.21540732978767868,241
fixation,0.136,-0.027256369776912162,0.20385557077502672,241
fixation,0.14,-0.027595052267211075,0.19882542792044525,241
fixation,0.14400000000000002,-0.013582485359213458,0.2027286823665926,241
fixation,0.148,0.0023013458277195142,0.2161539220194863,241
fixation,0.152,0.021326314676172572,0.23816041045057929,241
fixation,0.156,0.03803898722725952,0.2656312097539065,241
fixation,0.16,0.05116038855390604,0.2935100922802716,241
fixation,0.164,0.05824595845144201,0.3180950701404984,241
fixation,0.168,0.060331994119204375,0.3366835824448644,241
fixation,0.17200000000000001,0.059147310880355033,0.3439926671064373,241
fixation,0.176,0.057428732349252734,0.33461469572456953,241
fixation,0.18,0.05519263785833038,0.3100653359477266,241
fixation,0.184,0.054185769125383795,0.2799241787326484,241
fixation,0.188,0.05398295178220249,0.2556204199018051,241
fixation,0.192,0.05439960010431426,0.24399441131976232,241
fixation,0.196,0.05697273644425224,0.24413511554418227,241
fixation,0.2,0.0634415697316018,0.24862431331947749,241
fixation,0.20400000000000001,0.07517629027262705,0.24872296960332535,241
fixation,0.20800000000000002,0.08830134198838481,0.23927785541518,241
fixation,0.212,0.09765611297040838,0.22005628724914764,241
fixation,0.216,0.10126388383214283,0.19494057369001933,241
fixation,0.22,0.10144025008168628,0.170371544478682,241
fixation,0.224,0.10367048668501165,0.15182053101873122,241
fixation,0.228,0.11067415098968837,0.1401217311129119,241
fixation,0.232,0.12120066849317959,0.1316883485184278,241
fixation,0.23600000000000002,0.13149223042441338,0.1221422347275437,241
fixation,0.24,0.13756152052990075,0.11059084947498045,241
fixation,0.244,0.1381411044240556,0.10183996047213702,241
fixation,0.248,0.13500657571022218,0.10340893243431265,241
fixation,0.252,0.13078484826724995,0.11908103579118262,241
fixation,0.256,0.12645544256512917,0.1452633379471654,241
fixation,0.26,0.12194999981059526,0.17350637599883167,241
fixation,0.264,0.11660488267881872,0.19647516129948409,241
fixation,0.268,0.1091862965167746,0.21068753300832124,241
fixation,0.272,0.09831897545912531,0.21497570473590935,241
fixation,0.276,0.0836711071745895,0.2087112496199723,241
fixation,0.28,0.06695358480206715,0.1918492759283237,241
fixation,0.28400000000000003,0.05180074879229732,0.16581301614736374,241
fixation,0.28800000000000003,0.041886470556262434,0.13367641034522446,241
fixation,0.292,0.03949637123082585,0.10005561588086363,241
fixation,0.296,0.04497172598319653,0.07065298979728835,241
fixation,0.3,0.05689114060686321,0.05034917558298176,241
fixation,0.304,0.07239540988263236,0.04080109889287307,241
fixation,0.308,0.08757679242338487,0.0398224021183016,241
fixation,0.312,0.09821816038484749,0.04340704023811343,241
fixation,0.316,0.10128152482113617,0.048617144129399784,241
fixation,0.32,0.09544961947818278,0.05431172540774228,241
fixation,0.324,0.08097642933309691,0.059763275962205285,241
fixation,0.328,0.06034674696540523,0.06400460368418567,241
fixation,0.332,0.037990718994066516,0.06667121725470357,241
fixation,0.336,0.017755709262311663,0.06839737676323242,241
fixation,0.34,0.0009057699093402208,0.07003795804839678,241
fixation,0.34400000000000003,-0.013390770107948476,0.07199814134264931,241
fixation,0.34800000000000003,-0.025591015917629845,0.07441725612237472,241
fixation,0.352,-0.033505587318479434,0.07749119926010696,241
fixation,0.356,-0.03298393023383477,0.0811573867650409,241
fixation,0.36,-0.02107052732726245,0.08478239161164682,241
fixation,0.364,0.0009749423673191175,0.0877898484358749,241
fixation,0.368,0.026882065425047348,0.09027413221605325,241
fixation,0.372,0.04845768933909329,0.09200388322389026,241
fixation,0.376,0.06034800212164501,0.09118021589613838,241
fixation,0.38,0.06180354417444629,0.08530373731910561,241
fixation,0.384,0.05549326769028809,0.07302975986853656,241
fixation,0.388,0.04605400447371301,0.054847189103930744,241
fixation,0.392,0.038934599576471045,0.03240051458388893,241
fixation,0.396,0.03871593811253624,0.007724269230503031,241
fixation,0.4,0.04664821420728864,-0.016491005240648875,241
fixation,0.404,0.05985127706821906,-0.036963764452544755,241
fixation,0.40800000000000003,0.0738896621608938,-0.05111623826849215,241
fixation,0.41200000000000003,0.08474110560268368,-0.0573710764552264,241
fixation,0.41600000000000004,0.08891845120030882,-0.05491329528056437,241
fixation,0.42,0.08436806991895297,-0.04421492715967809,241
fixation,0.424,0.07176881262042208,-0.02729468588855104,241
fixation,0.428,0.05415127191784371,-0.006722992432208198,241
fixation,0.432,0.03565113937756922,0.01537430868735943,241
fixation,0.436,0.020996222446768187,0.0370623161715881,241
fixation,0.44,0.015084629822318202,0.05591528393401515,241
fixation,0.444,0.021511669417946508,0.0688399046238901,241
fixation,0.448,0.039966558172992744,0.07267001142253605,241
fixation,0.452,0.06488766009439786,0.06550692204496805,241
fixation,0.456,0.08861154322276196,0.04717753169995105,241
fixation,0.46,0.10600054040058388,0.018029015266087068,241
fixation,0.464,0.11583808599166305,-0.021116855942590426,241
fixation,0.468,0.12012233711244068,-0.06689680569029922,241
fixation,0.47200000000000003,0.12242781772394877,-0.11252598781113367,241
fixation,0.47600000000000003,0.12549086427197834,-0.15017543087457047,241
fixation,0.48,0.13016624093064097,-0.1748412689978086,241
fixation,0.484,0.1363612527014912,-0.18621489761182566,241
fixation,0.488,0.14379969950974425,-0.1870877851833399,241
fixation,0.492,0.15231109003411464,-0.1813166082582182,241
fixation,0.496,0.1621748820189132,-0.17234673748898363,241
fixation,0.5,0.1727532408839959,-0.16098837014281972,241
fixation,0.504,0.1797523618350492,-0.14495067822901225,241
fixation,0.508,0.17668434087877016,-0.12306715912883691,241
fixation,0.512,0.1622424072804619,-0.0992278156953786,241
fixation,0.516,0.14111029765722616,-0.07812671212899704,241
fixation,0.52,0.11813746664899791,-0.061210411730234164,241
fixation,0.524,0.09717384928329269,-0.04901214996565229,241
fixation,0.528,0.08184010287697804,-0.04342995665152776,241
fixation,0.532,0.07331049742476711,-0.0457237191529096,241
fixation,0.536,0.06820424408431874,-0.053573235767712654,241
fixation,0.54,0.06081758664213201,-0.061823806025493734,241
fixation,0.544,0.048086713610760126,-0.06588801965622944,241
fixation,0.548,0.03300947816332406,-0.06446923341008237,241
fixation,0.552,0.02326035641901395,-0.05964449858220704,241
fixation,0.556,0.025762309591815427,-0.05521544392473379,241
fixation,0.56,0.04176694208953924,-0.05504680170431529,241
fixation,0.5640000000000001,0.06689766073878002,-0.061614517959434546,241
fixation,0.5680000000000001,0.0948878897525669,-0.0747609675787483,241
fixation,0.5720000000000001,0.12044022819474032,-0.09121609398517021,241
fixation,0.5760000000000001,0.14036850447749277,-0.10546237791542097,241
fixation,0.58,0.15353273625981867,-0.11144177889052374,241
fixation,0.584,0.15971100799012214,-0.1042345030247977,241
fixation,0.588,0.15937389539588842,-0.08250564498881294,241
fixation,0.592,0.155419820245696,-0.051154613587663156,241
fixation,0.596,0.15404794429942842,-0.02035429432398437,241
fixation,0.6,0.1616215177866072,-0.00015714889285145485,241
fixation,0.604,0.17919769804653665,0.004145732079563412,241
fixation,0.608,0.19974287706031016,-0.007206966584683441,241
fixation,0.612,0.21206234561898155,-0.02928653527863957,241
fixation,0.616,0.20917972816690727,-0.05461725716232697,241
fixation,0.62,0.1917238392352371,-0.07664631186894218,241
fixation,0.624,0.16413626463040645,-0.09178083190217425,241
fixation,0.628,0.13059652817240522,-0.09918262291767993,241
fixation,0.632,0.09488464215264836,-0.09978727034024626,241
fixation,0.636,0.06266857810451333,-0.09632368170805915,241
fixation,0.64,0.04134120093022858,-0.09398940907130855,241
fixation,0.644,0.03639967921908212,-0.09907710198972965,241
fixation,0.648,0.049166591336949006,-0.11562355676411111,241
fixation,0.652,0.0771427546100001,-0.14228547653911944,241
fixation,0.656,0.11486892075180946,-0.171058836337518,241
fixation,0.66,0.1551204303566085,-0.1911814225785431,241
fixation,0.664,0.19201157705372257,-0.1970529340804752,241
fixation,0.668,0.2219476421295964,-0.18951707827043754,241
fixation,0.672,0.24060067537296775,-0.17150394396722363,241
fixation,0.676,0.2431633651682062,-0.14760535624284443,241
fixation,0.68,0.2293338751445305,-0.12518432082374698,241
fixation,0.684,0.20493031069104034,-0.11128726032268486,241
fixation,0.6880000000000001,0.17812083903273962,-0.10848606829237029,241
fixation,0.6920000000000001,0.15611672395200574,-0.1139492089803028,241
fixation,0.6960000000000001,0.14344992006348128,-0.12143909224084956,241
fixation,0.7000000000000001,0.14042563964038357,-0.12510125876979147,241
fixation,0.704,0.14314707809807867,-0.12274525511676121,241
fixation,0.708,0.14591178609954822,-0.11614281820880408,241
fixation,0.712,0.14373296975224867,-0.10907606354918035,241
fixation,0.716,0.13426694580914753,-0.10517844028194852,241
fixation,0.72,0.11976165273831173,-0.10627057673254818,241
fixation,0.724,0.10662708653166872,-0.11162355366818402,241
fixation,0.728,0.1013729880981532,-0.11885762654828903,241
fixation,0.732,0.10677302917019287,-0.12587911105655053,241
fixation,0.736,0.12092360707246451,-0.13235804920608876,241
fixation,0.74,0.13853619673920237,-0.1398115226342844,241
fixation,0.744,0.15362304678789754,-0.15048468821192332,241
fixation,0.748,0.16230354967689373,-0.16561979642068098,241
fixation,0.752,0.16364608072231154,-0.18345948098752748,241
fixation,0.756,0.15915805883412287,-0.1987585135088731,241
fixation,0.76,0.15228492668855137,-0.20594881461874956,241
fixation,0.764,0.14686201884325967,-0.20315457646689858,241
fixation,0.768,0.1452724934263077,-0.19281610292946855,241
fixation,0.772,0.14811101479415917,-0.17984700958011265,241
fixation,0.776,0.15443457287892992,-0.16892808337339915,241
fixation,0.78,0.16191845456960843,-0.16227336831090128,241
fixation,0.784,0.16727451707648314,-0.15949123568935777,241
fixation,0.788,0.1667978110075993,-0.15890906688271747,241
fixation,0.792,0.1578153457703216,-0.15904443580773997,241
fixation,0.796,0.14134888438655296,-0.15951828272674182,241
fixation,0.8,0.12308493703115497,-0.16036527147053953,241
fixation,0.804,0.11079868095740815,-0.1601410175080225,241
fixation,0.808,0.11027422773640662,-0.15583446837236145,241
fixation,0.812,0.12192438047369254,-0.1459087648929578,241
fixation,0.8160000000000001,0.1400918883497993,-0.13271135324960076,241
fixation,0.8200000000000001,0.15535829540549254,-0.12094027890227073,241
fixation,0.8240000000000001,0.15881602091115662,-0.11460936969031145,241
fixation,0.8280000000000001,0.1479362340669085,-0.11508251143442426,241
fixation,0.8320000000000001,0.12869208457793796,-0.12040235106894484,241
fixation,0.836,0.11045335945088396,-0.12611533450436507,241
fixation,0.84,0.0997042831405653,-0.12742534118825855,241
fixation,0.844,0.09728928923909888,-0.12197848564785307,241
fixation,0.848,0.09939605642484392,-0.11151719548211934,241
fixation,0.852,0.10134338428267776,-0.10048843450501357,241
fixation,0.856,0.10152950809825895,-0.09256765272888418,241
fixation,0.86,0.10230643778360676,-0.08837963541982648,241
fixation,0.864,0.10733747012506126,-0.0860385835117649,241
fixation,0.868,0.11767790324513888,-0.08356569225193358,241
fixation,0.872,0.12988333103885333,-0.08111907518377455,241
fixation,0.876,0.1385634014235886,-0.08105326304125945,241
fixation,0.88,0.14077813025536212,-0.08588208659705476,241
fixation,0.884,0.13733294335271923,-0.09681919318478852,241
fixation,0.888,0.1309077636299436,-0.11408685710030071,241
fixation,0.892,0.12350493266668264,-0.13698688052345367,241
fixation,0.896,0.11482510161554631,-0.1624230301437222,241
fixation,0.9,0.10330591173802038,-0.18488232484164718,241
fixation,0.904,0.08907837849461182,-0.20062728970570393,241
fixation,0.908,0.0742914725173354,-0.20915740228796773,241
fixation,0.912,0.06173029958583372,-0.20930099560181076,241
fixation,0.916,0.054780454588258094,-0.19850931076706377,241
fixation,0.92,0.05691100394431506,-0.1771472214753796,241
fixation,0.924,0.06957948326590514,-0.1512588389709112,241
fixation,0.928,0.09068720434796569,-0.12938514684053798,241
fixation,0.932,0.11532749339479342,-0.1175137325934246,241
fixation,0.936,0.1377935100855906,-0.11741112945828047,241
fixation,0.9400000000000001,0.15323937698617204,-0.1278278839917078,241
fixation,0.9440000000000001,0.15883760035284253,-0.1456343971071092,241
fixation,0.9480000000000001,0.1548873518900103,-0.1659981846513286,241
fixation,0.9520000000000001,0.14528578662536742,-0.18346274959291275,241
fixation,0.9560000000000001,0.1355205419705895,-0.19468363945886547,241
fixation,0.96,0.12883558822247518,-0.19984262569770844,241
fixation,0.964,0.12458604882532051,-0.20166882682480353,241
fixation,0.968,0.12015993150552151,-0.2034036144480322,241
fixation,0.972,0.11392829076584611,-0.20597859434781066,241
fixation,0.976,0.1063430520058514,-0.20655291108121157,241
fixation,0.98,0.09885109424437324,-0.20086299508455058,241
fixation,0.984,0.0922257003666837,-0.18660372840949496,241
fixation,0.988,0.08626724169905324,-0.16459597124666178,241
fixation,0.992,0.08131953459340542,-0.13869628283120483,241
fixation,0.996,0.07924525028504303,-0.11387175664470997,241
fixation,1.0,0.08198859339686566,-0.09287351626769721,241
